img_name,text_descriptions
image_1.jpg,toy story meme - toy story meme toy story meme
image_10.png,a cartoon drawing of a group of people in front of a blackboard
image_100.jpg,yo yo yo yo yo yo yo yo yo yo yo yo yo yo yo yo yo yo yo yo yo
image_1000.png,two men sitting at a table with the capt in front of them
image_1001.png,an image of a man in a police uniform
image_1002.png,an image of a man sitting on a couch
image_1003.png,an image of a man in a suit pointing his finger at the camera
image_1004.png,a man in a tuxed tuxed tuxed tuxed tuxed tuxed tuxed
image_1005.jpg,a man in a suit holding an award
image_1006.png,two people are laughing and one is holding a cigarette
image_1007.jpg,a man in a suit and tie with his hands out
image_1008.png,a black and white photo of a man in a suit
image_1009.png,an image of a man in a suit holding a trophy
image_101.jpg,a baby sitting on the ground
image_1010.png,a man in a suit and tie is looking at the camera
image_1011.png,a picture of a young man with blonde hair
image_1012.png,an image of a man in a trash can
image_1013.png,a man in a suit and tie is looking at the camera
image_1014.png,two boys holding bowling balls in their hands
image_1015.png,a picture of two men in suits talking to each other man
image_1016.jpg,two men in suits standing next to each other men
image_1017.png,"an image of a woman looking at the camera with text that reads, when you go double text and see"
image_1018.jpg,a man in a tuxed tuxed tuxed tuxed tuxed tuxed tuxed tuxed
image_1019.jpg,a man in a tuxed tuxed tuxed tuxed tuxed tuxed tuxed tuxed tuxed tuxed tuxed tuxed
image_102.jpg,a baby in a suit with a santa clause on it ' s chest
image_1020.png,a man in a tuxed tuxed tuxed tuxed tuxed tuxed tuxed tuxed
image_1021.png,a crowd of people at a concert with the capt that reads what if the mes about leonard died in
image_1022.png,an image of a man in a suit and tie
image_1023.png,an image of a dog in the back of a bus
image_1024.png,a man with a beard and glasses next to a man with a beard
image_1025.jpg,a man in a white suit holding a microphone
image_1026.jpg,a man in a tuxed tuxed tuxed tuxed tuxed tuxed
image_1027.jpg,a man in a suit sitting on a couch
image_1028.jpeg,this meme is not dying
image_1029.jpg,the president and first lady are walking down the street
image_103.png,"a pink background with text that reads, i ' m ' m ' m ' m ' m ' m"
image_1030.jpg,a man and a woman walking down the street
image_1031.jpg,a woman yelling at a man in an office
image_1032.jpg,a man and woman looking at their cell phones
image_1033.jpg,"a man and woman sitting on a couch, one pointing at the other man"
image_1034.jpg,a man and woman standing next to each other people
image_1035.jpg,a neon sign that reads beard of the mommy of the possible
image_1036.jpg,a man and woman standing next to each other people
image_1037.png,a man and woman hugging in the street
image_1038.png,a man and woman walking down the street
image_1039.jpg,people of the future
image_104.png,i make you a cer you can ' t refuse
image_1040.png,a man and woman walking down a city street
image_1041.jpg,a couple standing next to each other people
image_1042.png,a man in a blue shirt and tie pointing at the camera
image_1043.jpg,her he ' s probably thinking about her him
image_1044.jpg,a man and woman holding a baby in their arms
image_1045.jpg,a man and woman standing next to each other people
image_1046.jpg,a group of young people walking down the street
image_1047.jpg,a woman in a spider suit is standing next to a spider
image_1048.jpg,"two women sitting at a table looking at a laptop with the capt that reads, and that ' s shocking"
image_1049.png,an image of two people walking down the street
image_105.png,a little boy in a suit and top hat holding a baseball bat
image_1050.png,a cartoon picture of a man in a suit and tie
image_1051.png,"an image of a man with a beard and a capt that reads, ' new boyfriend boyfriend boyfriend boyfriend girlfriend boyfriend boyfriend boyfriend boyfriend boyfriend boyfriend boyfriend"
image_1052.png,a man is standing in front of a building
image_1053.jpg,a man and woman walking down the street in the rain
image_1054.jpg,two pictures of people walking down the street
image_1055.jpg,a drawing of a man with a beard and a beard on his head
image_1056.jpg,a bald bald man pointing his finger at the camera
image_1057.jpg,a man in a suit is pointing at the camera
image_1058.jpg,an image of a man with a red and white flag on his face
image_1059.jpg,an image of a man in a suit hugging another man in a suit
image_106.jpg,a man in a tuxed tuxed tuxed tuxed
image_1060.jpg,a picture of a person holding a bottle
image_1061.jpeg,next time spacex will launch a giant laser laser
image_1062.jpg,a man in a suit and tie holding his hands up
image_1063.jpg,an image of a man with his hands in the air
image_1064.png,an image of a man in a grey shirt
image_1065.png,a man in a suit and tie with the words meme
image_1066.jpg,a man in a suit sitting at a table with a cigarette in his mouth
image_1067.jpg,an image of a man in a suit with his hands up
image_1068.jpeg,a group of people laughing and laughing together
image_1069.jpg,a man in a suit sitting at a table
image_107.jpg,a man in a mexican hat playing a guitar
image_1070.jpg,a child in a lab coat standing in front of a computer
image_1071.jpg,a picture of a man in a white shirt with the words fire the laser
image_1072.jpg,a black and white image of a man with his hands in the air
image_1073.jpg,"a picture of a man in a white shirt with the capt that says, i ' m ' s not"
image_1074.jpg,"a picture of a man in a white shirt with the capt that says, people say over the earth is"
image_1075.jpg,an image of a man with a cigarette in his mouth
image_1076.jpg,a man sitting at a table with a laptop
image_1077.jpg,a man in a suit smoking a cigarette
image_1078.jpg,a black and white photo of a man in a suit
image_1079.jpg,an image of a man in a suit with his hands out
image_108.jpg,hey hey hey hey hey hey hey hey hey hey hey hey hey hey hey hey
image_1080.jpg,a man in a suit and tie with the capt that says cash outside how but no
image_1081.jpg,a man standing in front of a red background
image_1082.png,a picture of a man with glasses and a hoodie
image_1083.jpg,"a baby in a car seat with the capt that says, if you want to be a baby, you"
image_1084.jpg,two small dogs sitting next to each other dogs
image_1085.png,an image of a group of people in a col
image_1086.jpg,` ` ` ` ` ` ` ` ` ` ` ` ` ` ` ` ` ` ` ` ` ` ` ` ` ` ` ` ` ` ` ` ` ` ` ` ` ` ` ` ` ` `
image_1087.jpg,a man sitting at a table in front of a tv
image_1088.png,a group of people standing in front of a painting
image_1089.jpg,an image of a man in a suit and tie
image_109.jpg,a group of people sitting at a table in a restaurant
image_1090.png,a picture of a man in a suit and some other people
image_1091.jpg,a man in a suit and tie is speaking into a microphone
image_1092.jpg,a car driving down a dirt road next to a sign that says ` ` ` ` ` ` ` ` ` ` ` ` ` ` ` ` ` ` ` ` ` ` ` ` ` ` ` ` ` ` ` ` ` ` ` ` `
image_1093.jpg,a man in a suit sitting on top of a chair
image_1094.jpg,an image of a man with a gun in his hand
image_1095.png,"an image of a man in a white shirt with the words, ` ` ` ` ` ` ` ` ` ` ` ` ` ` ` ` ` ` ` ` ` ` ` ` ` ` ` ` ` ` ` ` ` `"
image_1096.png,a picture of a man with a cigarette in his mouth
image_1097.jpg,a man and woman standing next to each other people
image_1098.png,a store window with a sign that says it ' s over the lotterys
image_1099.png,a baby laying on top of a white towel
image_11.jpg,a group of people standing around each other people
image_110.jpg,a man in a suit leaning against a wall
image_1100.jpg,a group of people standing in front of a tv
image_1101.jpg,a man in uniform talking to another man in uniform
image_1102.png,one hundred billion billion billion billion billion billion billion billion billion billion billion billion billion billion billion billion billion
image_1103.jpg,a man in a suit is making a funny face
image_1104.png,a picture of two men with the words who would win?
image_1105.png,a man sitting in a train looking at his phone
image_1106.png,a man sitting on a train looking at his phone
image_1107.png,a man sitting in a chair with his hands up
image_1108.png,a woman in a white shirt and a man in a white shirt
image_1109.png,i was going through my mom ' s high school photos
image_111.jpg,the big bang bang bang bang bang bang bang bang bang bang bang bang bang bang bang bang bang bang bang
image_1110.png,a picture of a man with long hair and glasses
image_1111.png,a man in a suit and tie talking to another man in a suit
image_1112.png,a picture of a car with the words vegtt devil you ' veg
image_1113.png,we lost the mail we lost the mail we lost the mail we lost the mail
image_1114.jpg,a black and white photo of a man in a suit
image_1115.png,"an image of a man in a blue suit with the capt that reads, when you ' ret someone"
image_1116.jpg,a baby sitting at a table with a glass of beer
image_1117.jpeg,an image of a baby with a cell phone
image_1118.png,a man and woman talking to each other people
image_1119.jpg,a baby sitting at a table with a glass of beer
image_112.jpg,the twilight movie scene with robert and kristen
image_1120.jpg,a baby sitting at a table with a glass of beer
image_1121.jpg,a child sitting at a table with a glass of beer
image_1122.jpg,a baby sitting at a table with a glass of beer
image_1123.jpg,a man holding a glass of beer in his hand
image_1124.jpeg,a baby sitting on the ground next to a motorcycle
image_1125.jpg,a baby crying in the park
image_1126.jpg,a baby is sleeping next to a bottle of wine
image_1127.png,are you drunk because now?
image_1128.jpg,a little boy sitting at a table eating food
image_1129.jpg,a baby sitting at a table with a box of pizza
image_113.jpeg,a man in a suit leaning against a wall
image_1130.jpg,a kid in a green shirt sitting on a blue and purple background
image_1131.jpg,a man holding a baby in his arms
image_1132.jpg,a baby sitting at a table with a glass of beer
image_1133.jpg,a baby in a pink hat with a tag on it
image_1134.jpg,a card with a picture of a baby on it
image_1135.jpg,a baby sitting at a table with a glass of beer
image_1136.jpg,a baby sitting at a table with a glass of beer
image_1137.jpg,a baby sitting at a table with a glass of beer
image_1138.jpg,success kid mememe - success kid meme success kid
image_1139.jpg,drunk baby meme - drunk baby meme
image_114.jpeg,a man in a suit and tie holding a wine glass
image_1140.jpg,"it ' s okay, it ' s okay, it ' s okay, it ' s okay, it ' s okay, it ' s okay"
image_1141.jpg,a baby in a green shirt sitting on a purple and blue background
image_1142.jpg,a baby sitting in front of a glass of beer
image_1143.png,a black and white photo with the words drunk
image_1144.png,a baby sitting at a table with a glass of beer
image_1145.jpg,a baby sitting at a table with a glass of beer
image_1146.jpg,ok ok ok ok ok ok ok ok ok ok ok ok ok ok ok ok ok ok ok ok ok
image_1147.jpg,a baby sitting at a table with a glass of beer
image_1148.jpeg,"an image of a baby with the capt that says, i don ' t know what you ' reting"
image_1149.jpg,a baby sitting at a table with a glass of beer
image_115.jpg,a man in a suit and tie standing next to a castle
image_1150.png,"a pokemon meme with the capt that reads, ' me noo never '"
image_1151.png,a baby wearing a pink headband with the words off
image_1152.png,a baby in a green hat is sitting on a chair
image_1153.png,you mean to tell that sons don ' t really sound like trains? - you mean to tell that sons don ' t really sound like trains
image_1154.jpg,a little girl standing in front of a fire
image_1155.png,the baby is crying
image_1156.png,a group of people sitting on a porch
image_1157.png,a group of people toasting with drinks in their hands
image_1158.jpg,a man that is painting on a ease
image_1159.png,a bunch of blue and white vases sitting on a table
image_116.jpeg,"what if i said, what if i said, what if i said, what if i said, what if i said"
image_1160.png,a little boy sitting at a table with a plate of food
image_1161.jpg,a woman with red hair and glasses holding a cell phone
image_1162.jpg,complains only about the alege cling has nothing at all to say out the glass cling
image_1163.jpg,a woman with red hair and glasses in front of a rainbow colored background
image_1164.jpg,a man talking on the phone in front of a building
image_1165.jpg,a man sitting at a table with a bottle of beer
image_1166.jpeg,two pictures of a woman with red hair and glasses
image_1167.jpeg,"a cartoon character standing in front of a green wall with the capt that reads, ` when you ' re"
image_1168.jpeg,a group of people walking down a street
image_1169.png,a yellow background with watermels and a pink frame
image_117.jpg,y y y y y y y y y y y y y y y y y y y y y y y y y y y y
image_1170.png,what if i do what if i do what if i do what if i do what if i do what
image_1171.jpg,make a feminist joke on imr to light the mood fuck me right? person
image_1172.jpg,a black and white photo of a man holding a camera
image_1173.jpg,a man and a woman talking to each other people
image_1174.jpg,a pink background with white text on it
image_1175.jpg,a woman with red hair and glasses standing in the street
image_1176.jpg,a woman holding a sign in front of a church
image_1177.jpg,a woman with short blonde hair and a black shirt is standing in front of a mirror
image_1178.jpg,a woman with red hair wearing glasses and a white shirt
image_1179.jpeg,"a text that reads, ` ' everyone google search and you can ' t know how i ' m '"
image_118.jpg,be awesome men ' s t - shirt by be awesome
image_1180.jpeg,a man sitting in front of a blackboard with the capt that says it ' s things feminist think right
image_1181.jpg,let the kitchen to my times person
image_1182.png,a man to me have a gody triggered - a man to me have a gody triggered sc
image_1183.jpg,"what if i told you, you aren ' t always you ' re - what if i told you?"
image_1184.jpg,a black and white photo of a woman with her hands in the air
image_1185.jpg,"a picture of a dog with the capt that says, what do you call a woman?"
image_1186.jpg,a man sitting at a desk with his head in his hands
image_1187.jpg,an image of a man with his mouth open
image_1188.jpg,a cartoon drawing of a man with a heart on his chest
image_1189.jpg,a screenshot of a white text on a white background
image_119.jpg,a picture of a man in a suit and tie
image_1190.jpg,a woman in a blue suit and black shirt
image_1191.jpg,a dog wearing glasses with the words calling al anti - feminist meme
image_1192.jpg,two women holding signs that say i stand with planned parenthood
image_1193.jpg,a group of people standing next to each other people
image_1194.jpg,an image of a man with long hair and a mustache
image_1195.jpg,a woman with her hands up in the air
image_1196.jpg,a man wearing a crown and holding a gun in his hand
image_1197.jpg,a woman wearing glasses and a black shirt
image_1198.jpg,a girl with long hair wearing glasses and a flower crown
image_1199.jpg,no time for some sportss on
image_12.jpg,the white house dining room in the white house
image_120.jpg,a man in a suit talking to another man in a suit
image_1200.png,you dont understand the dictionary definition of feminism - overly girl
image_1201.jpg,a cartoon drawing of a person wearing a yellow shirt
image_1202.png,a man in a white shirt and tie sitting on a couch
image_1203.jpg,a picture of a girl with long brown hair
image_1204.jpg,a man with glasses and a black shirt
image_1205.jpg,a black and white cat laying on the floor
image_1206.jpg,a little girl holding an owl on her arm
image_1207.png,a girl with the capt that reads feminism feminism feminism feminism feminism feminism feminism feminism feminism feminism feminism feminism feminism feminism
image_1208.png,feminism vs feminism feminism feminism feminism feminism feminism feminism feminism feminism feminism feminism feminism feminism feminism feminism feminism feminism feminism feminism
image_1209.jpg,a man and woman standing next to each other person
image_121.jpg,a picture of a man in a suit holding a glass
image_1210.jpg,a woman with red hair wearing glasses and a white jacket
image_1211.jpg,what if i do what if i do what if i do what if i do what if i do what
image_1212.jpg,an image of a woman with her mouth open
image_1213.jpg,a person drinking tea on the balcony of a house
image_1214.jpg,a black and white photo of a man in a tuxed suit
image_1215.jpg,"an image of a woman standing in front of a sign that says, ' only respect women are attracted to"
image_1216.jpg,a predator with its mouth open and the capt below
image_1217.jpg,a man and woman standing on top of a baseball field
image_1218.jpg,"an image of a woman with a pink background and text that reads, ' i can ' t stand it"
image_1219.jpg,a woman with red hair wearing glasses and a white shirt
image_122.png,a man in a tuxed tuxed tuxed tuxed tuxed tuxed
image_1220.jpg,"a tweet with the capt that reads, ' friends hate '"
image_1221.jpg,a man with glasses and a quote on it
image_1222.png,a group of people standing in front of a crowd
image_1223.jpg,"a picture of a woman with long blonde hair and the capt says, ` ` ` ` ` ` ` ` ` ` ` ` ` ` ` ` ` ` ` ` ` ` ` ` ` ` ` ` ` ` ` ` ` ` ` `"
image_1224.jpg,a cartoon drawing of the different types of fire
image_1225.jpg,a woman sitting at a table in front of a microphone
image_1226.jpg,hey hey hey hey hey hey hey hey hey hey hey hey hey
image_1227.jpg,a man with tattoos standing in front of a building
image_1228.jpg,the twee twee twee twee twee twee twee twee twee twee twee twee twee t
image_1229.jpg,"a woman in a police uniform and a man in a police uniform holding up a sign that says, `"
image_123.png,a man in a suit sitting on a couch
image_1230.jpg,a black and white photo of a man with a quote on it
image_1231.jpg,one of the benefits of marrying emi
image_1232.jpg,a man and a woman sitting at a table
image_1233.png,a woman holding up a sign with the words emma watson ' s hiding subway
image_1234.png,an image of a white sheet with the words ' i always for people who are afraid to see what they
image_1235.jpg,"the title for nevertheless, sherised"
image_1236.jpg,an image of a woman with red hair and glasses
image_1237.png,a woman sitting at a table with a man in the background
image_1238.jpg,` ` ` ` ` ` ` ` ` ` ` ` ` ` ` ` ` ` ` ` ` ` ` ` ` ` ` ` ` ` ` ` ` ` ` ` ` ` ` ` ` ` `
image_1239.jpeg,` ` ` ` ` ` ` ` ` ` ` ` ` ` ` ` ` ` ` ` ` ` ` ` ` ` ` ` ` ` ` ` ` ` ` ` ` ` ` ` ` ` ` `
image_124.png,a picture of a man in a suit and tie
image_1240.jpg,a man sitting at a table with a woman in front of him
image_1241.jpeg,a picture of a woman in a black dress
image_1242.jpg,an image of a woman with a funny expression on her face
image_1243.jpg,a picture of a man in a suit and tie
image_1244.jpg,a man with a beard standing in front of a tree
image_1245.jpg,a man in a leather jacket and sunglasses standing next to another man
image_1246.jpg,a woman in a black jacket with a green bag
image_1247.jpg,a painting of a man and woman standing next to each other people
image_1248.jpg,one does one does one does one does one does one does one does
image_1249.png,"a circle with the words feminist, feminist, feminist feminist, feminist feminist feminist feminist feminist feminist feminist feminist feminist"
image_125.jpg,a man in a suit and tie standing in front of a building
image_1250.png,a man with a pink heart on his face
image_1251.png,a man and woman sitting at a table in front of a laptop
image_1252.png,quiz who ' s sex and the city ' s style of interaized misy are you?
image_1253.jpg,a man with his mouth open and the capt in the middle
image_1254.png,an image of a woman with curly hair and a white shirt
image_1255.jpg,a man in a plaid shirt and hat pointing at the camera
image_1256.jpg,"when women support others, others, others, others, others, others"
image_1257.jpg,a woman holding a globe in her hand
image_1258.jpg,a woman with a smile on her face
image_1259.jpg,"a woman holding up a sign that says, as general reading, i need feminism signs"
image_126.jpg,a man and woman sitting at a table
image_1260.png,an image of a soccer player with a quote on it
image_1261.png,a woman wearing a white hat and smiling
image_1262.png,a woman in a chef ' s hat holding a piece of paper
image_1263.jpg,a woman walking down the street with a gun
image_1264.jpg,a woman in a pink shirt is making a funny face
image_1265.jpg,me following music 2 give a false sense of confidence and control my life even i ' m
image_1266.jpg,a couple kissing in front of a crowd
image_1267.jpg,a man in an apron holding a plate of food
image_1268.jpg,an image of sponge and patrick fighting over each other sponge
image_1269.jpg,conspiracy conspiracy conspiracy conspiracy conspiracy conspiracy conspiracy conspiracy conspiracy conspiracy conspiracy conspiracy conspiracy
image_127.jpg,a man in a suit and tie smiles at the camera
image_1270.jpg,two boys sitting at a table with drinks
image_1271.jpg,no one ever asked how i was doing person
image_1272.jpg,the big bang bang bang bang bang bang bang bang bang bang bang bang
image_1273.jpg,a group of children sitting in front of a book
image_1274.jpg,"a girl with her hair in the middle of her head and the capt says, ` ` ` ` ` are we friends? '"
image_1275.jpg,a col col col col col col col col col col col col col col col col col col col col
image_1276.jpg,a cartoon image of superman and superman flying in the air
image_1277.jpg,"two pictures of a girl and a boy, with the capt that reads, sayings to friends, saying"
image_1278.jpg,a man holding a glass with a drink in it
image_1279.jpg,two girls in white hats and sunglasses posing for the camera
image_128.jpg,a man in a white jacket standing next to a fence
image_1280.jpg,a man and woman sitting on a couch talking to each other people
image_1281.jpg,an illustration of a dinosaur with the words ' all my friends are dead '
image_1282.jpeg,"a man laying in a bathtub with the capt that reads, after you check nap and the whole squad"
image_1283.jpg,a man and a woman sitting on a motorcycle
image_1284.jpg,"three girls sitting on a bench with the capt that says, ` ` ` ` ` ` ` ` ` ` ` ` ` ` ` ` ` ` ` ` ` ` ` ` ` ` ` ` ` ` ` ` ` ` ` ` ` `"
image_1285.jpeg,a group of people standing next to each other people
image_1286.jpg,an image of a man with a beard and a quote on it
image_1287.jpg,"an image of a cartoon character sitting in a chair with the capt that says, it ' s not enough"
image_1288.png,a man sitting at a table in a restaurant
image_1289.jpeg,a cartoon character in a helmet with text that reads when you ' ret friends make fun your skills at video games
image_129.jpg,a man in a suit and tie holding a glass of wine
image_1290.jpg,can ' t berayd if you have no friends - can ' t berayd if you have no friends black guy
image_1291.jpg,a woman in a purple dress with four pictures of her
image_1292.jpg,a man with a flower in his hand
image_1293.jpg,a girl with her friend
image_1294.jpg,a picture of a man singing into a microphone
image_1295.jpg,an image of a child wearing glasses and pointing at the camera
image_1296.jpg,a person holding a red hat in their hand
image_1297.jpg,a drawing of a smiley face with the words when you send your friends mes that they already sent
image_1298.jpg,two women talking to each other women in a kitchen
image_1299.jpg,a man sitting at a table with a box of food
image_13.png,a man in a blue shirt smiles at the camera with a picture of a yo yo yo yo yo yo
image_130.png,a man in a suit with his hand on his head
image_1300.jpg,a group of people standing next to each other people
image_1301.jpeg,a young boy sitting in front of a television
image_1302.jpeg,a bear that is sitting on top of a log
image_1303.jpg,the big bang bang bang bang bang bang bang bang bang bang bang bang bang bang bang bang bang
image_1304.jpg,a man sitting in front of a mirror looking at his phone
image_1305.jpg,a woman ' s ear with the words be careful with who you are in
image_1306.jpg,a dog standing next to a cat on a dog bed
image_1307.png,a couple of minions with the words best friends
image_1308.jpg,you can ' t have a friend if you don - you can ' t have a friend if you don
image_1309.jpg,a black and white photo of two women standing next to each other women
image_131.jpg,a man sitting on top of a couch next to an image of sm and sm
image_1310.jpg,"a picture of a toy story with a capt that reads, i ' ll ' ll ' ll ' ll"
image_1311.jpg,a girl pushing a yellow suitcase down the stairs
image_1312.jpeg,a woman in a wedding dress with a veil
image_1313.jpg,a dog with its head in the corner of a wall
image_1314.jpg,a man sitting in a green car with the door open
image_1315.jpg,an image of a man crying with his eyes closed
image_1316.png,when all your friends are getting married and you ' re
image_1317.jpg,i may play the fool times but i ' m - i may play the fool times but i ' m i may play the fool times but
image_1318.jpg,two men sitting on a couch talking to each other men
image_1319.jpg,"a man in a black jacket and white shirt with the capt that reads, when you ' reting your"
image_132.png,a man in a suit standing next to a basketball hoop
image_1320.png,a man and woman sitting next to each other people
image_1321.jpeg,donald and hillary face to face with the president
image_1322.jpg,an image of a woman laughing with the words fake as friends? an body of the rat
image_1323.jpg,after graduate drop all the fake friends like - after graduate drop all the fake friends like mis
image_1324.jpg,a little girl that is standing in front of a fire
image_1325.jpg,a col col col col col col col col col col col
image_1326.jpg,"a meme with the capt that says, ` ` ` ` ` ` ` ` ` ` ` ` ` ` ` ` ` ` ` ` ` ` ` ` ` ` ` ` ` ` ` ` ` ` ` ` ` ` ` ` `"
image_1327.jpg,a girl with long brown hair and a quote on her face
image_1328.jpg,a guy with a cigarette in his mouth
image_1329.jpg,a man in a suit and tie holding a piece of paper
image_133.jpg,a man in a suit holding a glass of wine
image_1330.png,a woman hugging a man in a kitchen
image_1331.jpg,a man in a leather jacket talking to another man
image_1332.jpg,a man laying on a couch with a blanket over his head
image_1333.jpg,a man in a red shirt holding his head
image_1334.jpg,"two minions minions minions, minions quotes, minions birthday, minions party, minions party, minions birthday, minions"
image_1335.png,a woman laying on top of a bed with her eyes closed
image_1336.jpg,a man holding a bottle of beer in his hand
image_1337.jpg,a black and white photo of people in a crowd
image_1338.png,two women sitting on a couch in a living room
image_1339.jpg,gets injured of his friend they ' ve - gets injured of his friend they ' ve bad luck kid
image_134.jpg,a man in a suit holding up a glass
image_1340.jpeg,good friends know each other things sticker
image_1341.jpg,a man in a blue shirt with a cigarette in his mouth
image_1342.jpg,a group of smiley faces with the words ' happy ' and ' friends '
image_1343.jpg,i got no friends
image_1344.png,a group of dolls sitting next to each other dolls
image_1345.jpg,a black and white photo with the words if you have crazy friends you have everything
image_1346.jpg,a man and woman sitting on top of a couch
image_1347.jpeg,the big bang bang bang bang bang bang bang bang bang bang bang bang bang bang bang bang bang bang bang
image_1348.jpeg,a painting of a man in a hat pointing at the camera
image_1349.png,an image of a woman in a pink dress with a quote on it
image_135.jpg,a man in a suit holding a glass of champagne
image_1350.png,a group of people that are laughing together
image_1351.png,a group of people sitting on top of a train
image_1352.jpg,a man with blonde hair and a red shirt is looking at the camera
image_1353.jpg,a man with a tattoo on his head
image_1354.jpg,two women standing next to each other woman
image_1355.jpg,a man in a suit with a blue circle on his face
image_1356.png,two pictures of a man and a woman with their mouths open
image_1357.jpg,a man in a blue shirt is talking to a woman in a blue shirt
image_1358.png,"two girls sitting in a car with the capt that reads, me and my friends way to walenss"
image_1359.png,meme when i ' m in my best friends house i ' m ' m in my best friend
image_136.jpg,a woman with glasses and a green shirt
image_1360.jpg,"a pink card with the words kindergarten, day two who ' d ' y with a daughter?"
image_1361.png,a cat standing in the middle of a road
image_1362.png,"a picture of a man in a white shirt with the capt that reads, you lift up???"
image_1363.jpg,a cat laying on top of a wooden chair
image_1364.jpg,a sponge sponge sponge sponge sponge sponge sponge sponge sponge sponge sponge sponge
image_1365.jpg,an image of a man with red hair and glasses
image_1366.png,"a woman in a yellow top with the words, best friends and best friends"
image_1367.jpg,a man with his mouth open in front of a tv screen
image_1368.jpg,a girl with her hair blowing in the wind
image_1369.png,the walking dead meme
image_137.jpg,a man in a suit sitting on a red chair
image_1370.png,a picture of a woman with glasses on her face
image_1371.png,me can wait to make new friends at the new school
image_1372.png,tag your friend whos ext on flirting
image_1373.jpg,jesus and he clone
image_1374.jpg,the train is coming out of the tunnel
image_1375.jpg,a picture of a thomas the tank train
image_1376.jpg,"a cartoon character sitting in a train with the capt that says, ` ` ` ` ` ` ` ` ` ` ` ` ` ` ` ' ` ` ` ` ` ` ` ` ` ` ` ` ` ` ` ` ` ` ` ` `"
image_1377.png,an image of a man wearing a top hat and bow tie
image_1378.jpg,a picture of a man in a suit and hat
image_1379.png,"a quote that says, ' we are best friends because they have the best friends '"
image_138.jpg,a man in a suit leaning against a wall
image_1380.jpg,a man in a suit and bow tie sitting on a couch
image_1381.png,"friends, friends, and friends friends friends friends friends friends friends friends friends friends friends friends friends friends friends friends"
image_1382.jpg,a man in a red shirt pointing at the camera
image_1383.jpg,a picture of a man in a purple suit with the capt that says you constantly judge
image_1384.jpg,"oh, you take adela? you must have really bad"
image_1385.png,my awesome memext my awesome memext
image_1386.png,an image of a man in a top hat and bow tie with the capt that reads when you ' re
image_1387.png,an image of a man wearing a top hat with the words we are musicians
image_1388.jpg,a group of horses standing next to each other horses
image_1389.png,a group of people standing in front of a crowd with their hands up
image_139.jpg,a col col col col col col col col col col col col col col
image_1390.png,memes memes memesmesmesmesmesmesmesmesmesmesmesmesmesmesmesmesmesmesmesmesmesmesmesmesmesmesmesmesmesmesmesmesmesmesmesmesmesmesmesmesmesmesmesmesmes
image_1391.png,a man and woman sitting on an airplane with the words we have that guy friend listen
image_1392.png,a man holding a cup with the words we all have friends who makes sexual
image_1393.png,a man in a red suit drinking from a bottle
image_1394.png,a man in a blue shirt talking to another man in a blue shirt
image_1395.jpg,two young girls hugging in front of a wall
image_1396.jpg,"a cartoon character with the capt that reads, ` when you ' ret ' s hungry on a trip"
image_1397.png,"an image of a man with a cigarette in his mouth and a quote that reads, when you ' re"
image_1398.png,an image of a cartoon character in a video game
image_1399.png,a man in a red and green striped shirt
image_14.png,memes in 2019 memes in 2019
image_140.jpg,a man in a suit and tie holding a cigarette
image_1400.jpg,a picture of two people in the back seat of a car
image_1401.jpg,an image of a man in a top hat with a flag on his head
image_1402.jpg,"an image of a man in a purple suit and top hat, with the capt that says you ' re"
image_1403.jpg,a black and white photo of a man with curly hair
image_1404.png,a picture of a woman with long black hair
image_1405.png,a man in a red hoodie with the words why have no friends?
image_1406.jpg,a group of people with green hair and hats
image_1407.png,a black and white photo of a man with a quote on it
image_1408.jpg,a man wearing a top hat and bow tie
image_1409.jpg,a picture of a man in a red cap with a microphone
image_141.jpg,a group of people sitting on top of a couch
image_1410.png,an image of a man wearing a hat and bow tie
image_1411.png,"a man in a hat and a man in a top hat with the capt that reads, the world has"
image_1412.jpg,a black and white photo of a man with curly hair
image_1413.jpg,a picture of a man with his arms in the air
image_1414.jpg,an image of a man with long hair and a beard
image_1415.jpeg,"an image of a cartoon character in a purple suit and top hat with the words, if you want to"
image_1416.png,a bear that is sitting on top of a log
image_1417.png,an image of a man with long black hair
image_1418.png,an image of a person wearing a clown mask
image_1419.png,a man wearing a hat
image_142.jpg,person and person in ` ` ` ` ` ` ` ` ` ` ` ` ` ` ` ` ` ` ` ` ` ` ` ` ` ` ` ` ` ` ` ` ` `
image_1420.png,a man in a blue shirt and hat sitting next to a woman wearing a straw hat
image_1421.jpg,a man in a store looking at a pair of shoes
image_1422.jpg,a man with a cigarette in his mouth
image_1423.jpg,a man in a top hat and a woman in a top hat and a woman in a top hat with
image_1424.png,a man in a suit holding a book
image_1425.jpg,a statue of a man in a suit holding a knife
image_1426.jpg,an image of a man in a top hat with the words what ' s the matter?
image_1427.jpg,"an image of a man in the avengers universe with text that reads, ` ' when you see me about"
image_1428.jpeg,an image of a man eating food in the middle of a field
image_1429.jpg,an image of a man in a top hat
image_143.png,a silhouette of a man in a suit and tie
image_1430.jpg,"an image of a man in a top hat with the capt that reads, you ' re your problems on"
image_1431.jpeg,an image of a man in a purple suit and top hat
image_1432.jpg,"a woman sitting in a chair with the capt that says, i don ' t like blue, i don"
image_1433.jpg,a man with glasses is standing in front of a crowd
image_1434.jpg,"an image of a man in a top hat and top hat, with the capt that reads, ' you"
image_1435.jpeg,"a black and white photo of two men, one smiling and the other laughing"
image_1436.jpg,a man in a vest and bow tie holding up a piece of paper
image_1437.jpg,a picture of a man wearing a top hat
image_1438.jpg,a woman sitting on top of a bed next to a man
image_1439.jpg,a picture of a man in a top hat and bow tie
image_144.png,three men sitting on a couch talking to each other men
image_1440.jpg,an image of a man with a hat on
image_1441.jpg,a girl holding up two cans of beer
image_1442.jpg,your crazy girlfriend rocking on your door like - overly girl
image_1443.jpg,a woman is looking at her reflection in the mirror
image_1444.jpg,a girl that is sitting on a couch
image_1445.jpg,a man in a suit talking to another man in a suit
image_1446.jpg,a man and a woman walking down the street
image_1447.jpg,"a tweet with the capt that reads, ' i saw this article about brad '"
image_1448.jpeg,a man in a suit eating a sandwich
image_1449.jpeg,a sign that reads now hiring a girlfriend
image_145.png,an image of a man in a suit and tie
image_1450.jpg,the girl you want the girl you get
image_1451.jpeg,my girlfriend when i call her pretty and she knows me
image_1452.jpeg,a woman talking on a cell phone
image_1453.jpg,a woman wearing a santa hat and holding a stuffed animal
image_1454.jpg,a man and woman sitting on a couch with the capt that reads getting money with the girl you ' re
image_1455.jpg,a little girl with a red hat and a little boy in a blue shirt
image_1456.jpg,two pictures of a woman with long brown hair
image_1457.jpg,how to park your girlfriend
image_1458.png,a man and woman sitting on the floor in front of a computer
image_1459.jpg,a cartoon drawing of a man hugging his dog
image_146.jpg,an image of a child dressed as a cat
image_1460.jpg,a baby looking up at the camera with a quote on it
image_1461.jpg,an image of a woman in a black dress
image_1462.jpg,an image of a woman with her mouth open
image_1463.jpg,"a girl smiling and looking up at the camera with the capt that says, ` ` ` ` ` ` ` ` ` ` ` ` ` ` ` ` ` ` ` ` ` ` ` ` ` ` ` ` ` ` ` ` ` ` `"
image_1464.jpg,a man in a green shirt is smiling at the camera
image_1465.jpg,a man sitting at a table with a cake in his hand
image_1466.jpg,a black and white drawing of a fist
image_1467.jpg,a woman with long black hair wearing a baseball cap
image_1468.jpg,i will never have a girlfriend - i will never have a girlfriend forever
image_1469.jpg,i love my girlfriend every day of the month
image_147.jpg,a man in a suit and tie with a quote on it
image_1470.jpg,a bald bald bald bald bald bald bald bald bald bald bald bald bald bald bald bald bald bald bald bald
image_1471.jpg,a man in a black shirt and sunglasses holding a baby
image_1472.jpg,a dog sitting on top of a boat in the water
image_1473.jpg,welcome welcome welcome welcome welcome welcome welcome welcome welcome welcome welcome welcome welcome welcome welcome welcome welcome welcome welcome welcome welcome welcome welcome
image_1474.jpg,a girl that is holding a cell phone
image_1475.jpg,a kid in a green shirt is looking at the camera
image_1476.png,a girl and a guy are talking to each other girl
image_1477.jpg,an image of a little girl with a birthday cake
image_1478.jpg,a girl with her face in the middle of a blue and white striped background
image_1479.jpg,"a frog face with the words oh, you ' ve somebody that looks like? was she pretty?"
image_148.jpg,a group of people sitting around a table
image_1480.jpg,who ' s his angelin person and where is he taking me? person
image_1481.jpg,a woman talking on the phone with her mouth open
image_1482.png,sh sh sh sh sh sh sh sh sh sh sh sh sh sh sh
image_1483.png,a woman with long brown hair and a flower in her hair
image_1484.jpg,a person driving a car on the road
image_1485.jpg,yo yo yo yo yo yo yo yo yo yo yo yo yo yo yo yo yo yo yo yo yo
image_1486.jpg,a man with a beard and a black shirt standing in front of a crowd
image_1487.jpg,a man in a suit and tie is looking at the camera
image_1488.jpg,a man and woman kissing in front of a mirror
image_1489.jpg,a woman sitting on top of a couch
image_149.png,the bachelors and bachelors on the bachelors
image_1490.jpg,a little boy sitting on a couch reading a book
image_1491.jpg,a pair of shoes sitting on top of each other shoes
image_1492.jpg,a little girl sitting in the back seat of a car
image_1493.jpg,a dog in pajamas is sitting on the floor
image_1494.png,"a pokemon meme with the capt that reads, i ' m ' m ' m ' m ' m"
image_1495.jpg,an electrical outlet with the words god is my girlfriend she ' s trying
image_1496.jpg,a group of people sitting on a couch in a living room
image_1497.jpg,a woman sitting in front of a laptop with a cat on her lap
image_1498.jpg,person i don ' t have a girlfriend but i do i don ' t have a girlfriend but i don ' t have a girlfriend but i
image_1499.jpg,two pictures of a girl and a cat
image_15.jpg,a man in a red shirt leaning against a wall
image_150.png,a col of some people in suits and ties
image_1500.jpg,a man sitting on top of a blue wall
image_1501.jpg,a woman in a green shirt and glasses standing in a restaurant
image_1502.png,"a woman ' s face with the capt that reads, i love my girlfriend"
image_1503.png,a man in a hat pointing at the camera
image_1504.jpg,a man laying on top of a bed with his head in the air
image_1505.png,a man and a woman sitting on a bench
image_1506.jpg,i ' m happy for her said ex girlfriend ever
image_1507.jpg,a young boy with the capt that says i ran to you today with my car
image_1508.png,an image of a girl with a smile on her face
image_1509.jpg,a girl in a pink shirt with the words i don ' t he ' s a doctor never heard ho
image_151.jpg,"two men standing in front of a bar, one is talking to the other man"
image_1510.jpg,a little girl standing in front of a fire
image_1511.jpg,"a baby sitting on the beach with a capt that says, i ' m not going to the beach but"
image_1512.jpg,a man in a suit and a woman in a dress holding a glass of wine
image_1513.jpg,a woman with long black hair wearing a blue dress
image_1514.jpg,a little boy with a heart in his mouth
image_1515.jpg,a woman in a pink top sitting on a bed
image_1516.png,make a hot girl laugh
image_1517.jpg,a fish that is swimming in some water
image_1518.png,me as a girlfriend
image_1519.jpg,a man in a white shirt and blue shirt holding a drink
image_152.png,a man in a suit holding a glass of wine
image_1520.png,mes girlfriend memes girlfriend it ' s honestly not funny
image_1521.png,"a girl in a red dress with the capt that reads, my beautiful girlfriend"
image_1522.jpg,a woman sitting on top of a black couch
image_1523.jpg,one does everything - one does everything - one does everything
image_1524.png,an image of a girl with a smile on her face
image_1525.jpg,"a girl with a smile on her face and the capt that says, it ' s been over minutes since"
image_1526.jpg,a girl with red hair and yellow eyes is looking at the camera
image_1527.jpg,a cartoon drawing of a girl in a pink dress
image_1528.jpg,a girl with glasses and a hat on her head
image_1529.jpg,a woman with her mouth open and the words crazy friends are best
image_153.png,the best of barney
image_1530.jpg,a woman sitting on top of a bed
image_1531.jpg,an image of a woman talking on the phone
image_1532.png,a man sleeping in bed with the capt that says she ' s over to sleep my bed me as girlfriend
image_1533.jpg,an image of a man with a hat on
image_1534.png,a woman talking to a child who is sitting on the ground
image_1535.png,a woman sitting in a chair drinking wine
image_1536.png,a woman in a yellow shirt and black skirt
image_1537.png,two photos of a young boy and girl in the middle of a street
image_1538.png,a man and a woman walking down the street
image_1539.jpg,a man and a woman walking down the street
image_154.png,an image of a man in a car with a quote on it
image_1540.jpg,"a woman sitting on a couch in front of a tv screen with the capt that reads, i ' m"
image_1541.jpg,a man and woman standing next to each other people
image_1542.jpg,"a cartoon drawing of a man in the middle of the ocean, with the capt that reads, how i"
image_1543.jpg,an image of a lion standing on top of a building
image_1544.png,a man kissing a woman on the cheek
image_1545.png,"an image of a man in a cowboy hat with the capt that reads, when you ' reting your"
image_1546.png,"a woman talking on a cell phone with the capt that reads, ' when i ' m '"
image_1547.jpg,a group of people standing in front of a mirror
image_1548.jpg,an image of a woman with long black hair
image_1549.png,"an image of a fox with the capt that reads, when you ' re your friend, you ' re"
image_155.png,a man in a white lab coat sitting at a desk
image_1550.png,"an image of a man in a suit and bow tie with the capt that says, when you ' re"
image_1551.png,"an image of a woman with her mouth open and the capt that reads, who ' s afraid??"
image_1552.png,"a woman in an orange shirt with her mouth open and the capt that reads, you girl when she '"
image_1553.jpg,a man in a suit and tie holding his hands up
image_1554.jpg,a man in a suit is talking to someone
image_1555.png,aliens go luck commander wallpaper
image_1556.jpg,a man in a suit is talking to another man
image_1557.png,a man holding up a picture of two pokemons
image_1558.jpg,"a woman with her hand on her head, saying i want to go to the gym and i want to"
image_1559.jpg,a man in a suit and tie is talking to someone
image_156.png,the big bang bang bang bang bang bang bang bang bang bang bang bang bang bang bang
image_1560.jpg,a man in a purple suit talking to another man
image_1561.jpeg,a man in a suit and tie with an alien head
image_1562.jpg,an image of a man in a suit and tie
image_1563.jpg,the avengers movie memes
image_1564.jpg,ancient aliens meme - ancient aliens meme ancient aliens memes
image_1565.jpg,a man in a suit and tie is pointing at the camera
image_1566.png,two pictures of a man in a suit and tie
image_1567.jpg,a picture of a man in a suit and tie
image_1568.jpg,"so, so, so, so, so, so, so, so so so so so so so so so so so so so so"
image_1569.jpg,an image of a man in a suit and tie saying egyptian but the pyramids
image_157.png,a pie pie with a pie pie in the middle and a pie in the middle
image_1570.jpg,a picture of a man with a green bracelet on his wrist
image_1571.jpg,a man in a suit and tie sitting at a microphone
image_1572.jpg,a man in a suit is talking to someone
image_1573.jpg,a man in a suit holding a glass of wine
image_1574.jpeg,a man in a suit is talking to someone
image_1575.jpg,"a pink background with a quote that says, the difference between"
image_1576.png,"an image of a spider sitting at a desk with the capt that says, every country ' s playing pokemon"
image_1577.png,a man standing on top of a mountain
image_1578.png,a picture of two soccer players talking to each other player
image_1579.png,a man standing next to a woman in a kitchen
image_158.jpg,"a man with a sign that says, when you run out pizza in the oven"
image_1580.jpg,how do you explain about cats memes?
image_1581.jpg,a man in a suit and tie making a funny face
image_1582.png,"the good place, the good place and the good place"
image_1583.jpg,the man is wearing a suit
image_1584.png,an image of a woman with a smile on her face
image_1585.png,an image of a man with grey hair and beards
image_1586.png,a train that is sitting on the tracks
image_1587.png,an image of a soccer player with a quote on it
image_1588.png,a picture of a man in a suit and tie
image_1589.jpg,a man holding up a trophy with the words best of the year
image_159.jpg,mr bean science experiment one wrong
image_1590.jpg,"a picture of a man in a suit and tie with the capt that says, what if i ' m"
image_1591.png,two men in suits standing next to each other men
image_1592.jpg,a man with long hair and a beard in front of a mirror
image_1593.png,a man holding up a bottle of water
image_1594.png,a man in a suit pointing at a map
image_1595.png,"not sure, not sure, not sure, not sure, not sure, not sure, not sure, not sure"
image_1596.png,a man in a suit talking to a reporter
image_1597.jpg,a man in a suit and tie is pointing at the camera
image_1598.jpg,a man in a tuxed tuxed tuxed tuxed tuxed tuxed
image_1599.jpg,a man in a tuxed tuxed tuxed tuxed tuxed
image_16.png,a woman in a pink dress holding a white dog
image_160.jpg,waiting for my girlfriend to meet me
image_1600.jpg,a man in a hat with a quote on it
image_1601.jpg,a man in a red sweater sitting at a table
image_1602.jpg,a man in a tuxed tuxed tuxed tuxed tuxed tuxed
image_1603.jpg,a man in a suit and tie is looking at the camera
image_1604.jpg,i ' veal the twilight - i ' veal the twilight confession confession confession confession confession confession confession confession
image_1605.jpg,a man in a trench coat pointing his finger at the camera
image_1606.jpg,a man in a suit smoking a cigarette
image_1607.jpg,a person sleeping on a couch with a box in front of them
image_1608.jpg,a picture of a man smoking a cigarette
image_1609.jpg,a man who can ' t take his shopping bag in one trip isn ' t really a man at all
image_161.jpg,a man in a suit and tie with the words what do you want to do what do you want
image_1610.jpg,a man in a tuxed tuxed tuxed tuxed tuxed tuxed tuxed tuxed tuxed tuxed tuxed tuxed
image_1611.jpg,a man in a tuxed tuxed tuxed tuxed tuxed tuxed tuxed tuxed tuxed tuxed tuxed tuxed
image_1612.jpg,a picture of a person with a brain in the middle
image_1613.png,an image of a man with glasses and a hat
image_1614.jpg,a man in a tuxed tuxed tuxed tuxed tuxed
image_1615.PNG,a woman sitting on a couch with a bowl of food in her hand
image_1616.png,"a poster with the words like to drink wine, not to die"
image_1617.png,a black and white photo of a man in a suit
image_1618.jpg,a black and white photo of a man sitting on a couch
image_1619.png,a man with a beard and headphones in front of a green screen
image_162.jpg,a picture of a man with long hair and a smile
image_1620.jpg,a man in a suit and tie is yelling at another
image_1621.png,"an image of a man in a suit sitting at a desk with the capt that reads, don ' t"
image_1622.png,a black and white photo of a man with a mustache
image_1623.png,a man in a suit and tie sitting on a chair
image_1624.jpeg,"a baby in a green shirt with the capt that says, contact me from baby brother survived"
image_1625.jpg,leave the gun take the chers - leave the gun take the chers
image_1626.png,"a picture of a man sitting at a table with the capt that reads, that moment when you ' re"
image_1627.jpg,a man sitting in a chair reading a book
image_1628.png,harry and hermik in harry ' s house
image_1629.png,a man who doesn with his family can never be real
image_163.jpeg,a picture of a woman driving a car
image_1630.png,a picture of a man in a suit and tie
image_1631.png,an image of a man in a suit and tie
image_1632.png,a man sitting on the ground with his hand to his face
image_1633.jpg,a man in a tuxed tuxed tuxed tuxed tuxed tuxed tuxed tuxed tu
image_1634.jpg,text when you are friends playing minecraft and they want to play fort
image_1635.jpg,a man in a tuxed tuxed tuxed tuxed tuxed tuxed tuxed
image_1636.jpg,a black and white photo of a man in a suit
image_1637.png,an image of a baby sitting in a chair
image_1638.jpg,a man in a tuxed tuxed tuxed tuxed tuxed tuxed
image_1639.jpg,"a man in armor holding a sword with the capt that reads, if i ' d she can ' t"
image_164.jpg,a man with a smile on his face
image_1640.jpg,a man in a red shirt with the words you just got me
image_1641.jpg,an image of a man with a beard that says all of this is unusual and it ' s making me
image_1642.jpg,a woman in a headscar with a scarf around her head
image_1643.jpg,a man with a beard wearing armor and holding a sword
image_1644.jpg,a man in a suit and tie with the capt that says i ' m toy star
image_1645.jpg,a woman sitting on the iron throne with her mouth open
image_1646.jpg,i am here for the big woman - i am here for the big woman scr
image_1647.jpg,"game of thrones, game of thrones memes"
image_1648.jpg,game of thrones memes
image_1649.jpg,a man in a yellow jacket and white hat with his arms outstretched
image_165.jpg,a man in a suit and tie holding a cigarette
image_1650.jpg,i ' m name is dirk pye shot for tp dick - i ' m name is dirk pye shot for tp dick ned
image_1651.jpeg,game of thrones is listed as one of the best tv shows of all time game of thrones is listed as one of the best tv
image_1652.jpg,the wall is coming cover art
image_1653.jpeg,"an image of a man in the dark with text that reads, when you ' re, you ' re"
image_1654.jpg,"game of thrones, game of thrones, game of thrones"
image_1655.jpg,an image of a man with long hair
image_1656.jpeg,game of thrones memes
image_1657.jpeg,a picture of a man with glasses and a beard
image_1658.jpg,game of thrones memes
image_1659.jpg,game of thrones season gold is finally not until game of thrones season gold is finally not until game of thrones season gold is finally
image_166.jpg,a baby in a pink hat is laying on a bed
image_1660.jpg,game of thrones meme
image_1661.jpg,a man with a beard and a man with a beard
image_1662.jpg,the walking dead meme
image_1663.jpg,a picture of a man with a beard and an image of a man with a beard
image_1664.jpg,a man with long hair and a beard standing next to another man
image_1665.jpg,game of thrones song of ice
image_1666.jpg,a man in armor holding a sword and looking at the camera
image_1667.jpeg,a picture of a man with long hair and beards
image_1668.png,a man and woman sitting on a bench in the snow
image_1669.jpg,"game of thrones, game of thrones, game of thrones, game of thrones memes"
image_167.jpg,a man in a suit sitting at a desk
image_1670.jpg,"game of thrones, jon, game of thrones"
image_1671.jpg,person and person in a scene from the movie ` ` ` ` ` ` ` ` ` ` ` ` ` ` ` ` ` ` ` ` ` ` ` ` ` ` ` ` ` ` ` ` ` ` ` ` ` `
image_1672.jpg,a man in a leather jacket holding a microphone
image_1673.jpg,a group of people standing next to each other people
image_1674.jpg,a picture of a man with a beard wearing a fur coat
image_1675.jpg,"a woman sitting in a chair with the capt that reads, ` ' i ' m ' t going to"
image_1676.jpg,game of thrones quotes game of thrones quotes game of thrones game of thrones
image_1677.jpg,a col col col col col col col col col col col col col col col col col col col col col col col col col col col col col col
image_1678.jpg,a man talking to another man
image_1679.jpg,game of thrones memes game of thrones game of thrones
image_168.jpg,a woman in a red dress sitting next to a man in a black suit
image_1680.png,game of thrones - that moment
image_1681.jpg,this is an image of a man in a fur coat
image_1682.jpg,the walking dead vs the walking dead
image_1683.jpg,game of thrones memes
image_1684.jpg,game of thrones memes
image_1685.jpg,game of thrones
image_1686.jpg,` ` ` ` ` ` ` ` ` ` ` ` ` ` ` ` ` ` ` ` ` ` ` ` ` ` ` ` ` ` ` ` ` ` ` ` ` ` ` `
image_1687.jpg,` ` ` ` ` ` ` ` ` ` ` ` ` ` ` ` ` ` ` ` ` ` ` ` ` ` ` ` ` ` ` ` ` ` ` ` ` ` ` ` ` ` ` ` ` ` `
image_1688.jpg,"game of thrones, game of thrones memes, game of thrones"
image_1689.jpg,game of thrones
image_169.jpeg,an elephant and a woman standing next to each other animals
image_1690.jpg,a man in a fur coat is looking at the camera
image_1691.jpg,an image of a man with a knife in his hand and the words what ' s wrong? ka g
image_1692.jpg,a man in a red hat and jacket sitting on a bench
image_1693.jpg,a picture of a man with long hair and beards
image_1694.jpg,a group of people that are standing in the snow
image_1695.jpeg,a dog sitting in the back seat of a car
image_1696.jpg,a girl with long hair is looking at the camera
image_1697.jpg,"game of thrones, game of thrones, game of thrones"
image_1698.jpg,a man with long hair and a beard smiles at the camera
image_1699.jpg,"game of thrones, game of thrones game of thrones"
image_17.jpg,"an image of a cartoon character with a capt that reads, ` ' when you ' ret memes"
image_170.jpeg,"person, person, person, person, person, person, person, person, person, person, person, person"
image_1700.jpg,game of thrones memes
image_1701.jpg,i saw with girls that night you looked beautiful
image_1702.jpg,game of thrones is listed as the best game of thrones game of thrones
image_1703.jpg,game of thrones game of thrones game of thrones game of thrones game of thrones game
image_1704.jpg,game of thrones is listed as one of the best tv shows of all time
image_1705.jpg,a man in a fur coat is staring at the camera
image_1706.png,an image of a woman in a red dress
image_1707.jpg,game of thrones memes
image_1708.jpg,a woman in a red hoodie holding a white horse
image_1709.png,game of thrones
image_171.jpeg,mr bean is the best example for being yourself
image_1710.jpg,two pictures of pope and a man with the same face
image_1711.jpg,a group of people standing in front of a bar
image_1712.png,a picture of a man with long hair and beards
image_1713.jpg,a woman with red hair wearing a fur coat
image_1714.jpg,a picture of a man in armor holding a sword
image_1715.jpg,a man with long hair and beards sitting in a car
image_1716.jpg,game of thrones memes
image_1717.jpg,"game of thrones, game of thrones"
image_1718.jpg,game of thrones what do you want to see? - game of thrones what do you want to see???
image_1719.png,a man with suspends and suspends standing in an office
image_172.jpg,a man wearing a suit
image_1720.png,harry potter and his brother harry potter and his brother harry potter
image_1721.jpg,a picture of a man with a bloody face
image_1722.jpg,a black and white photo of a group of people
image_1723.jpg,a man in a suit holding a rifle and a woman in a wedding dress
image_1724.jpg,my friends do you get letting game of thrones consume your life
image_1725.png,to the window to the wall
image_1726.png,game of thrones meme
image_1727.jpg,game of thrones meme
image_1728.jpg,all operating systems on snow
image_1729.jpg,a black and white photo of a man in a suit
image_173.jpg,a crowd of people at a music festival
image_1730.jpg,a man with a beard wearing glasses and a hat
image_1731.jpg,a man in a red shirt is talking to another man in a blue shirt
image_1732.jpg,an image of a man with a beard and glasses
image_1733.jpg,a man sitting on the iron throne with the words if monday morning was person
image_1734.jpg,an image of two people dancing at a party
image_1735.jpeg,chess the most exciting game in the world
image_1736.jpeg,a man sitting at a table with a chess player
image_1737.jpg,an image of a girl wearing a hoodie
image_1738.jpg,a meme with the capt of a game of throne
image_1739.png,a man holding a sign next to a woman
image_174.jpg,a man wearing a suit
image_1740.jpg,"a woman with long blonde hair in the middle of her face, looking at the camera"
image_1741.jpg,"game of thrones, game of thrones, game of thrones"
image_1742.jpg,a man sitting at a table with a candle in his hand
image_1743.png,a man and woman are talking to each other people
image_1744.jpg,a couple kissing in the middle of a scene
image_1745.png,a man sitting in the back of a car
image_1746.png,game of thrones game of thrones game of thrones game of throne
image_1747.jpg,a picture of a woman with long red hair and a picture of a woman with long red hair
image_1748.jpg,game of thrones one sentence
image_1749.png,game of thrones quotes
image_175.jpg,a man in a suit and tie holding a microphone
image_1750.jpg,an image of a man wearing a crown and holding a sword
image_1751.png,an older woman sitting in front of a tv screen
image_1752.png,"game of thrones, game of thrones memes"
image_1753.png,"a girl in a hat and scarf with the words, ' teas you ' reting '"
image_1754.jpg,game of thrones memes
image_1755.png,game of thrones memes
image_1756.jpg,game of thrones memes
image_1757.jpg,a man sitting at a table with an open book
image_1758.jpg,game of thrones
image_1759.jpg,a man with long white hair
image_176.jpeg,a man riding on top of a car
image_1760.png,"an image of a man with long hair and a beard that says, what do we say???"
image_1761.png,"game of thrones, game of thrones, game of thrones"
image_1762.jpeg,game of thrones
image_1763.png,game of thrones memes
image_1764.jpg,a cartoon face with the capt that reads when you ' reting it ' s mouth isn ' t '
image_1765.jpg,the many faces of harry potter
image_1766.jpg,a young boy with glasses and a black coat
image_1767.jpg,that ' s so raven claw - that ' s so raven claw
image_1768.jpeg,a young man wearing glasses and looking at the camera
image_1769.png,an image of a man with a smile on his face
image_177.jpeg,a man in a suit and tie with a smile on his face
image_1770.jpg,an image of a man and a woman in harry ' s house
image_1771.jpg,harry and hermik in harry potter
image_1772.jpg,a man with long hair and a beard is looking at the camera
image_1773.jpg,harry potter and hermi harry potter potter potter potter potter potter potter potter potter potter potter potter potter potter potter
image_1774.jpg,harry and hermik in the snow
image_1775.jpg,a couple kissing in front of a book shelf
image_1776.jpg,a picture of a man in a suit with the words like a boss
image_1777.jpg,"an image of a man with white hair and a quote that reads, ' i think it ' s not"
image_1778.jpg,harry and hermik in harry ' s house
image_1779.jpg,harry potter and the year one neddart
image_178.jpg,a man in a suit and tie standing on the beach
image_1780.jpg,harry and hermik in harry ' s house
image_1781.jpg,an animal wearing a harry hat and glasses
image_1782.jpg,a col col col col col col col col col col col col col col col col col col col col
image_1783.jpg,an image of a man with a toothbrush in his mouth
image_1784.jpg,a man in a suit and tie holding a gun
image_1785.jpg,person and person in harry potter potter potter potter potter potter potter potter potter potter potter potter potter potter potter potter
image_1786.jpg,an image of a man in a suit and tie
image_1787.jpeg,a man in a harry costume standing in front of a golden door
image_1788.jpeg,harry and hermik hug in harry ' s house
image_1789.jpg,harry and hermik in harry ' s house
image_179.jpg,"a man in a white shirt and black tie with the words, ` ' i ' m ' s not"
image_1790.jpg,two young boys sitting next to each other boy
image_1791.jpg,a picture of a man with long hair
image_1792.jpg,the many names of the characters in the movie
image_1793.jpg,a col of harry and his friends
image_1794.png,"i don ' t harry potter, i don ' t harry potter"
image_1795.JPG,i ' m going to bed
image_1796.jpg,a man and woman standing next to each other people
image_1797.jpg,harry and hermio in harry ' s house
image_1798.jpg,two pictures of people sitting on a couch and one is holding a child
image_1799.jpg,"two men sitting in front of a mirror with the capt that says, ` ` ` ` ` ` ` ` ` ` ` ` ` ` ` ` ` ` ` ` ` ` ` ` ` ` ` ` ` ` ` ` ` ` ` `"
image_18.jpg,an image of a man with a beard and glasses
image_180.jpeg,a picture of a woman driving a car with a man in the back seat
image_1800.jpg,a picture of a person with long hair
image_1801.png,a child wearing glasses and smiling with the capt that reads harry potter
image_1802.jpg,a picture of a group of people in medieval costumes
image_1803.JPG,a picture of an old man with a long white beard
image_1804.JPG,a man holding a lantern in the woods
image_1805.jpg,an image of a man with a beard and a white mask
image_1806.jpg,harry and hermik in harry ' s house
image_1807.jpg,i ' m surrounded by idiots
image_1808.png,harry and hermik in harry ' s house
image_1809.png,an image of a person with glasses and a quote
image_181.jpg,a man sitting on top of a car on the street
image_1810.jpg,"harry potter, harry potter potter potter potter potter potter potter potter potter potter potter potter"
image_1811.jpg,a man singing into a microphone with the words cut hogs in pieces i am violent
image_1812.jpg,an image of harry and hermik from harry potter
image_1813.jpg,the harry potters and hermik potter potter potter potter potter potter potter potter potter potter potter potter potter
image_1814.jpg,person and person in harry potter potter potter potter potter potter potter potter potter potter potter potter potter potter potter potter
image_1815.jpg,the twilight saga
image_1816.jpg,the many faces of harry and hermi
image_1817.jpg,"harry potter, harry potter, harry potter, harry potter"
image_1818.jpg,the faces of person from harry potter potter potter potter potter potter potter potter potter potter potter potter potter potter potter
image_1819.png,a col col col col col col col col col col col col col col col col col col col col
image_182.jpg,a man in a suit and tie standing in a field
image_1820.jpg,harry and hermi harry and hermi harry and hermi harry and hermi
image_1821.jpg,i love to sytrin - i love to sytrin
image_1822.jpg,harry potter potter potter potter potter potter potter potter potter potter potter potter potter potter potter potter potter potter potter potter
image_1823.jpg,"harry potter, harry potter, harry potter, harry potter"
image_1824.jpg,a couple pointing at each other people
image_1825.jpg,a group of people standing in a room
image_1826.jpg,a screenshot of a young boy with glasses on his face
image_1827.jpg,a young boy with glasses and a smile on his face
image_1828.jpg,a man with glasses and a bow tie
image_1829.jpg,a bunch of people standing in front of a stage
image_183.jpg,a woman sitting on the floor next to a man
image_1830.png,one does not simply make lord of the ring page
image_1831.jpg,a young boy with glasses and an angry expression
image_1832.jpg,"harry potter, harry potter, harry potter, harry potter, harry potter, harry potter"
image_1833.jpg,a group of people sitting in an airplane
image_1834.png,a young boy with glasses and a black shirt
image_1835.png,a col of harry and hermik
image_1836.jpg,person and person in harry potter potter potter potter potter potter potter potter potter potter potter potter potter
image_1837.jpg,a meme of harry and hermi
image_1838.jpg,a mememememememememememememememememememememememememememememememememememememememememememememememememe
image_1839.jpg,a picture of a man in a black suit with a green background
image_184.jpg,a man in a suit standing in front of a mirror
image_1840.jpg,the twilight saga
image_1841.png,a group of people sitting on a train
image_1842.jpg,a girl sitting on top of a pile of books
image_1843.png,"a black and white photo of a man wearing a wig with the capt that reads, ' today i learned"
image_1844.jpg,harry and person in harry potter potter potter potter potter potter potter potter potter potter potter potter potter potter potter potter
image_1845.jpg,a young boy sitting on the floor in front of a window
image_1846.jpg,harry and hermik in harry ' s house
image_1847.jpg,an image of a man with a beard and a woman ' s face
image_1848.jpg,an image of a person with the words are you kidding me
image_1849.png,an image of a man and woman sitting at a desk with the capt that reads what ' s that a
image_185.jpg,a man riding a motorcycle on top of a race track
image_1850.png,a picture of a man with long hair and a beard that says you ' re on i ' m what
image_1851.jpg,harry and hermi are pointing at the camera
image_1852.jpg,a man in a suit and tie is sitting on a chair
image_1853.jpeg,a man in a white coat and hat holding a microphone
image_1854.png,an image of a man in a plaid shirt and tie
image_1855.jpg,a man in a suit is standing with his arms crossed
image_1856.jpg,a hot dog sitting on top of a hot dog
image_1857.jpg,a picture of a boy with a quote on it
image_1858.jpg,a man in a tuxed suit singing into a microphone
image_1859.jpg,a man in a suit with his hands up
image_186.jpg,a man with long hair and a beard is standing in front of a rock
image_1860.jpg,two pictures of a man and a woman in front of a fire
image_1861.jpg,"text when you are laughing at the pst mes, but you interpret the information on the exyn"
image_1862.jpg,hurricane harvey - worst flood in texas
image_1863.jpg,a group of people standing around a table with a birthday cake
image_1864.jpg,a man with long hair and beards smoking a cigarette
image_1865.jpg,a man in a suit holding up a birthday card
image_1866.jpg,a man in a fur coat holding a microphone
image_1867.jpg,an image of a person smoking a cigarette
image_1868.jpg,a man in a white suit holding a microphone
image_1869.jpg,a man in a white suit holding a microphone
image_187.jpg,a man in a suit and tie with his hands on his hips
image_1870.jpg,a black man in a baseball cap with the capt that says i taught steve harvey how to read
image_1871.jpg,a man in a white suit holding a microphone
image_1872.jpg,queen elizabeth dress like she ' s about to prom with steve harvey
image_1873.jpg,a man in a tuxed suit with a mustache and bow tie
image_1874.jpg,an image of a man in a suit and tie
image_1875.jpg,a man in a suit speaking into a microphone
image_1876.jpg,a man sitting at a table with a bottle of beer
image_1877.jpg,be careful who you make up in high school be careful who you make up in high school be careful who you make up in high school be
image_1878.jpg,a man in a white coat and hat holding a microphone
image_1879.jpg,a man with his mouth open and the capt in the middle
image_188.jpg,a cat sitting on top of a table next to a bowl
image_1880.jpg,what if i do what if i do what if i do what if i do what if i do what
image_1881.jpg,a fire truck that is parked in a garage
image_1882.png,a man with dread dread hair drinking from a bottle
image_1883.jpg,a white and red truck parked in a parking lot
image_1884.png,a man wearing a suit
image_1885.jpg,a dog that is swimming in the water
image_1886.png,a man in a suit and tie holding a microphone
image_1887.jpg,a man in a suit and tie laughing with another man in a suit
image_1888.jpeg,a man wearing a santa hat and sitting at a desk
image_1889.jpg,one does not simply write about mes
image_189.jpg,a man in a suit and tie standing on the beach
image_1890.jpg,a black background with a blue text that reads disaster mes a thematic social content in the wake of hurricane
image_1891.jpg,a man in a suit and tie talking to a woman
image_1892.jpg,a man in a suit and tie with the words name something that starts with pork
image_1893.jpg,an image of a man in a suit and tie
image_1894.jpg,pokemon memes memes memes memesmesmesmesmesmesmesmesmesmesmesmesmesmesmesmesmesmesmesmesmesmesmesmesmesmesmesmesmesmesmesmesmesmesmesmesmesmesmesmesmesmes
image_1895.jpg,a white cake with a black and white frosting on it
image_1896.png,an image of a man with a mustache and mustache
image_1897.jpg,a woman standing in front of a shopping cart
image_1898.png,a man in a white suit holding a microphone
image_1899.png,an image of a man with his mouth open and a rabbit in the background
image_19.png,two men are smiling and one is wearing a bow tie
image_190.jpg,an image of a man with green eyes
image_1900.jpg,a man in a suit and tie with the words congs michigan state cotton bowl champions
image_1901.png,an image of a man wearing a white hat
image_1902.jpg,an image of a man in a suit and tie
image_1903.png,steve harvey is the most powerful man in the world steve harvey is the most powerful man in the world steve
image_1904.jpg,an image of a man in a suit and tie
image_1905.jpg,an image of a man with sunglasses and a scarf
image_1906.jpg,a poster with four men in suits and ties
image_1907.jpg,a man in a tuxed suit holding an award
image_1908.jpg,a man in a suit and tie with the words just my job
image_1909.jpg,a picture of a woman holding a microphone
image_191.jpg,a man in a suit and tie is looking at the camera
image_1910.jpg,` ` ` ` ` ` ` ` ` ` ` ` ` ` ` ` ` ` ` ` ` ` ` ` ` ` ` ` ` ` ` ` ` ` ` ` ` `
image_1911.jpg,a woman in a blue dress with the words it ' s okay
image_1912.jpg,an image of a man in a suit and tie with the words we survived to people what ' s the
image_1913.jpg,a man in a white suit holding a microphone
image_1914.jpg,a man in a suit and tie holding a microphone
image_1915.png,a man in a suit holding a microphone
image_1916.png,a picture of a man in a suit and tie
image_1917.jpg,an image of a man with a mustache and mustache
image_1918.png,a person holding a toy in their hand
image_1919.jpg,a man in a baseball uniform throwing a ball
image_192.jpg,a girl holding a mirror in front of her face
image_1920.png,an image of a man in a suit and tie
image_1921.jpg,the face you make when you ' re - the face you make when you re
image_1922.png,"a man in a suit and tie with the capt that reads, when you laugh, when you ' re"
image_1923.png,two men are laughing and one is laughing with the other man in the background
image_1924.jpg,a man in a suit sitting at a table with his hand on his chin
image_1925.jpg,a cartoon character sitting at a desk in front of a computer
image_1926.png,miss colombia was like so dl winna?
image_1927.png,a duck that is swimming in the water
image_1928.png,a baseball player with the words you either he or you long enough?
image_1929.jpg,steve harvey is the reason why i have trust
image_193.png,a picture of a man in a suit and tie
image_1930.jpg,two pictures of donald and hillary
image_1931.jpg,"you ' reting social justice warrior, you get crying social justice warrior everybody gets a crying social justice warrior"
image_1932.jpg,a woman in a witch costume with a hat on
image_1933.jpg,hillary mememememememememememememememememememememememememememememememememememememememememememememememememe
image_1934.jpg,` ` ` ` ` ` ` ` ` ` ` ` ` ` ` ` ` ` ` ` ` ` ` ` ` ` ` ` ` ` ` ` ` ` ` ` ` ` ` ` ` ` `
image_1935.jpg,a woman sitting in a chair with a cell phone
image_1936.jpg,a woman in a blue shirt is smiling
image_1937.jpg,an old photo of a child playing with a toy
image_1938.jpg,a black and white photo of a man in a suit and tie
image_1939.jpg,an older woman with a surprised look on her face
image_194.jpg,a man in a suit and tie standing on the beach
image_1940.jpeg,a man sitting at a table in front of a fan
image_1941.jpeg,an image of the president and his wife in a crowd
image_1942.jpeg,a col col col col col col col col col col col col col col col col col col col col col col col col col col col col col col col col col col col col col col col col col col col col col col col col col
image_1943.jpg,a woman sitting in an airplane with the words hillary does not have for your shit
image_1944.jpg,a woman in a black suit is looking at the camera
image_1945.jpg,hillary mememe memememememememememememememememememememememememememememememememememememememememememememememe
image_1946.jpg,a woman in a blue jacket is looking up at the camera
image_1947.png,a man in a suit and tie with his eyes closed
image_1948.jpg,a woman talking to a child on the phone
image_1949.jpg,a man sitting in front of a computer
image_195.png,an image of a woman with tattoos and a man with tattoos
image_1950.jpg,hillary memememe hillarymememe hillarymemememememememememememememememememememememememememememememememememememememememe
image_1951.jpg,a man in a suit and tie giving a thumbs
image_1952.jpg,a picture of a dog peeking out from behind a door
image_1953.jpg,a man in a suit giving a thumbs up
image_1954.jpg,hillary mememememememememememememememememememememememememememememememememememememememememememememememememe
image_1955.jpg,a col col col col col col col col col col col col col col col col col col col col
image_1956.jpg,person says ` ` ` ` ` ` ` ` ` ` ` ` ` ` ` ` ` ` ` ` ` ` ` ` ` ` ` ` ` ` ` ` ` ` ` ` ` ` ` ` ` ` ` ` ` ` ` `
image_1957.jpg,a col col col col col col col col col col col col col col col col col col col col col col col col col col col col col col col
image_1958.jpg,hillary mememememememememememememememememememememememememememememememememememememememememememememememememe
image_1959.jpeg,trump says everyone everyone everyone everyone everyone everyone everyone everyone everyone
image_196.png,an image of a man in a suit and tie throwing a ball
image_1960.jpg,"a woman laughing with the capt that says, ` ` ` ` ` ` ` ` ` ` ` ` ` ` ` ` ` ` ` ` ` ` ` ` ` ` ` ` ` ` ` ` ` ` ` ` ` ` ` ` `"
image_1961.jpg,hillary meme | he was wat??????????? | image tagged | image tagged | image tagged |
image_1962.jpg,a woman sitting in an airplane looking at her phone
image_1963.jpg,a woman talking to a man in the middle of a room
image_1964.jpg,a woman talking to a man in the middle of a room
image_1965.jpg,hillary ' s favorite pizza
image_1966.jpg,a man in a suit and tie holding his hands up
image_1967.jpg,the face you make when you ' re - the face you make when you re
image_1968.jpg,a man and woman posing for the camera
image_1969.png,a woman in a yellow dress and a man in a black suit
image_197.png,a man in a blue hoodie sitting on a red couch
image_1970.jpg,a man in a suit sitting at a table with an american flag
image_1971.jpg,a woman in a blue shirt and a man in a white shirt are posing for the camera
image_1972.png,a man in a blue shirt is speaking into a microphone with an american flag behind him
image_1973.jpg,two women laughing and one is laughing at the camera
image_1974.jpg,a man in a suit and tie standing next to another man
image_1975.jpg,a woman with her mouth open in front of a black background
image_1976.jpg,a lion laying in the grass with a quote on it
image_1977.jpeg,a man in a suit and tie talking to a woman in a blue dress
image_1978.png,a man in a suit and tie sitting at a desk
image_1979.png,a woman with her head in her hands
image_198.jpg,a man sitting in a chair holding a yellow rubber duck
image_1980.png,a man wearing a face mask while walking down the street
image_1981.jpg,a woman with red hair and glasses looking at the camera
image_1982.jpg,a hand is pointing at a chalk board
image_1983.jpg,hillary mememememememememememememememememememememememememememememememememememememememememememememememememe
image_1984.png,a woman sitting in a chair talking to another woman
image_1985.jpg,a woman pointing her finger at the camera
image_1986.png,hillary mememememememememememememememememememememememememememememememememememememememememememememememememe
image_1987.jpg,two men are laughing and one is holding his head in the air
image_1988.jpg,a woman sitting in a chair with a cell phone
image_1989.jpg,two women standing in front of an american flag
image_199.jpg,a man in a suit and tie walking down the street
image_1990.png,a poster with a woman in a blue shirt and a black background
image_1991.png,a woman in a red shirt holding a bag
image_1992.png,a man wearing a santa hat and smiling
image_1993.png,a man sitting in a chair with the capt that reads hillary clinton you mean satan
image_1994.jpg,a woman in a red jacket speaking into a microphone
image_1995.png,a person with a face painted like a joker
image_1996.jpg,a group of people in suits and ties getting into a car
image_1997.jpg,a woman in a black suit and blue shirt is speaking into a microphone
image_1998.jpg,hillary mememememememememememememememememememememememememememememememememememememememememememememememememe
image_1999.jpg,a man and a woman are sitting in chairs
image_2.jpeg,the best of 10yearchall com
image_20.png,no spoils avengers infinity war
image_200.jpg,a man and woman drinking beer in an airplane
image_2000.jpg,a woman in a suit and tie is looking up at the camera
image_2001.jpg,an image of a man with a knife in his hand
image_2002.png,a bear that is sitting on top of a log
image_2003.jpg,a man in a suit holding a cigar
image_2004.jpg,a woman in a blue shirt is smiling at the camera
image_2005.jpeg,a col col col col col col col col col col col col col
image_2006.jpg,hillary mememememememememememememememememememememememememememememememememememememememememememememememememe
image_2007.png,an older man with glasses and a hat on
image_2008.png,hillary mememememememememememememememememememememememememememememememememememememememememememememememememe
image_2009.png,hillary mememememememememememememememememememememememememememememememememememememememememememememememememe
image_201.png,a picture of a man in a suit and tie
image_2010.jpg,a man sitting on top of a train track
image_2011.png,hillary mememememememememememememememememememememememememememememememememememememememememememememememememe
image_2012.png,"an image of a man in a suit and tie, with the capt that reads, i ' ll just"
image_2013.jpg,a man in a suit and tie holding a microphone with the words look me in the president now
image_2014.png,an image of a woman with grey hair and a smile on her face
image_2015.jpg,an image of a woman with a quote on it
image_2016.jpg,hillary mememememememememememememememememememememememememememememememememememememememememememememememememe
image_2017.jpg,a woman reading a newspaper with a speech bubble above her head
image_2018.png,putin is a sign to make russia great again
image_2019.jpg,a man in a tuxed tuxed tuxed tuxed tuxed tuxed tuxed tuxed tuxed tuxed tuxed tuxed
image_202.png,the joker and batman meme
image_2020.png,a man and woman sitting next to each other people
image_2021.png,"a black and white poster with the words sick, sick, sick"
image_2022.jpg,a man with his mouth open in front of a mirror
image_2023.jpg,hillary mememememememememememememememememememememememememememememememememememememememememememememememememe
image_2024.png,hillary mememememememememememememememememememememememememememememememememememememememememememememememememe
image_2025.png,an image of a man in a suit and tie
image_2026.jpg,two women are smiling and holding doughs
image_2027.png,a woman in an orange shirt standing next to a man in a jail
image_2028.png,"a picture of a woman with curly hair and a capt that reads, to corrupt to keep her at the"
image_2029.png,a man holding a cookie in his hand
image_203.JPG,a man in a suit sitting at a table with a laptop
image_2030.jpg,a man and woman looking at a cell phone
image_2031.png,a picture of a man in a suit and tie with the words vote for hillary i guarantee she will suck
image_2032.png,a picture of a man and a woman waving
image_2033.png,a picture of a man in a white shirt next to a dinosaur
image_2034.png,an image of a man kissing a woman in front of a poster
image_2035.jpg,a woman with dread dread dread dread dread dread dread dread dread
image_2036.png,a black and white photo of a man with a mustache
image_2037.jpg,what are your plans after war? got a job with the americans department of education
image_2038.jpg,a black and white photo of a man in military uniform with his hands up
image_2039.jpg,"a black and white photo of a man in military uniform, with the capt that reads ` ` ` ` ` ` ` ` ` ` ` ` ` ` ` ` ` ` ` ` ` ` ` ` ` ` ` ` ` ` ` ` `"
image_204.png,a man in a suit and tie holding a cell phone
image_2040.jpg,a black and white photo of a man in a suit speaking into a microphone
image_2041.jpg,hitler hitler hitler hitler hitler hitler hitler hitler
image_2042.jpg,a black and white photo of a man with a mustache
image_2043.jpeg,who would win the most powerful leader of germany
image_2044.jpeg,a black and white photo of two men with mustaches
image_2045.jpg,"harry potter and the chamber chamber harry potter, harry potter, harry potter, harry potter, person, harry"
image_2046.jpg,a black and white photo of two men in uniform
image_2047.jpg,two pictures of a man and a dog
image_2048.jpg,a man with a bottle of water in his hand
image_2049.jpg,a black and white photo of a man in a suit sitting on a bench
image_205.jpg,a man standing on top of a car in the street
image_2050.jpg,a black and white photo of a man with a mustache
image_2051.jpg,taylor taylor taylor taylor taylor taylor taylor taylor taylor taylor taylor taylor taylor taylor taylor taylor taylor taylor taylor
image_2052.jpg,i post a picture of mes hitler and became me - i post a picture of mes hitler and became me mis
image_2053.jpg,"an image of a young boy with the capt that says, what do you think? literally worse than?"
image_2054.jpg,a black and white photo of a man in a suit and tie
image_2055.jpg,a girl that is sitting in front of a computer
image_2056.jpg,a man in a suit singing into a microphone
image_2057.jpg,"a black and white poster with the words, `, `, ', ', ', ',"
image_2058.jpg,an image of a cat with yellow eyes
image_2059.jpg,a picture of a creepy looking face with a capt
image_206.png,an image of a man with glasses on his face
image_2060.jpg,nazi nazi nazi nazi nazi nazi nazi nazi nazi nazi nazi nazi nazi nazi nazi nazi nazi
image_2061.jpg,a man and a woman are in the dark
image_2062.jpg,so i can call someone but but i ' m - so i can call someone but but i ' m
image_2063.jpg,a man in a suit and tie is making a funny face
image_2064.jpg,a picture of a bird with glasses and a tie
image_2065.jpg,an image of jesus pointing at the viewer
image_2066.png,a black and white photo of a man with a mustache
image_2067.jpg,never never never never never never never never never never never never never
image_2068.jpg,a man in a suit and tie holding a microphone
image_2069.jpg,a black and white photo of a man in uniform pointing at something
image_207.jpg,a picture of a man in a suit and tie
image_2070.jpg,a picture of a man in a suit and tie
image_2071.png,a man and woman posing for a photo in front of a map
image_2072.png,a black and white photo of a man in front of a crowd
image_2073.jpg,hitler wasn that bad of a guy
image_2074.jpg,an image of a man in front of the planet
image_2075.jpg,a man in a suit pointing his finger at the camera
image_2076.png,a picture of a man and a woman with text that says girls are boys are the same
image_2077.jpg,a black and white photo of a man with his hands up in the air
image_2078.jpg,an old black and white photo of a man in uniform
image_2079.jpg,a poster advertising a car - sharing club
image_208.jpg,a man in a suit and tie holding a gun
image_2080.jpg,a black and white photo of a man with his hands in the air
image_2081.jpg,hitler meme - hitler meme hitler meme hitler meme
image_2082.jpg,a black and white photo of a man in a suit
image_2083.jpg,a black and white photo of a man in uniform pointing at a crowd
image_2084.jpg,a picture of a man wearing a cowboy hat
image_2085.png,a black and white photo of a man in a suit
image_2086.jpg,a man in a suit and tie sitting on a chair
image_2087.jpg,president trump holds signs in the oval room of the white house
image_2088.jpg,a black and white photo of two men in front of a city
image_2089.jpg,a picture of a man in a military uniform
image_209.png,a man in a suit and tie holding his hand up to his ear
image_2090.jpg,a black and white photo of a man in a suit
image_2091.png,a man in a suit and tie standing next to a woman
image_2092.png,an image of a man looking through a window
image_2093.jpg,a black and white photo of a man in a top hat
image_2094.jpg,a black and white photo of a man with a beard
image_2095.jpg,that face you make after watching your girlfriend with someone
image_2096.jpg,a black and white photo of a man in uniform
image_2097.jpg,a black and white photo of two people sitting at a table
image_2098.jpg,an old photo of a man with a birthday cake
image_2099.jpg,a black and white photo of two men talking to each other men
image_21.jpg,an image of a baby and an image of the avengers
image_210.jpeg,"a painting of a man in a black shirt and hat, with the capt that reads me when mom says"
image_2100.jpg,a goldfish is swimming in the water
image_2101.png,a black and white photo of a man in uniform pointing at something
image_2102.jpg,a young boy sitting in front of a computer
image_2103.jpg,you can ' t hate jews when there is no jews
image_2104.jpg,a black and white photo of a man in a suit with his hand on his chin
image_2105.jpg,a black and white photo of two men in a car
image_2106.png,a black and white photo of a man with a red card in his hand
image_2107.jpg,"an image of a cartoon character with the capt that reads, ' hit when saw paid '"
image_2108.jpg,a black and white photo of a man in a suit
image_2109.jpg,a man in a red shirt sitting on top of a rock
image_211.jpg,a man in a suit with a bird on his head
image_2110.jpg,i ' m dreaming of a white christmas - i ' m dreaming of a white christmas hitler
image_2111.jpg,a black and white photo of a man in a suit
image_2112.png,a black and white photo of a man with a mustache
image_2113.png,a black and white photo of a man with a mustache
image_2114.jpg,a black and white photo of a man reading a book
image_2115.png,a black and white photo of a man in a suit
image_2116.jpg,an image of a group of men in military uniforms
image_2117.png,a man in a red shirt is looking at the camera
image_2118.jpg,a little boy with glasses and a toothbrush
image_2119.png,hitler meme mememememememememememememememememememememememememememememememememememememememememememememememe
image_212.png,"two men in uniforms, one with a mustache and the other with a mustache"
image_2120.jpg,a black and white photo of a man looking out a window
image_2121.png,hitler hitler hitler hitler hitler hitler hitler hitler hitler hitler hitler hitler hitler hitler
image_2122.png,an image of a woman with a mustache and a man with a mustache
image_2123.jpg,a man in a suit and tie sitting at a desk
image_2124.png,"a picture of a man in a suit and tie, with the capt that reads, we didn ' t"
image_2125.jpg,a man in a suit talking to another man
image_2126.png,a picture of a man in uniform with his arms crossed
image_2127.png,an image of a kid in a green jacket and glasses with the capt that says trump is literally
image_2128.png,a man in a suit and tie waves at the camera
image_2129.png,an image of a man with a knife in his hand
image_213.png,a man pointing his finger at the camera
image_2130.jpg,a black and white photo of a man with a mustache
image_2131.jpg,a man in a suit and tie drinking water from a glass
image_2132.png,"a picture of a girl with the capt that reads, what ' s that burning? oh, my family"
image_2133.png,"a picture of a man in a suit and tie, with the capt that reads we are black hitler"
image_2134.png,an image of a cartoon character holding up a sign
image_2135.png,"an image of a young man with the capt that reads, when you ' ret a lot of things"
image_2136.png,an image of a man with blood on his face
image_2137.png,a man in a black shirt is looking at the camera
image_2138.png,a man in a suit and tie holding a knife
image_2139.png,a man in a black shirt and white paint on his face
image_214.jpg,a black and white photo of a man in a suit
image_2140.jpg,a black and white photo of a man in a suit
image_2141.jpg,a black and white photo of a man sitting at a table
image_2142.jpg,a man in a suit and tie is looking at the camera
image_2143.jpg,a troll troll troll troll troll troll troll troll troll troll troll troll troll troll troll troll troll troll troll troll
image_2144.jpg,a man in a shirt and tie with the words when i had an imaginary friend we did everything
image_2145.jpg,a man sitting at a table with his hands on his face
image_2146.jpg,a man in a suit talking to another man in a suit
image_2147.jpg,a man standing in front of a building holding a cup
image_2148.jpeg,"a tweet that reads, ` ` ` ` ` ` ` ` ` ` ` ` ` ` ` ` ` ` ` ` ` ` ` ` ` ` ` ` ` ` ` ` ` ` ` ` ` ` ` ` ` ` `"
image_2149.jpg,no text back allergyy then - no text back allergyy then 10 guy
image_215.png,a picture of a man in a uniform and a man in a suit
image_2150.jpg,no one cares - no one cares 10 guy
image_2151.jpeg,a man with long hair and a quote on it
image_2152.jpeg,a man eating food in front of a crowd
image_2153.png,a man with long hair and a white shirt is smiling at the camera
image_2154.png,a man with long hair wearing a white shirt and looking at the camera
image_2155.jpeg,a group of people walking on a beach
image_2156.jpg,no way that ' s great we ' vended on the mo - no way that ' s great we ' vended on the
image_2157.jpeg,a picture of a man with a smile on his face
image_2158.jpg,a man holding a baseball bat in his hand
image_2159.jpg,an image of a man in a green mask
image_216.jpg,hey hey hey hey hey hey hey hey hey hey hey hey hey hey hey hey hey hey hey hey
image_2160.png,an image of a man with horns on his head
image_2161.jpg,a man in a red suit with a green mask
image_2162.jpg,a man with a beard wearing a white suit
image_2163.jpg,a man standing in front of a building holding a cup
image_2164.jpg,an image of a man in a yellow suit and hat
image_2165.jpg,a man in a suit and tie holding a book
image_2166.jpg,i ' m fine why why why why why why why why why why why
image_2167.jpg,a man and woman talking to each other people
image_2168.jpg,a picture of a man with a birthday card
image_2169.png,an image of a man in the back seat of a car
image_217.jpg,a man sitting on a couch reading a book
image_2170.png,an image of a man with a quote on it
image_2171.jpg,a man in a black jacket smiles at the camera
image_2172.png,a man with a beard smiles at the camera
image_2173.png,a picture of a man with a birthday cake on his head
image_2174.jpg,oh really how in testing? - oh really how in testing? mis
image_2175.png,a man sitting in the back of a car
image_2176.png,am the only around here - am the only around here am the only around am
image_2177.png,"an image of a lake and mountains with a quote that reads, i open up opportunities to you, and"
image_2178.jpg,a man with a beard and a quote on it
image_2179.png,mes roasting sonic the hedge character design that made creators change
image_218.jpg,a man in a suit is talking on the phone
image_2180.png,an image of a man holding a light in his hand
image_2181.jpg,a man making a funny face with his tongue
image_2182.png,a bird that is standing in the grass
image_2183.jpg,"a tweet with the capt that reads, ' when i ' m ' tweet, i"
image_2184.png,a man with long hair and a beard
image_2185.jpg,a picture of a man in a suit and tie
image_2186.png,a cartoon character in a red ski suit with ski poles and ski poles
image_2187.png,a man in a car with a bunch of cats on his head
image_2188.png,no big deal no big deal - no big deal no big deal
image_2189.png,"a picture of a man with a capt that says damn, i ' m you ' re"
image_219.jpg,a man in a suit and tie smiling at the camera
image_2190.png,a man in uniform talking to another man in uniform
image_2191.jpg,a picture of a rhino and a rhino in the water
image_2192.jpg,a man with a hat on his head and the capt that says it wasn me you wouldn to see beautiful
image_2193.png,a man and woman posing for a picture
image_2194.png,the big bang on the big bang show
image_2195.png,an image of a man in a red shirt with the capt that reads wednesday
image_2196.png,a man in military uniform talking to another man
image_2197.png,an image of a man with a smile on his face
image_2198.jpg,a man in a white shirt with his hands up and the words swp the front page wh new
image_2199.jpg,so i went a little crazy with makeup it ' s so much on a happy face
image_22.jpg,a meme of the avengers and captain america
image_220.png,a man in a suit and tie standing next to a man in a suit and tie
image_2200.jpg,a man in a suit and tie with green hair
image_2201.jpg,the joker in the dark knight movie
image_2202.jpg,the joker in the dark knight movie
image_2203.jpeg,a man with his face painted like the joker
image_2204.jpeg,the joker meme memememememememememememememememememememememememememememememememememememememememememememememe
image_2205.jpg,batman vs joker
image_2206.jpeg,the joker in the joker movie
image_2207.jpg,a man with green hair and a smile on his face
image_2208.jpg,"the joker joker quotes, joker movie, person quotes, person quotes, person quotes, person quotes, joker"
image_2209.jpg,"it ' s not batman, it ' s not batman"
image_221.png,a picture of an old man with a beard
image_2210.jpg,i believe whatever doesn kly you simply makes you
image_2211.jpeg,"batman the dark knight batman memes, the dark knight batman memes, the dark knight batman memes"
image_2212.jpeg,a mirror ball with a picture of a man in it
image_2213.jpg,"the joker movie quotes, movie quotes, joker movie, joker quotes, joker quotes, person quotes, joker"
image_2214.jpg,person it ' s not that i ' m social i ' m not socially
image_2215.jpg,a man dressed as the joker in the back seat of a car
image_2216.jpg,a couple dressed as the joker and harley
image_2217.jpg,a woman with green hair and red lipstick
image_2218.jpg,i don ' t always drink but when i do i don ' t always drink but when i do
image_2219.jpg,"the joker movie quotes, movie quotes, joker movie, joker quotes, person quotes, person quotes, joker"
image_222.png,a man in a car with a cat on his shoulder
image_2220.jpg,the joker and harley harley harley harley harley harley harley harley harley harley harley harley harley harley harley harley harley harley
image_2221.jpg,michael jackson - michael jackson michael jackson michael jackson michael jackson
image_2222.jpg,an image of a man with a red eye on his face
image_2223.jpg,why why why why why why why why why why why why why why why why why why why why why why why why why why why why
image_2224.jpg,you put candy in your eyes around the office and everyone loses them
image_2225.jpg,a picture of a person dressed as the joker
image_2226.png,batman vs superman memes
image_2227.jpg,the many faces of the joker
image_2228.jpg,the joker and person in the dark knight movie
image_2229.jpg,the joker in the dark knight movie
image_223.png,the look you give me when they call me and your number is on the screen
image_2230.jpg,"joker love has not afraid, not afraid"
image_2231.jpg,"the joker joker quotes, joker movie, person quotes, person quotes, person quotes, person quotes, joker"
image_2232.jpg,"i don ' t always people know of these scars but when i tell, it ' s different"
image_2233.png,the joker and batman memes in the dark knight movie
image_2234.png,a picture of a man with green hair and a black jacket
image_2235.png,joker memes joker memes joker memes jokermesmes jokermesmesmesmesmesmesmesmes
image_2236.png,joker memes joker memes joker memes joker memes
image_2237.png,a picture of batman and catwoman in the same scene
image_2238.png,"the joker movie quotes, movie quotes, joker movie, joker quotes, person quotes, person quotes, joker"
image_2239.jpg,hey hey hey hey hey hey hey hey hey hey hey hey hey
image_224.jpg,a man holding a cell phone in his hand
image_2240.png,"a picture of the joker with a capt that reads, ' i hate you '"
image_2241.jpg,a man in a green vest holding a rainbow
image_2242.png,a picture of the joker and the joker
image_2243.jpg,a group of men standing next to each other men
image_2244.jpg,a picture of the joker in a suit and tie
image_2245.jpg,joker mememememememememememememememememememememememememememememememememememememememememememememememememe
image_2246.jpg,a picture of the joker in the joker movie
image_2247.jpeg,we live in a society
image_2248.png,a picture of a joker with the words let the game begin
image_2249.png,the joker in the dark knight movie
image_225.jpg,a picture of a man in a suit and tie
image_2250.jpg,"person and person in the dark knight quotes, the dark knight, the dark knight, the dark knight, the dark knight, the dark knight"
image_2251.jpg,the joker memememememememememememememememememememememememememememememememememememememememememememememememe
image_2252.jpg,a man in a white shirt is holding his hands up
image_2253.jpg,a picture of two men dressed as jokers
image_2254.png,a drawing of a joker with his hands up
image_2255.jpg,a picture of a man with no shirt on
image_2256.png,the joker and harley in the movie
image_2257.png,a picture of the joker in the dark knight movie
image_2258.png,a man in a suit and tie is laughing at another man in a suit and tie
image_2259.jpg,a man in a black shirt is looking at the camera
image_226.jpg,a man in a suit and tie next to another man in a suit and tie
image_2260.png,the joker meme memememememememememememememememememememememememememememememememememememememememememememememe
image_2261.jpg,a man in a suit and tie is looking at the camera
image_2262.png,"a picture of a man in a suit, with the capt that reads, when people say they ' re"
image_2263.png,a mememe memememememememememememememememememememememememememememememememememememememememememememememe
image_2264.png,the joker is wearing a purple suit and holding a knife
image_2265.jpg,a picture of a person with the words why serious?
image_2266.png,a man in a suit holding a woman in his arms
image_2267.png,joker memes memes memesmesmesmesmesmesmesmesmesmesmesmesmesmesmesmesmesmesmesmesmesmesmesmesmesmesmesmesmesmesmesmesmesmesmesmesmesmesmesmesmesmesmesmes
image_2268.jpg,` ` ` ` ` ` ` ` ` ` ` ` ` ` ` ` ` ` ` ` ` ` ` ` ` ` ` ` ` ` ` ` ` ` ` ` ` ` ` ` ` ` ` ` ` ` ` ` ` `
image_2269.jpg,"a woman wearing a t - shirt with the capt that reads, ' we have trump, trump, trump"
image_227.jpg,a man in a suit holding a video camera
image_2270.jpg,a man in a military uniform waving his hand
image_2271.jpg,a man in a suit and tie with the capt that says i ' m ' m ' m ' m
image_2272.jpg,a man in a black suit waves at the camera
image_2273.jpg,a picture of a man in a suit and tie
image_2274.jpeg,a woman sitting at a table with a man in the background
image_2275.jpeg,a cartoon image of two babies in a car
image_2276.jpeg,a cartoon character holding a cell phone
image_2277.jpeg,a picture of a man in a suit and tie
image_2278.jpg,the cake was a lie
image_2279.jpg,a group of men drinking wine together
image_228.jpg,pirate meme - silver me trimble
image_2280.jpeg,kim jong kim jong kim jong kim jong kim jong kim jong kim jong
image_2281.jpg,"you are sad, strange little man"
image_2282.jpg,a man in a military uniform is surrounded by soldiers
image_2283.jpeg,a man standing in front of a table
image_2284.jpg,the twee twee twee twee twee twee twee twee twee twee twee twee twee t
image_2285.jpg,a man in a suit and tie holding a bottle of beer
image_2286.jpg,a man in a fur coat holding a sword
image_2287.jpg,a man in a suit sitting at a table with his hands up
image_2288.png,a picture of a man holding a card in his hand
image_2289.jpg,a man in a suit speaking into a microphone
image_229.jpg,a man in a car with the capt that says he thinks man on earth
image_2290.jpg,a man in a fur coat holding a microphone
image_2291.jpg,a man in a suit and sunglasses pointing at the camera
image_2292.png,"an image of a man in a black shirt with a red background and the words, do you know?"
image_2293.jpg,a man in a suit and tie hugging another man in a suit with an explosion in the background
image_2294.jpg,a group of men standing next to each other men
image_2295.jpg,donald and jasmine in front of the american flag
image_2296.png,a tweet with the words on it
image_2297.jpg,a man in a suit and tie sitting on a chair
image_2298.jpg,a man in a suit sitting at a table with his hands up
image_2299.jpg,kim jong kim jong kim jong kim jong kim jong kim jong kim jong
image_23.jpeg,avengers memek avengers memesk avengers memesk avengers memesk avengers memesk avengers
image_230.jpg,a man in a suit and tie is looking at the camera
image_2300.jpg,a man in a suit and tie with the capt that says i don ' t always laugh
image_2301.png,i have no idea via i ' m doing - i have no idea via i ' m doing kim jong
image_2302.png,"a picture of a man in a suit and tie, with the capt that reads hepro"
image_2303.png,a group of men standing in front of a building
image_2304.png,a man in a military uniform standing next to another man
image_2305.png,a group of people standing around a red car
image_2306.png,a group of people standing around a table with food
image_2307.png,a man in uniform talking to another man in uniform
image_2308.png,an image of a cartoon character with the capt that says it ' s not a god leader
image_2309.jpg,it ' s always cake day - it ' s always cake day kim jong
image_231.jpg,mr bean and mrs bean
image_2310.jpg,a red and blue background with a picture of a man in a suit and tie
image_2311.png,a picture of two teddy bears sitting next to each other bears
image_2312.png,a giant spider that is sitting in the middle of the ground
image_2313.jpg,two pictures of a man and woman in military uniforms
image_2314.jpg,a baby wearing glasses on top of a white blanket
image_2315.png,the president and his wife are laughing at each other people
image_2316.jpg,a man in a military uniform is looking at the camera
image_2317.jpg,a man in uniform talking to another man in uniform
image_2318.jpg,a group of men in military uniforms standing next to each other men
image_2319.jpg,an image of a cartoon character with a flag in his hand
image_232.jpg,a man in an orange shirt and hat with his hand up
image_2320.jpg,a picture of a man with his hands up in the air
image_2321.jpg,a man with a pixel on his face
image_2322.jpg,"an image of a woman in a hawaiian costume with the capt that reads, when you ' reting your"
image_2323.jpg,"an image of a man in a suit and tie, with the capt that says, ` ` ` ` ` ` ` ` ` ` ` ` ` ` ` ` ` ` ` ` ` ` ` ` ` ` ` ` ` ` ` ` `"
image_2324.jpg,a man in a suit sitting on top of a boat
image_2325.jpg,a man in a suit standing next to another man in a suit
image_2326.jpg,a group of people holding guns in front of a building
image_2327.jpg,a group of men standing next to a wall
image_2328.jpeg,you get that island over here? want to eat
image_2329.jpg,a group of men standing around a table with food
image_233.png,a woman with long hair and a man with long hair
image_2330.png,a man in a suit and tie is looking at the camera
image_2331.jpeg,a woman in a pink dress standing next to a man
image_2332.jpg,a man in a suit and tie waves at the camera
image_2333.png,an image of a man with glasses on his face
image_2334.jpg,a group of people standing in front of a pond
image_2335.png,"a man in a suit and tie is staring at the camera with the capt that says, ` ` ` ` ` ` ` ` ` ` ` ` ` ` ` ` ` ` ` ` ` ` ` ` ` ` ` ` ` ` ` `"
image_2336.jpg,a poster for the movie man babies put on the brink
image_2337.jpg,a man kissing a woman in the middle of a field
image_2338.jpg,a man sitting at a desk in front of a computer
image_2339.jpg,a man in a military uniform is looking at another man in a military uniform
image_234.png,"a picture of a girl and a guy with the capt that reads, ' my daughter is my brother '"
image_2340.png,an image of a man in a green shirt with the sun in the background and text that reads when you
image_2341.png,a crowd of people with their faces in the air
image_2342.png,why why why why why why why why why why why why why why why why why why why why why why why why why why why why
image_2343.jpg,a man in a suit and bow tie standing next to a fire
image_2344.jpg,a col col col col col col col col col col col col col col col col col col col col col col col col col col col
image_2345.jpg,two people sitting at a table with a microphone in their mouth
image_2346.jpg,a unicorn riding on top of a white horse
image_2347.jpeg,a sponge sponge sponge sponge sponge sponge sponge sponge sponge sponge sponge sponge
image_2348.jpg,a man in a suit standing on a red carpet
image_2349.jpg,two people sitting in the back seat of a car
image_235.png,a man sitting on the beach with a teddy bear
image_2350.jpg,a man in a suit and tie is looking at the camera
image_2351.png,"an image of a man in a suit with his hands on his face and the capt reads, i don"
image_2352.jpg,a man talking on a cell phone
image_2353.jpg,makes 1st prank phone call jameson - makes 1st prank phone call jameson bad luck kid
image_2354.jpg,a picture of a man talking on the phone
image_2355.jpg,an image of a man talking on the phone
image_2356.jpg,a man holding up a can of beer
image_2357.jpg,two pictures of a man and a woman kissing
image_2358.jpg,person before person goes to bed he checks under the bed for person
image_2359.jpg,an image of a man talking on the phone
image_236.png,a man in a suit holding a teddy bear
image_2360.png,a man sitting on a bench with a drink in his hand
image_2361.jpg,a man sitting at a table in front of a laptop
image_2362.jpg,"a baby in a green shirt sitting on a blue and purple background with the capt that says, ` `"
image_2363.jpg,a picture of a person with a hat on
image_2364.jpg,a man in a hat is standing in the park
image_2365.jpg,a man in a red shirt pointing at the camera
image_2366.jpg,a man in a sweater talking on a cell
image_2367.jpg,kery meme - keryme keryme keryme keryme keryme keryme keryme kerymeme keryme keryme keryme keryme keryme keryme kery
image_2368.jpg,hey hey hey hey hey hey hey hey hey hey hey hey hey hey hey hey hey
image_2369.jpg,a minion holding a cupcake with the words happy birthday i am
image_237.png,mr ben the inventor of selfs the first person take self self self self self self self self self self self self self self self self self self self self self self
image_2370.jpg,a picture of a man with a capt that says you ' re? what ' s that?
image_2371.jpg,"a young man wearing glasses and looking at the camera with a capt that says, ` ` ` ` ` ` ` ` ` ` ` ` ` ` ` ` ` ` ` ` ` ` ` ` ` ` ` ` ` ` ` ` ` `"
image_2372.jpg,a small pig is standing in the grass
image_2373.jpg,"text that reads, ` ` ` ` ` ` ` ` ` ` ` ` ` ` ` ` ` ` ` ` ` ` ` ` ` ` ` ` ` ` ` ` ` ` ` ` ` ` ` ` ` ` ` ` ` `"
image_2374.jpg,a man in an orange shirt talking on a cell
image_2375.png,an image of a soccer player in the middle of the field
image_2376.jpg,a woman wearing a t shirt that says i will find them and i will catch them
image_2377.png,a man in a suit and tie standing next to another man
image_2378.png,a man in a suit and tie is looking at the camera
image_2379.jpg,a man in a suit and tie with the words i don ' t always being but when it ' s
image_238.jpg,a man riding a bike down a road
image_2380.jpg,"a man in a white sweater with the words, i am are with me"
image_2381.jpg,"there was his bug in my mouth, you can fuck it ' s my boy"
image_2382.jpg,a man and woman are camping in the woods
image_2383.jpg,a woman in a hospital bed with the capt that says no text back to all do disappointed px
image_2384.jpg,a boy sitting at a table with his finger in the air
image_2385.jpg,a wolf and a wolf standing next to each other wolfs
image_2386.jpg,a woman holding up a bag with the words i am approved
image_2387.jpg,a man talking on a cell phone
image_2388.jpg,a man standing in front of an auditorium with headphones on
image_2389.png,"an image of two jedis, one with a light saber and one with a sword"
image_239.png,a man in a suit and tie with his hand on his head
image_2390.png,a man in a suit pointing at a woman on a boat
image_2391.png,hey hey hey hey hey hey hey hey hey hey hey hey
image_2392.png,a picture of a man talking on the phone
image_2393.png,a man with a beard and a watch
image_2394.png,i ' m so happy that miled am together again
image_2395.png,an image of a man talking on the phone
image_2396.png,"a tweet with the capt that reads, ' i hate when someone is in the wrong way '"
image_2397.png,a screenshot of a man with a beard and mustache
image_2398.jpg,a picture of a man pointing at the camera
image_2399.png,a man with a beard and a pink shirt
image_24.jpg,avengers avengers memes avengers memes avengers memes avengers memes
image_240.png,two men are posing for the camera
image_2400.png,"a tweet with the capt that reads, ' i ' m ' tweet"
image_2401.png,a screenshot of a text message that reads ` ` ` ` ` ` ` ` ` ` ` ` ` ` ` ` ` ` ` ` ` ` ` ` ` ` ` ` ` ` ` ` ` ` ` ` ` ` ` ` `
image_2402.png,"a man in a black shirt and a white t - shirt, with the capt that reads, he speaks"
image_2403.png,a group of men standing next to each other men
image_2404.png,"an image of a man in a suit and tie with the capt that reads, ' the group is the"
image_2405.jpg,a man in a suit talking on a cell
image_2406.jpg,i will hunt you down
image_2407.png,a movie poster with a picture of a man and a woman
image_2408.jpg,a man in a black jacket with the capt that says when monsters sleep at night they check their lost for
image_2409.png,"a text that reads, ` ` ` ` ` ` ` ` ` ` ` ` ` ` ` ` ` ` ` ` ` ` ` ` ` ` ` ` ` ` ` ` ` ` ` ` ` ` ` ` ` ` `"
image_241.png,a man in a suit and tie is looking at the camera
image_2410.png,a man in a black jacket looking at the camera
image_2411.png,a picture of a man in a suit with a quote on it
image_2412.jpg,a man with a scarf around his neck
image_2413.jpg,a man in a suit and tie pointing at the camera
image_2414.png,a picture of a man with a smile on his face
image_2415.jpg,a man in a black leather jacket is talking to the camera
image_2416.png,a man in a red shirt and a woman in a red shirt
image_2417.png,a col col col col col col col col col
image_2418.jpg,a man dressed as a star wars character
image_2419.jpg,a picture of a man talking on a cell phone
image_242.png,a man sitting at a table with a teddy bear
image_2420.png,a man in a black shirt talking on a cell
image_2421.png,a picture of a woman holding a can of coke
image_2422.jpg,a man talking on a cell phone
image_2423.jpg,hey hey hey hey hey hey hey hey hey hey hey hey hey hey hey hey hey hey
image_2424.jpg,a group of people sitting on top of a couch
image_2425.jpg,and then say to me because he was fun - and then say to me because he was fun sudden guy
image_2426.png,"a man in a black sweater sits at a table with a red text that reads, ` did you know"
image_2427.png,i ' m happy that miley and liam together again
image_2428.jpg,a man sitting in a chair holding a cigarette
image_2429.png,"a screenshot of a man in a suit and tie, with the capt ` ` ` ` ` ` ` ` ` ` ` ` ` ` ` ` ` ` ` ` ` ` ` ` ` ` ` ` ` ` ` ` ` ` `"
image_243.png,a picture of a man with a bird on his head
image_2430.jpeg,one does not simply
image_2431.jpg,an image of a man with long hair and beards in armor
image_2432.jpeg,one does simply walk into mor you dont want to right oh you notice
image_2433.jpg,a man with long hair and beards standing in the rain
image_2434.jpg,a man in a grey shirt looking at the camera
image_2435.jpg,an image of a man with a sword in his hand
image_2436.jpg,an image of a troll with blue eyes
image_2437.jpg,an image of a man with a big grin on his face
image_2438.jpg,one does not simply walk into mor and i ' m axe the hok hok hok hok hok hok hok ho
image_2439.jpeg,a picture of a man with long hair and a woman with long hair
image_244.jpg,a man in a suit and tie sitting on a chair
image_2440.jpg,a picture of a man and a woman in the middle of the day
image_2441.jpg,a picture of a man with a beard and a viking helmet
image_2442.jpg,a picture of a man with long hair and an expression on his face
image_2443.jpg,lord of the rings a bunch of staghmen fight over every lord of the rings a bunch of staghmen fight over every lord of
image_2444.jpg,"a picture of a person with a capt that says when you ' re, you ' re"
image_2445.jpg,"a person holding a light in their hand, with the capt that reads when you ' re, when you"
image_2446.jpeg,an image of a man with long hair and a beard
image_2447.jpg,an image of a man with long hair and beards standing in front of a mountain
image_2448.jpg,an image of a man with a long beard and a beard that says who is that??
image_2449.jpg,an image of a man sitting on a rock in the middle earth
image_245.jpg,an image of a man driving in a car
image_2450.jpg,one does not simply get of the internet
image_2451.jpg,a group of people sitting around a table
image_2452.jpg,a man in a fur coat holding a sword
image_2453.jpg,game of thrones is listed as the best game of thrones game of thrones is listed as the best game of thrones game of thrones is listed as the thrones is listed as the best game of thrones game of thrones game
image_2454.jpg,"an image of a girl and a lion with the capt that reads, ` ' we ' ll go through"
image_2455.jpg,game of thrones quotes
image_2456.jpg,an old man with a long beard and a hat holding a stick
image_2457.jpg,an image of a man with long hair holding a sword
image_2458.jpg,thor thor thor thor thor thor thor thor thor thor thor thor thor thor thor thor thor thor thor thor thor
image_2459.jpg,a man with long hair in the middle of his face
image_246.png,a man in a suit and tie with the words are you sure?
image_2460.jpg,game of thrones is listed as the best game of thrones game of thrones is listed as the best game of thrones is listed
image_2461.jpeg,a picture of a man with his head in his hands
image_2462.jpg,"two people walking down a street with the words, the lord of the rings"
image_2463.png,"an image of a man with long white hair and beards, with the capt that reads, i hate"
image_2464.jpg,two pictures of a girl and a troll troll troll troll troll troll troll troll troll troll troll troll troll troll
image_2465.png,"an image of a man with long hair and a beard, with the capt that reads, i ' m"
image_2466.jpg,the lord from lord of the rings and the lord of the rings
image_2467.jpg,a group of people standing on top of an airplane
image_2468.jpg,"an image of a troll troll with the capt that reads, hear over favorite so you ' re"
image_2469.png,a man with long hair and beards in a black shirt is holding a knife
image_247.jpg,a man in a suit and tie holding his hand to his ear
image_2470.jpg,two men with glasses and one is wearing a cape
image_2471.jpg,when you open the door of your bedroom and he starts
image_2472.jpg,gan gan gan gan gan gan gan gan gan gan gan gan gan gan gan
image_2473.jpg,"an image of a man with long blonde hair and blue eyes, with the capt that reads orlando bloom expectations"
image_2474.jpg,` ` ` ` ` ` ` ` ` ` ` ` ` ` ` ` ` ` ` ` ` ` ` ` ` ` ` ` ` ` ` ` ` ` ` ` ` ` ` ` ` ` `
image_2475.jpg,a man with long white hair and a beard smiles at the camera
image_2476.jpg,an image of a man with long hair and blue eyes
image_2477.jpg,"and your name is? you give your name, person"
image_2478.jpg,a group of people laying down in the grass
image_2479.jpg,one does not simply said the other does not simply said the other does not simply said one does not simply said one does one does one does
image_248.jpg,a man in a suit and tie is dancing
image_2480.jpg,a picture of two harry potters pointing at the camera
image_2481.jpg,a picture of a man holding a sword in the middle of a forest with the words when you ' re
image_2482.jpg,"a picture of a man with long hair and a quote that reads, when the water is bring your food"
image_2483.jpg,an image of a man with long hair and beards
image_2484.jpg,a man with long hair and a bow on his head
image_2485.png,"an image of an old man with a long white beard and a beard that says, ' my friend try"
image_2486.jpg,a col col col col col col col col col col col col col col col col col col col col col col col col col col col col col col
image_2487.jpg,"one day, will stop making lord of the rings but it is not this day"
image_2488.jpg,"game of thrones, game of thrones"
image_2489.jpg,one does not simply - one does not simply one does
image_249.png,an image of a man with a surprised look on his face
image_2490.png,an image of a man and a woman in the middle earth
image_2491.jpg,a man with long hair wearing a black jacket
image_2492.jpg,an image of a man reading a newspaper
image_2493.jpg,"an image of monsters and aliens from the movie monsters and aliens, monsters, aliens"
image_2494.jpg,a man with long hair and beards in the middle of a movie
image_2495.jpg,the many faces of the characters in the movie
image_2496.jpg,a picture of a man wearing a hat and holding a toy
image_2497.png,"an image of a woman with long blonde hair and a capt that reads, when someone says, when someone"
image_2498.jpg,an image of the gan gan gan gan gan gan gan gan gan gan gan gan gan gan
image_2499.jpg,a man in a white robe is sitting next to a woman in a white robe
image_25.jpg,"a col of deadpool, deadpool, deadpool and deadpool"
image_250.png,tag a friend who is a huge fan of mr ben
image_2500.jpg,an image of an old man with long hair and beards
image_2501.png,"a man pointing at the camera with text that reads, you are alone"
image_2502.jpg,a troll troll troll troll troll troll troll troll troll troll troll troll troll troll troll troll troll troll troll troll
image_2503.jpg,a minion with a quote that says i hate chocolates immediately
image_2504.jpg,a minion with a quote on it
image_2505.jpg,a minion with the capt that says how do you feel when you ' re?
image_2506.jpg,a minion with a guitar and the words ' summer '
image_2507.jpg,a minion with a quote on it that says i ' m ' m ' m ' m ' m
image_2508.jpg,"a minion with a quote on it that says, i ' m ' m ' m ' m '"
image_2509.jpg,south park south park south park south park south park south park south park south park south park south park south park south park south park south park
image_251.png,a man in a suit sitting at a desk with a computer
image_2510.jpg,an image of a minion with the capt that says captain ' s ninety minute
image_2511.jpg,a minions minions minions minions minions minions minions minions minions minions
image_2512.jpg,"a minion with a quote that reads sometimes, sometimes, sometimes, sometimes"
image_2513.jpg,a minions christmas card with an image of the characters
image_2514.jpg,an image of a minion with a quote on it
image_2515.jpg,a minion with a gun and a quote on it
image_2516.jpg,a minion with a quote that reads sorry birthday my sister ' s friends
image_2517.jpeg,a picture of a minion with a quote on it
image_2518.jpg,des des des des des des des des des des des des des des des des des des des des des
image_2519.jpg,two minions are standing next to each other minions
image_252.png,a man in a suit and tie holding a camera
image_2520.jpg,"a group of minions minions minions, minions quotes, minions birthday, minions party, minions birthday party, minions"
image_2521.jpg,a minion with the words do i look like someone who ' s what?
image_2522.jpg,a minion holding a cup of coffee
image_2523.jpg,a minion with the words i miss you
image_2524.jpg,"a minion with a quote on it that says, ` ` '"
image_2525.jpg,a minion with a capt that says stay weird it ' s legal and fun
image_2526.jpg,"a minion with the words, ` ` ` ' and ` ` ` ' on it"
image_2527.jpg,i ' m sorry - i ' m sorry i ' m sorry i ' m sorry i ' m sorry i ' m sorry i ' m
image_2528.jpg,"a minion with a quote on it that says, ' first person to complain is not this summer"
image_2529.jpg,an image of a minion with a quote on it
image_253.jpg,a man in a suit and hat smoking a cigarette
image_2530.jpg,"a yellow background with a cartoon character and a quote that says, ` i ' m ' m ' m"
image_2531.jpg,"a minion with a quote on it that says, put the potion on minimum wage and watch how fast"
image_2532.jpg,"a minion with the words never to be angry, stay awake and not revenge"
image_2533.jpg,a minion with a quote that says i ' m ' m ' m ' m ' m ' m
image_2534.jpg,des des des des des des des des des des des des des des des des des des des des des
image_2535.jpeg,a stuffed minion with glasses on it ' s head
image_2536.jpg,des des des des des des des des des des des des des des des des des des des des des
image_2537.png,a yellow minion with a black and white quote on it
image_2538.jpg,a minion with a quote on it
image_2539.jpg,a minion with headphones sitting on top of his head
image_254.png,a man in a suit and tie with a smile on his face
image_2540.jpeg,a minion sitting in an office with a cup of coffee
image_2541.jpg,a picture of a minion with a quote on it
image_2542.jpg,a minion with a flower crown on it ' s head
image_2543.jpg,a minion with the words math on it
image_2544.jpg,"a minion with a capt that reads, ` you say i ' m ' m ' m ' m"
image_2545.jpg,"a minion with a quote that says it ' s been a big week but on positive, i don"
image_2546.jpg,"a minion with a quote on it that says, when you tell your problems, it ' s not"
image_2547.jpg,a minion holding a phone with the words to do it
image_2548.jpg,a minion with a quote on it that says don ' t afraid to be afraid to be afraid to
image_2549.jpg,"a minion with a quote on it that says, if i ' m ' m ' m ' m"
image_255.jpg,a black and white photo of a man in a suit
image_2550.jpg,a minion with a quote on it that says i ' m ' m ' m ' m ' m
image_2551.jpg,"a minion with the words ' yes, i don '"
image_2552.jpg,i ' m work day time to take the world - i ' m work day time to take the world minion
image_2553.jpg,des des des des des des des des des des des des des des des des des des des des des
image_2554.jpg,"a picture of a purple bird with the words, it ' s not one of those days"
image_2555.jpg,"a minions minions quotes, minions quotes, minions birthday, minions birthday party, minions birthday party, minions birthday"
image_2556.jpg,a minion with a quote that says i ' m ' m ' m ' m ' m ' m
image_2557.jpg,a minion with the words ' friday is my second favorite '
image_2558.jpg,"a minion in overalls and overalls, with the capt that reads, ' my talent is to"
image_2559.jpg,a minion with a quote that says it ' s strange
image_256.png,a picture of a man in a suit and tie
image_2560.jpg,person when you ' ve been a little girl and daddy isn ' t person when you ' ve been a little girl and daddy isn ' t
image_2561.jpg,"an image of a minion with a capt that reads, ' dammit ' m '"
image_2562.jpg,a couple of minion minions with the capt ` ` ` ` ` ` ` ` ` ` ` ` ` ` ` ` ` ` ` ` ` ` ` ` ` ` ` ` ` ` ` ` ` ` ` ` ` ` ` ` `
image_2563.jpg,a green dump truck with a lot of gold coins on it
image_2564.jpg,a minion with bananas in his hands
image_2565.jpg,a wallpaper with a picture of a cartoon character
image_2566.jpg,des des des des des des des des des des des des des des des des des des des des des
image_2567.jpg,"a minion with a quote on it that says, ' i ' m '"
image_2568.jpg,two minions minions minions minions minions minions minions minions minions minions minions
image_2569.jpg,an image of a minion with the capt that says admit
image_257.png,a picture of a man in a leather jacket
image_2570.jpg,a picture of a minion holding a red rose
image_2571.jpg,"a minion sitting on top of a white background with the capt that says, ` ` ` ` ` ` ` ` ` ` ` ` ` ` ` ` ` ` ` ` ` ` ` ` ` ` ` ` ` ` ` ` ` `"
image_2572.jpg,"a minion with a quote that says sometimes, sometimes sometimes sometimes sometimes sometimes sometimes sometimes"
image_2573.jpg,a minion with a quote on it saying have date night with my sister
image_2574.jpg,"an image of a minion with a capt that reads, ` ' i ' m '"
image_2575.jpg,"a minion with a quote that says, ' some people call me, i prefer the term '"
image_2576.jpg,two minions minions minions minions minions minions minions minions minions minions minions minions minions
image_2577.jpg,des des des des des des des des des des des des des des des des des des des des des
image_2578.jpg,des des des des des des des des des des des des des des des des des des des des des
image_2579.jpg,"two minions minions are holding up a sign that says, you don ' t to watch"
image_258.jpg,"a man in a suit and tie with the capt that says, when you get your friends joke ohhh"
image_2580.jpg,the only reason i ' m ' m ' m ' m ' m ' m ' m ' m ' m
image_2581.jpg,des des des des des des des des des des des des des des des des des des des des des
image_2582.png,two minions minions minions minions minions minions minions minions minions minions minions
image_2583.jpg,"a minion with a quote on it that says, how do you care?"
image_2584.jpg,a minion with a quote on it
image_2585.jpg,a flower with the words facebook me 4 year old moms
image_2586.jpg,a minion with a quote on it
image_2587.jpg,"a minion with the capt that says, when you ' re, you ' re, you ' re"
image_2588.jpg,a poster with a minion in the middle of it
image_2589.jpg,a minion with a quote on it
image_259.png,a man in a suit sitting in front of a group of people
image_2590.jpg,a minion with a quote on it
image_2591.jpg,a minion with a quote on it
image_2592.jpg,an image of a minion with the words how to own an agent?
image_2593.jpg,"a minion with a quote on it that says, ` i saw through the window that ' s so"
image_2594.png,a minion with the words god isn ' t real
image_2595.jpg,a cartoon minion with a pair of scissors and a quote that says ` ` ` ` ` ` ` ` ` ` ` ` ` ` ` ` ` ` ` ` ` ` ` ` ` ` ` ` ` ` ` ` ` ` ` `
image_2596.jpg,"a picture of a minion laying on the ground with a capt that reads, what ' s fun?"
image_2597.png,a minion with the words don ' t going to work but this is right to go home is bullshit
image_2598.png,"an image of a minion with a capt that reads, i have violent socios"
image_2599.png,"i ' m not fat, i ' m fluffy"
image_26.jpeg,"a man with blonde hair looking at the camera with a capt that reads, ` ` ` ` ` ` ` ` ` ` ` ` `"
image_260.jpg,a man in a suit and tie standing next to another man in a suit
image_2600.png,minion minion minion minion minion minion minion minion minion minion mini
image_2601.png,a minion with the capt that says it was fat
image_2602.jpg,a minion with the capt that says it ' s true
image_2603.png,"a minion with a thought bubble that says, i ' m ' m ' m ' m ' m"
image_2604.jpg,two minions minions minions minions minions minions minions minions minions minions minions minions
image_2605.jpg,a minions minions minions minions minions minions minions minions minions minions minions minions minions
image_2606.png,"an image of two cartoon characters, one with a hat and the other with a face"
image_2607.jpg,a minion with a hat and glasses on it ' s head
image_2608.jpg,minions the minion minions the minion minions the minion minions the minion minions the minion minions
image_2609.jpg,two people dressed as minions from the minions movie
image_261.png,"an image of a man in a suit and tie, with the capt that reads mr ben taught me to"
image_2610.jpg,the minion is not amused
image_2611.jpg,a minion sitting on top of a table
image_2612.jpg,des des des des des des des des des des des des des des des des des des des des des
image_2613.jpg,the minions minions minions minions minions minions minions minions minions minions
image_2614.jpg,a minion with the words ' if i had to run my life '
image_2615.jpg,"a couple of minions minions quotes, minions quotes, minions birthday, minions quotes, minions quotes, minions birthday"
image_2616.jpg,a minion with a quote on it
image_2617.jpg,"a picture of a minion with the capt that says, i can ' t remember"
image_2618.jpg,"a minion holding a cell phone with the capt that says, ' sometimes, sometimes, sometimes, sometimes"
image_2619.jpg,a minion with a chef hat and glasses
image_262.jpg,a man in a suit and tie holding a drill
image_2620.png,a minion with the words dear office i have a lot of people
image_2621.png,a minion with a police hat and a police uniform
image_2622.jpg,"two minions minions quotes, minions movie, minions quotes, minions birthday, minions birthday, minions party, minions"
image_2623.jpg,a cartoon of a man in a suit smoking a cigarette
image_2624.png,a yellow minion with a black and white background
image_2625.jpg,a yellow and black minion with a quote on it
image_2626.jpg,a minion with a quote on it
image_2627.jpg,"an image of a minion with the capt that says, ' when you ' reting your facebook account"
image_2628.jpg,"a drawing of a minion with the capt that says, do anyone ' s cry when they ' re"
image_2629.jpg,"a minion with a quote on it that reads, ` ' the moment is the moment of the moment"
image_263.jpg,a black and white poster with the words teacher appreciation week
image_2630.jpg,a minion with a quote on it
image_2631.jpg,i ' ve been hiding from exercise i ' m ' m ' m ' m ' m ' m ' m ' m ' m ' m
image_2632.jpg,a minion with a quote on it saying you can ' t always control who ' s your life
image_2633.jpg,a minion laying on the ground with the words it takes skill to trip over at surfaces
image_2634.png,"three minions minions minions, minions memes, minions memes, minions memes, minions memes,"
image_2635.png,three minions are standing next to each other minions
image_2636.jpg,a minion with a quote on it that says i hate people
image_2637.jpg,"the minions minions, minions memes, minions memes, minions memes, minions memes, minions"
image_2638.jpg,"i hate when i ' m singing, and the artist gets the word wrong"
image_2639.jpg,"a minion with a quote on it that says, ` i hate people as what happened to me?"
image_264.jpg,"a black and white photo with the words new year resolution, new year resolution"
image_2640.jpg,"a minion with a quote on it that says, just one in my life i love to be"
image_2641.jpg,"a minion with glasses and a quote that says, if you could ' t you could ' t you"
image_2642.jpg,a minion with a quote that reads stop waiting for pine
image_2643.jpg,"a minion with a quote on it that says, i ' m getting old sucks i used to wake"
image_2644.jpg,a minion with a quote on it that says i have no diet for two weeks
image_2645.jpg,a minion with a quote on it
image_2646.jpg,a minion with a quote on it
image_2647.jpg,a minion with glasses on it ' s face
image_2648.jpg,"a minion with a quote that says, sometimes you just want to be a minion"
image_2649.jpg,"a minion with a quote on it that says, ' be yourself before you ' re"
image_265.jpg,2dequenss - black and white illustration
image_2650.jpg,a minion with a quote on it
image_2651.jpg,a minion with a quote on it
image_2652.jpg,a minion and a minion with the capt that says it is not a minion
image_2653.jpg,a minion with a quote on it
image_2654.png,a minion and a minion with a heart shaped balloon
image_2655.jpg,a minion with a quote on it that says i ' m normal
image_2656.jpg,a minion with a quote on it that says we are all natures somebody
image_2657.jpg,"a minion with the capt that says when you ' re, when you ' re"
image_2658.png,"a cartoon drawing of a man looking at a sign that says, we have been com"
image_2659.jpg,"a man in a car with the capt that reads, ` ' when you ' re, you ' re"
image_266.jpg,me should i have a star wars movie? me should i have a star wars movie? me should i have a star wars movie? me
image_2660.jpg,a minion with a quote that says i hate you
image_2661.png,you father and are getting divorce can we just get married?
image_2662.jpg,two minions minions christmas minions minions minions minions minions minions minions minions minions minions minions minions minions minions minions minions minions
image_2663.png,"a picture of a man with a beard and a sign that says, i hate you"
image_2664.jpg,a man sitting in a chair with a book on his lap
image_2665.png,"an image of a man in a suit and tie, with the capt that reads iceland ' s president knows"
image_2666.jpg,a man in a suit sitting at a desk
image_2667.jpg,a woman sitting in front of a mirror with her hand on her face
image_2668.jpg,"the princess and the frog disney memes, disney memes, disney memes, disney movies, disney"
image_2669.jpg,a woman sitting on top of a couch with the capt in her mouth
image_267.jpg,a black and white photo with the words how not to be angry
image_2670.jpg,an image of a man with long hair and a mustache
image_2671.jpg,malayalam dialoguess with english sub
image_2672.png,a woman holding her head in front of her face with the capt that says i can ' t believe that
image_2673.jpg,they said fight like girl tok that ' s a compliment
image_2674.jpg,get to use msg in speech?????????????????????
image_2675.png,a picture of donald the trump
image_2676.jpg,an image of a woman with a quote on her face
image_2677.png,a cartoon picture of a man with glasses pointing at a butterfly
image_2678.png,hillary mememememememememememememememememememememememememememememememememememememememememememememememememe
image_2679.png,an image of a woman with red hair and glasses
image_268.jpg,a black and white quote sticker
image_2680.jpg,trump and hillary face to face
image_2681.png,a girl with glasses saying what do you say to say no?
image_2682.jpg,"a black and white image of a man with a gun in his hand, with the words dad and daughters"
image_2683.jpg,"an image of a man and a woman with text that reads, you know what ' s the difference?"
image_2684.png,a man pointing at the camera with a capt that reads what do you call a chinese post?
image_2685.jpg,i like to start my morning with a bowl of meat
image_2686.jpg,a close up of a person ' s lips with a quote on it
image_2687.jpg,no animals were hurt in the making of the movie
image_2688.jpg,a young girl standing in front of a book shelf
image_2689.jpg,a little girl holding an owl on her arm
image_269.jpg,natural way to get rid
image_2690.jpg,a black and white sign with the words you ' d have a beautiful daughter
image_2691.png,a woman in the middle of a field holding a shield
image_2692.jpg,this is what moxy looks like
image_2693.jpg,dont sleep with the fishes ride them like bitchs
image_2694.png,"an image of a man in a black shirt with a white beard and a quote that reads, ' we"
image_2695.jpg,"a picture of a gun with the words, when your daughter ' s boyfriend picks up her"
image_2696.jpg,a woman with her hands up in the air
image_2697.jpg,a lizard with its mouth open and it ' s tongue out
image_2698.jpg,a black and white image of a man in a top hat with a cigarette in his mouth
image_2699.png,a man in a car with the capt on his face
image_27.jpeg,a col col col col col col col col col col col col col col col col col col col col col col col col col col col col col
image_270.jpg,a black and white poster with the words ' the intro ' and ' the intro '
image_2700.jpg,"a piece of paper that says, ` ` ` ` ` ` ` ` ` ` ` ` ` ` ` ` ` ` ` ` ` ` ` ` ` ` ` ` ` ` ` ` ` ` ` ` ` ` ` ` ` ` `"
image_2701.jpg,a woman in a yellow jacket is giving a speech
image_2702.jpg,a man sitting at a table talking on a phone
image_2703.png,a woman in a red swimsuit looking at her reflection
image_2704.jpg,a woman in a white suit and red lipstick sitting in a chair
image_2705.jpg,an image of a woman with eyebrows and eyebrows
image_2706.jpg,"a black and white poster with the words `, `, ' ', ' ', ', ', ', ', ' and"
image_2707.png,a vote for a vote for a victory
image_2708.jpg,a woman sitting at a table in front of a computer
image_2709.png,hillary mememememememememememememememememememememememememememememememememememememememememememememememememe
image_271.jpg,a group of young girls with their mouths open
image_2710.png,an image of a woman with tattoos and piercings
image_2711.jpg,"an illustration of a girl with red hair, wearing a striped shirt and jeans"
image_2712.jpg,"a smiley face with sunglasses on it and the capt that says when you ' re, when you ' re"
image_2713.png,disaster disaster disaster disaster disaster disaster disaster disaster disaster disaster disaster disaster disaster disaster disaster disaster
image_2714.jpg,a minion with a quote on it
image_2715.jpg,a black and white cat laying on the floor
image_2716.jpg,a woman in a white shirt and a man in a yellow hat
image_2717.jpg,a woman is cooking in the kitchen
image_2718.jpg,a pile of chocolates with a quote on it
image_2719.jpg,"a man with a mustache on his face and the capt says, ' eme sanger you mean up"
image_272.jpg,my spirit animal my spirit animal is a bear because i ' m pretty
image_2720.jpg,a cartoon picture of a frog eating a sandwich
image_2721.jpg,waiting for a wonder woman movie - waiting for a wonder woman movie
image_2722.jpg,a group of people sitting in front of a poster
image_2723.jpg,` ` ` ` ` ` ` ` ` ` ` ` ` ` ` ` ` ` ` ` ` ` ` ` ` ` ` ` ` ` ` ` ` ` ` ` ` ` ` ` `
image_2724.jpg,a woman in a red shirt is holding up a piece of paper
image_2725.jpg,a woman in a pink tank top with the words discrimination against women
image_2726.jpg,a man and woman sitting at a table with a cup of coffee
image_2727.jpg,a man in a suit sitting at a desk with his head in his hands
image_2728.jpg,i amer not because i have a life but because i amer not because i have a life but because i amer not because i
image_2729.jpg,a person drinking tea while sitting on a bench
image_273.jpg,i ' m insurance company sticker
image_2730.jpg,a woman in a black dress sitting on a couch
image_2731.jpg,"a girl with glasses and a poster that says, what do you know??"
image_2732.jpg,"yeah, i read about male privilege one let me plant you - yeah, i read about male privilege one let me plant you"
image_2733.jpg,a col col col col col col col col col col col col col col col col col col col col
image_2734.jpg,abraham abraham abraham abraham abraham abraham abraham abraham abraham abraham abraham abraham
image_2735.jpg,"a cartoon picture of a woman in a pink dress with the capt that reads, when you ' reting"
image_2736.jpg,a man with a backpack standing in front of a crowd
image_2737.jpg,you know what the word begins with me - you know what the word begins with me mis
image_2738.jpg,a black and white photo of a man in a suit
image_2739.jpg,a man in a suit and tie is smiling
image_274.jpg,a black and white quote on a white background
image_2740.jpeg,a man with long white hair wearing a hat
image_2741.jpg,a woman in a red shirt holding a bag
image_2742.jpg,i haven to the time to think
image_2743.JPG,a baby in a monkey costume laying on the grass
image_2744.jpg,a man in a suit standing next to another man in a suit
image_2745.jpg,a man in a yellow shirt sitting on a couch
image_2746.jpg,an old man wearing a hat and scarf
image_2747.jpeg,a man in a white robe hugging another man
image_2748.jpg,an old man with glasses and a beard smiles at the camera
image_2749.jpg,a man in a white suit sitting on a chair with a cell
image_275.jpg,an image of a man dancing on the street
image_2750.jpeg,a woman in a bathing suit and a man in a bathing suit
image_2751.jpg,a group of teachers forced to sit in the first row
image_2752.jpg,a group of men standing next to each other men
image_2753.jpg,everybody is scientist until the real scientists are
image_2754.png,a woman with green hair and a man in a pink shirt
image_2755.jpg,a man in a blue shirt is waving with his hands
image_2756.jpg,a man sitting in a chair next to another man
image_2757.png,an old man with a long white beard and glasses
image_2758.jpg,pm modi approve - pm modi approve
image_2759.jpg,two men shaking hands in front of a painting
image_276.jpg,sponge sponge sponge sponge sponge sponge sponge sponge sponge sponge sponge sponge sponge sponge
image_2760.jpg,a man in a yellow shirt holding a banana
image_2761.jpg,the difference between india and india
image_2762.jpg,an old man talking to an older woman with a smile on her face
image_2763.png,an image of a man with a smile on his face
image_2764.jpg,pm modi ' s message to pm modi
image_2765.jpg,"person, person, person, person is trending now"
image_2766.png,"an old man sitting in a chair with his arms crossed and the capt reads, ' narena mo"
image_2767.jpg,a man with his hands up in the air
image_2768.jpg,a woman talking to a child in front of a fence
image_2769.jpg,a col of a man hugging another man
image_277.jpg,"a man in a suit and tie with the capt that reads, when you ' re, you ' re"
image_2770.png,"a man in a helmet with a map of india on it and the capt that reads, what ' s"
image_2771.jpg,a man wearing a hat and holding a phone
image_2772.jpg,a man in a white shirt is holding a bat
image_2773.png,a picture of a man sitting in front of a money bill
image_2774.jpg,"a man in a suit and tie with the capt that says i hate passport? no, don ' t"
image_2775.jpg,a man standing in front of a microphone with his arms outstretched
image_2776.jpg,a man standing on top of a mountain with his arms raised in the air
image_2777.jpg,i ' m to buy speak taking selfs for pm
image_2778.jpg,a tweet of an old man with a beard and mustache
image_2779.jpg,an image of a man wiping his face with a handkerchief
image_278.jpg,we review our ideas thank you 2017
image_2780.jpg,"two men sitting on a bed, one is reading a book and the other is reading a book"
image_2781.jpg,a man in a suit sitting at a table next to another man in a suit
image_2782.jpg,a man with tattoos singing into a microphone
image_2783.jpg,a man in a white shirt is giving a speech at a podium
image_2784.png,a picture of president donald and his wife
image_2785.jpg,a cartoon drawing of a man in a suit and tie
image_2786.jpg,a man and woman talking to each other people
image_2787.png,prime minister narena to black money holders
image_2788.png,that ' s not how science works - that ' s not how science works
image_2789.jpg,a man in a white shirt sitting at a table with a microphone
image_279.jpg,"a picture of a man in a suit and tie, with the capt that reads, my name is bond"
image_2790.jpg,an image of a man jumping in the middle of a room
image_2791.png,a picture of a man holding a cell phone
image_2792.png,"pm modi, pm modi, pm modi, pm modi, pm modi, pm"
image_2793.jpg,a man in a yellow shirt and sunglasses pointing at the camera
image_2794.png,government government government government government government government government government government government government government government government government
image_2795.png,a picture of a man in a suit and tie waving
image_2796.png,pm modi ' s message to pm modi
image_2797.jpg,pm modi meets naren modi
image_2798.png,pm modi memes pm modi memes pm pm pm pm pm pm pm pm pm pm pm
image_2799.png,a man with a tuk tuk tuk tuk tuk tuk tuk
image_28.jpg,the avengers meme and the avengers meme meme
image_280.jpg,a girl laying on the ground while reading a book
image_2800.png,bollywood memes memes memes memes memesmes memesmesmesmesmesmesmesmesmesmesmesmesmesmesmes
image_2801.png,two men shaking hands in front of an indian flag
image_2802.png,two men sitting in chairs talking to each other men
image_2803.png,a sponge sponge sponge sponge sponge sponge sponge sponge sponge sponge sponge sponge sponge
image_2804.png,"an image of a man with glasses on his head and the capt that reads, when you can ' t"
image_2805.jpg,the leader who has taken a single day off
image_2806.jpg,a man in sunglasses with the capt that says you ' rely mortgage payment
image_2807.jpg,a man standing on top of a building with the city in the background
image_2808.jpg,what did the hell happen? - what did the hell happen?
image_2809.png,a picture of a man with glasses and a capt that says what i do you?
image_281.png,a woman sitting next to a man in a courtroom
image_2810.jpg,an image of a man wearing sunglasses with the sun setting in the background
image_2811.jpg,an image of a man with the words what i did you?
image_2812.jpg,a man in a white lab coat holding a piece of paper
image_2813.jpg,a cat sitting on top of a table next to a computer
image_2814.jpg,"an image of a man in sunglasses with the capt that says, what do you want to do?"
image_2815.jpg,a black and white poster with the words ` what do you? '
image_2816.jpg,"a man with glasses and a beard that says, what do you know??"
image_2817.jpg,what if i said | what if i said | image tagged - what if i said | image tagged
image_2818.jpg,conspiracy conspiracy conspiracy conspiracy conspiracy conspiracy conspiracy conspiracy conspiracy conspiracy conspiracy conspiracy conspiracy
image_2819.jpg,you have go mes show me - you have go mes show me
image_282.png,a man holding up a sign that says the best movies for men
image_2820.jpg,what if i do what if i do what i do what if i do what i do what i do what i do what i do
image_2821.jpg,what if i told you there was a lot more big chance
image_2822.jpg,an image of a man with glasses that says what i told you to read the line
image_2823.jpg,what if i do what if i do what if i do what if i do
image_2824.jpg,two men in suits standing next to each other man
image_2825.png,a feld is sitting in a black bag
image_2826.jpg,` ` ` ` ` ` ` ` ` ` ` ` ` ` ` ` ` ` ` ` ` ` ` ` ` ` ` ` ` ` ` ` ` ` ` ` ` ` ` ` ` `
image_2827.jpg,an image of a man holding two pills in his hands
image_2828.png,a group of people with red paint on their faces
image_2829.jpg,what if i told you that you turn around the green lanterner
image_283.jpg,a book sitting on top of a table next to a cup
image_2830.jpg,a picture of a man with sunglasses on
image_2831.jpg,a picture of a man wearing sunglasses with the words what if i told you they are working on the internet
image_2832.png,the matrix matrix matrix matrix matrix matrix matrix matrix matrix matrix matrix matrix matrix matrix
image_2833.jpg,a man wearing sunglasses with the words what i do you
image_2834.png,a person holding a small mouse in their hand
image_2835.png,not people realize that the name ' no ' is an acronym
image_2836.jpg,what if i said | what if i said | image tagged | image tagged | bloy | image tagged | bloy | image
image_2837.jpg,a black and white photo of a man holding a pill pill
image_2838.jpg,an image of a man in sunglasses with the capt that says what i do
image_2839.png,a reflection of a person in a mirror
image_284.PNG,a man in a suit and tie with tattoos on his face
image_2840.jpg,an image of a man in a cowboy hat
image_2841.png,a man in a black suit is doing karate
image_2842.png,a poster with two women wearing sunglasses and one is smiling
image_2843.png,the matrix matrix matrix matrix matrix matrix matrix matrix matrix matrix matrix matrix matrix matrix matrix matrix matrix matrix matrix
image_2844.jpg,what if i told you nobody care about your facebook status - what if i told you nobody care about your facebook status sc
image_2845.png,what if i said - what if i said what if i said what if i said what if i said
image_2846.png,a man in a cowboy hat and a woman in a dress
image_2847.png,an image of a man wearing a leopard hat and sunglasses
image_2848.png,an image of a spider laying on the ground
image_2849.jpg,a picture of a man with a bunch of potatoes
image_285.jpg,a group of football players standing on top of a field
image_2850.jpg,takes driving test gets du - bad luck kid
image_2851.png,"a kid with the capt that says, only facebook friend is mom cyberlud"
image_2852.jpg,bad luck brian - bad luck brian
image_2853.jpg,"a picture of a man laughing with the capt that says, ` ` ` ` ` ` ` ` ` ` ` ` ` ` ` ` ` ` ` ` ` ` ' ' ' ' ' ' ` ` ` ` ` ` ` ` ` `"
image_2854.jpg,goes a batman for halloween parents killed - bad kid
image_2855.png,a man in a green shirt sitting in a chair
image_2856.jpg,a man in a suit pointing his finger at the camera
image_2857.png,a picture of a young boy with a smile on his face
image_2858.jpg,given the silent treatment by mute
image_2859.jpg,bad luck kid mememe
image_286.jpg,` ` ` ` ` ` ` ` ` ` ` ` ` ` ` ` ` ` ` ` ` ` ` ` ` ` ` ` ` ` ` ` ` ` ` ` ` ` ` ` ` ` ` ` `
image_2860.jpg,"a black and white photo of an older man with the capt that says, ` ` ` ` ` ` ` ` ` ` ` ` ` ` ` ` ` ` ` ` ` ` ` ` ` ` ` ` ` ` ` ` ` ` `"
image_2861.jpg,a picture of a kid in a school uniform and a picture of a boy in a school uniform
image_2862.jpg,a woman with a green head scarf eating a piece of food
image_2863.jpg,a man with a beard and a birthday cake
image_2864.png,"a man holding up a sign that says, ' i ' ll ' m me bad but i ' m"
image_2865.jpg,a kid with a capt that says stop drs and rolls into another fire
image_2866.jpg,a pin with an image of a man in a plaid shirt
image_2867.jpg,goes surfing for the first time hurricane
image_2868.jpg,a kid in a green shirt and white shirt with the capt that says i ' m ' m ' m
image_2869.jpg,gets printed looks like a performer of the joker - gets printed looks like a performer of the joker mis
image_287.jpg,a picture of a man with a light saber in his hand
image_2870.jpg,a picture of a kid with a capt that says parents get divorced no one wants custody
image_2871.jpeg,a boy with a smile on his face
image_2872.png,bad bad bad bad bad bad bad bad bad bad bad bad bad bad bad bad bad bad bad bad bad
image_2873.jpg,a man in a green shirt standing in front of a mirror
image_2874.jpg,an image of a man with a pink hair
image_2875.jpg,a young boy wearing a plaid shirt and smiling at the camera
image_2876.png,two pictures of a man and a woman
image_2877.png,a man wearing a headset and smiling at the camera
image_2878.jpg,gets surprised by morning wake up sex in prison - gets surprised by morning wake up sex
image_2879.jpg,a man in a suit and tie is talking to a woman
image_288.jpg,a man in a suit and tie holding a guitar
image_2880.jpg,a man in a suit pointing at the camera
image_2881.jpg,a guy with a smile on his face
image_2882.jpg,a picture of a young boy with a quote on it
image_2883.png,a man in a suit with his arms crossed
image_2884.jpg,a young boy sitting in front of a window
image_2885.jpg,"a baby sitting on top of a chair with the capt that says, ` ` ` '"
image_2886.png,an image of a man in a classroom with a blackboard
image_2887.png,plays video game dies on tutor
image_2888.png,a poster with a picture of a man in the middle
image_2889.png,a woman ' s hand with a tattoo on it
image_289.jpg,an old typewriter with a quote on it
image_2890.jpg,an image of a man in a suit and tie
image_2891.jpg,"a video game with the capt that reads 2 years old, still referred to a baby"
image_2892.jpg,a woman standing in front of a blackboard
image_2893.jpg,a picture of a girl in a red hat and plaid shirt with the capt that says it ' s very
image_2894.png,a picture of a man in a suit and tie
image_2895.jpg,a man with a smile on his face
image_2896.jpg,what if i do what if i do what if i do what if i do what if i do what
image_2897.jpg,a cat that is looking at the camera
image_2898.jpg,"a picture of a man in a vest and glasses, with the capt that reads rest face"
image_2899.jpg,one does not simply have a brme
image_29.jpg,the many faces of person in the movie
image_290.jpg,an old man with a hat and overalls standing in a field
image_2900.jpg,a black and white memememememememememememememememememememememememememememememememememememememememememememememe
image_2901.png,a tweet tweet on twitter
image_2902.png,an image of a cartoon character with a candle in his hand
image_2903.png,blizzard wants to be an overwatchor
image_2904.jpg,a picture of a kid with a birthday card
image_2905.jpeg,a man in a green shirt standing in front of a door
image_2906.jpg,a baby sitting at a table with a glass of beer
image_2907.jpg,a kid with glasses and a hat on his head
image_2908.png,dating a girl says she wants to start seeing her - dating a girl says she wants to start seeing her first world problems
image_2909.jpg,a cat that is looking at the camera
image_291.png,a meme meme meme meme meme meme meme meme meme meme meme meme meme meme meme meme meme meme meme meme meme meme meme meme me
image_2910.jpg,a picture of a young boy with text that reads use drops super glue
image_2911.jpg,a group of people sitting on the ground
image_2912.png,gets crumbd wakes up with vagina - gets crumbd wakes up with vagina bad luck kid
image_2913.jpg,a woman is making a funny face with her fingers
image_2914.jpg,two and a half - happy birthday greg & brian
image_2915.jpg,a squirrel sitting on top of a wooden bench
image_2916.jpg,a man sitting on the floor with a beer in his hand
image_2917.jpg,an old man with a funny expression saying happy birthday brain you are closer to your balls hang in the toilet
image_2918.jpg,a blue fish in the ocean with a capt that says bitch is fuck about get an shit
image_2919.jpg,two pictures of sharks in the ocean with capt that says how do you think?
image_292.jpg,an image of a snowman holding a sparkle
image_2920.jpg,when the teacher wants to know you didn your homework
image_2921.jpg,a couple kissing in the middle of an aquarium
image_2922.jpg,an image of a turtle in the water
image_2923.jpg,two sharks in the ocean with capt that says why why why why why why why why why why
image_2924.jpg,finding dory finding dory dory dory dory dory dory dory dory dory dory dory dory
image_2925.jpg,a picture of a person with a red hair
image_2926.jpg,an image of a person holding a red star
image_2927.jpg,finding dory dory dory dory dory dory dory dory dory dory dory
image_2928.jpg,a cartoon character holding a sign that says i ' m on the rock
image_2929.jpg,"an image of a seagul with the capt that reads, disney needs to make movies about gerald"
image_293.jpg,an image of a baby sitting on a chair
image_2930.jpg,an image of a fish with a capt that reads when you raise the tide smoke weed
image_2931.jpg,a group of sharks in the ocean with capt capt
image_2932.jpg,an image of a shark and some other animals
image_2933.jpg,a kitten playing with a stuffed animal toy
image_2934.jpg,a picture of a baby fish with the capt that says i ' m ' s having a bad day here
image_2935.jpg,a clown clown clown clown clown clown clown clown clown clown clown clown clown
image_2936.jpeg,"an image of an animal with the capt that says, ` i amt '"
image_2937.jpeg,"a shark with its mouth open and the capt that says, ` ` ` ` ` ` ` ` ` ` ` ` ` ` ` ` ` ` ` ` ` ` ` ` ` ` ` ` ` ` ` ` ` ` ` ` ` `"
image_2938.jpg,when you ask for coke and the water asks pepsi okay
image_2939.jpg,a pink background with an image of a cartoon character that says lo finding memes are fun
image_294.jpg,a man in a suit and tie dancing
image_2940.jpg,a bunch of birds sitting on top of a tree
image_2941.jpg,a picture of a turtle swimming in the ocean
image_2942.jpg,the logo for finding the wild
image_2943.jpg,a car that has been painted to look like a fish
image_2944.jpg,ne ne ne ne ne ne ne ne ne ne ne ne ne ne ne ne ne ne ne ne
image_2945.png,oh look moms as nerve i want to touch you i want to touch you i want you
image_2946.jpg,clown clown clown clown clown clown clown clown clown clown clown clown
image_2947.jpeg,a cat laying on the floor next to a stuffed animal
image_2948.png,"an image of a girl looking at her phone with the capt that reads, ' what do you want?"
image_2949.jpg,a blue and yellow fish swimming in the ocean
image_295.jpg,a black and white quote on a black background sticker
image_2950.jpg,"a picture of a girl with the capt that says, what do you want to do??"
image_2951.png,a person holding a cat in their hand
image_2952.png,finding finding finding finding finding finding finding finding finding finding finding finding
image_2953.jpg,two pictures of clowns and clowns in an aquarium
image_2954.png,a painting of two hands holding each other hands
image_2955.png,a bird with its mouth open in the water
image_2956.jpg,"an image of a cartoon character with a capt that says, you guys made me"
image_2957.jpg,the fish was so raw it ' s still to end
image_2958.png,an image of a fish swimming in the ocean
image_2959.png,"an image of a cartoon character with the capt that reads, i ' m ' m ' m ' m"
image_296.png,an image of a bird in a cage with a quote on it
image_2960.png,"a picture of two faces, one with the capt that says, ' i ' m ' and the other"
image_2961.png,an image of clown clown clown clown clown clown clown clown clown clown clown clown
image_2962.jpg,this is so raw he ' s still finding me - this is so raw he ' s still finding me
image_2963.png,a horse that is standing in front of a building
image_2964.jpg,clown clown clown clown clown clown clown clown clown clown clown clown clown clown clown clown clown clown clown clown clown
image_2965.jpg,a picture of a fish with the capt that says i ' m never drink
image_2966.png,a fish tank filled with different types of fish
image_2967.jpg,a turtle is swimming in the water
image_2968.jpg,a picture of some fish in the water
image_2969.jpg,"an image of a smiling shark with the capt that says, ` ` ` ` ` ` ` ` ` ` ` ` ` ` ` ` ` ` ` ` ` ` ` ` ` ` ` ` ` ` ` ` ` ` ` ` ` `"
image_297.jpg,"a blue background with the words sorry, i like a sister"
image_2970.png,a clown clown clown clown clown clown clown clown clown clown clown clown clown clown
image_2971.png,"a blue and yellow fish with a capt that reads, i ' m ' m ' m ' m ' m"
image_2972.jpg,finding dory - i need to save money oh look a sale
image_2973.png,"an image of a man in a suit and tie, with the capt that says you know what they are"
image_2974.jpg,a fish that is looking at the camera
image_2975.png,i ' m never drinking again i ' m never drinking again i ' m never drinking again i ' m never drinking again i ' m never
image_2976.png,an image of a man with his mouth open and the capt reads the walking cat
image_2977.png,"an image of a girl in a blue shirt with the capt that reads, who is the little girl?"
image_2978.jpg,a group of anime characters standing in a circle
image_2979.png,an image of a cartoon character with the capt that reads when it starts to look like a cat
image_298.jpg,a group of children playing with each other children
image_2980.png,a picture of a sea otter with a green cup in it ' s mouth
image_2981.jpg,a smiling shark with a fish in its mouth
image_2982.png,a dog laying on the floor next to a chair
image_2983.jpg,a goldfish in an aquarium looking at the camera
image_2984.jpg,a man in a suit and tie holding his hand up to the camera
image_2985.png,a picture of two men in suits and ties
image_2986.jpg,and then to them i ' d fix economy - and then to them i ' d fix economy obama
image_2987.png,two pictures of president obama and president trump
image_2988.jpg,a man in a suit holding up a medal
image_2989.png,a mememememememememememememememememememememememememememememememememememememememememememememememememe
image_299.jpg,a black and white image of a man with the words okay
image_2990.jpg,a man in a suit and tie with an american flag behind him
image_2991.png,a picture of a man in a suit and tie with an american flag behind him
image_2992.jpg,a man and woman looking at a computer
image_2993.png,a woman holding a baby in her arms
image_2994.jpg,a man in a white shirt and tie is playing with legos
image_2995.png,the president and first lady are sitting on a couch in front of a christmas tree
image_2996.jpg,a man in a suit and sunglasses talking on a cell
image_2997.jpg,"a black and white photo of president person with the words, ` ` ` ` ` ` ` ` ` ` ` ` ` ` ` ` ` ` ` ` ` ` ` ` ` ` ` ` ` ` ` ` ` ` ` ` ` `"
image_2998.jpg,a man in uniform adjusting another man ' s neck
image_2999.jpeg,"so you ' reting me if you ' reting it, you ' reting it, you ' reting it, you ' re"
image_3.JPG,a green trash can and a black trash can on a white background
image_30.jpg,a boy in a plaid shirt and vest is laughing at the camera
image_300.jpg,a beach with the words perspective is everything
image_3000.jpg,a person holding a cookie in a jar
image_3001.jpg,a man and woman standing next to each other people
image_3002.png,"a picture of president obama with the capt that reads, i don ' t remember"
image_3003.jpg,a man in a suit and tie standing in front of a building
image_3004.jpg,a woman with her mouth open and the words barack anyone anyone time for him
image_3005.jpg,a man in a suit sitting in a chair with his hand on his face
image_3006.jpg,a man in a suit and tie with his hand up
image_3007.jpg,a man in a suit and tie sitting at a table
image_3008.jpg,a man in a suit and tie with the words fiscal responsibility
image_3009.jpg,a man in a suit and hat holding a pokemon ball
image_301.jpg,sometimes the wrong ones bring the right places
image_3010.jpg,a man in a suit pointing at the camera with an american flag behind him
image_3011.jpg,a man in a suit pointing his finger at the camera
image_3012.jpg,"two pictures of donald and hillary, one with the same face"
image_3013.jpg,a man in a white shirt with the words coke how do you get??
image_3014.png,a man in a suit and tie speaking into a microphone
image_3015.png,a man holding up a t - shirt with the obama logo on it
image_3016.png,a picture of a man in a suit and tie laughing
image_3017.jpg,a man in a suit looking up at the sky
image_3018.png,an image of a woman talking on the phone with a man in the background
image_3019.jpg,a man in a suit and tie standing next to another man in a suit
image_302.png,thanks thanks thanks thanks thanks thanks thanks thanks thank thank thank thank thank thank thank thank thank thank thank thank thank
image_3020.jpeg,a picture of president obama and batman
image_3021.jpg,a man in a tuxed tuxed tuxed tuxed tuxed tuxed tuxed tuxed tu
image_3022.jpg,a man in a white shirt is looking at his phone
image_3023.jpg,a man in a suit and tie with the words when makes you side
image_3024.jpg,a man sitting at a desk talking on a phone
image_3025.jpg,two men are smiling and one is wearing a suit
image_3026.jpg,a man in a suit giving a speech at a podium
image_3027.png,"an image of a woman in a black and white dress, with the capt that reads, a new law"
image_3028.jpg,a picture of president obama and first lady michelle obama
image_3029.jpg,a man in a suit pointing his finger at the camera
image_303.jpg,a cat that is looking at the camera
image_3030.jpg,a man in a suit and tie is looking at the camera
image_3031.png,a black and white photo of president obama
image_3032.jpg,a picture of a woman talking on the phone
image_3033.jpg,a man in a black shirt sitting at a desk with his hand on his face
image_3034.jpg,a man in a suit and tie standing next to an american flag
image_3035.png,a man in white pants and sunglasses walking down the street
image_3036.jpg,a man in a tuxed suit holding a wine glass
image_3037.jpg,two men in suits standing next to each other men
image_3038.jpg,"a man in a suit and a woman in a bikini, with the capt that reads when you ' re"
image_3039.png,a group of people sitting around a table in a room
image_304.jpeg,a man with glasses sitting in front of a computer
image_3040.jpg,president obama and first lady michelle bach at the white house
image_3041.jpg,a man in a suit and tie with an american flag behind him
image_3042.jpg,a man in a suit pointing his finger at the camera
image_3043.png,a poster with a picture of president obama and hillary
image_3044.jpg,a man standing in front of an american flag with the words when your crush says america
image_3045.jpg,a man that is standing in front of an oven
image_3046.jpg,a man in a suit and tie giving a speech
image_3047.png,a man in a fur coat holding a microphone
image_3048.jpg,obama ' s farewell word yes we did destroy america - obama ' s farewell word yes we did destroy america
image_3049.jpg,"a tweet of president obama and his wife, michelle"
image_305.jpeg,"a picture of a man in a white shirt with a pink background and text that reads, ' today found"
image_3050.jpg,a man in a red hat holding a gun
image_3051.png,a group of people laughing in the middle of a room
image_3052.jpg,obama is the best person in the world
image_3053.jpg,a man in a suit and tie holding a microphone
image_3054.png,a baby in a green shirt with a fist in his hand
image_3055.jpg,a man in a suit and tie holding a gun
image_3056.jpg,a man with long hair and a beard in a leather jacket is talking on the phone
image_3057.jpg,a man in a suit and hat standing next to a sponge
image_3058.jpg,an image of a man with a beard
image_3059.jpg,a man in a suit holding a microphone
image_306.jpeg,"an image of a man in a white shirt with the capt that reads, ' mr buys punching wife an"
image_3060.jpeg,a picture of a man in a suit and sunglasses
image_3061.jpg,a photo of president donald is shown on the twitter page
image_3062.jpeg,two pictures of president obama and the white house
image_3063.png,an image of a building that is on fire
image_3064.jpg,a white rabbit waving at the camera
image_3065.jpg,a man in a suit and tie standing next to an american flag
image_3066.jpg,two women sitting on chairs in front of a fireplace
image_3067.png,a woman holding up a sign in front of her
image_3068.jpg,a man in a suit and tie sitting at a desk
image_3069.jpg,a man in a suit sitting next to another man in a suit
image_307.jpeg,a woman with long brown hair standing in front of a mirror
image_3070.jpeg,two pictures of president trump and the president in the white house
image_3071.jpg,a man in a suit and tie on top of a building
image_3072.jpg,a man in a tuxed tuxed tuxed tuxed tuxed tuxed
image_3073.jpg,obama and bider on twitter
image_3074.png,a man and woman on a plane looking at each other people
image_3075.jpg,a man in a suit with the words it ' s beautiful
image_3076.jpg,a group of penguins standing on top of an iceberg
image_3077.jpg,a man in a blue shirt with a penguin on his head
image_3078.jpg,a bird that is standing in the water
image_3079.jpg,when your friend is having an emotional breakdown you ' ret
image_308.jpg,two cats laying on top of a bed
image_3080.jpg,a group of penguins standing next to each other penguins
image_3081.png,no anime allowed
image_3082.jpeg,a penguin standing on top of a snow covered hill
image_3083.jpg,a cartoon picture with the words ' you can ' t ' t ' t ' t ' t ' t
image_3084.jpg,a penguin sitting on top of a rock
image_3085.jpg,socially socially socially socially socially socially socially socially socially socially socially
image_3086.jpg,"a cartoon drawing of a bird with the capt that reads, ' don '"
image_3087.jpg,an image of a penguin walking away from the camera
image_3088.png,a penguin sitting on top of a table next to a barcode
image_3089.jpg,day 20 they still think in penguin
image_309.jpg,a black and white cat with green eyes
image_3090.jpg,i like the cold because i ' m a bad penguin
image_3091.jpg,a bear that is sitting on top of a tree branch
image_3092.jpg,socially awkward penguin - looks socially awkward mes fes go abt self
image_3093.jpg,a couple of penguins standing next to each other penguins
image_3094.jpg,a penguin and a penguin with the words what do you do?
image_3095.jpg,my mom wakes up when she sleeps in bed - socially penguin
image_3096.jpg,an image of a cartoon character with the words rockhopper on it
image_3097.png,"a green frog sitting on top of a table with the capt that reads, ' how do you want to"
image_3098.jpg,a penguin is standing in front of a line of soldiers
image_3099.png,a penguin and a penguin walking down the street
image_31.jpg,oh there ' s a newer move? tell me again - oh there ' s a newer move??? tell me again conde
image_310.jpg,cat ' s paws on the left side of the book
image_3100.jpg,a couple of penguins standing on top of a beach
image_3101.png,a penguin sitting on top of a blue and white background with the words now i don ' t going to
image_3102.jpg,"a penguin with a capt that says, ` why ' s perry, i ' m ' d wake because"
image_3103.jpg,a group of penguins standing next to each other penguins
image_3104.jpg,"an image of a penguin with a capt that reads, ' my reaction everything '"
image_3105.jpg,a picture of harry and his friends in harry ' s house
image_3106.png,a picture of a penguin that is in the middle of a party
image_3107.png,an image of a penguin and a penguin in the snow
image_3108.jpg,a penguin standing next to a penguin in the snow
image_3109.png,a penguin standing in front of a group of penguins
image_311.jpg,a small white dog with a pink nose sitting on the floor
image_3110.png,two eggs on a plate with a fork and knife
image_3111.jpg,a rabbit with a gun sitting in the grass
image_3112.jpg,a cartoon penguin with the words don ' t up your dreams motivation
image_3113.jpg,a penguin standing on top of a snow covered ground
image_3114.png,an image of a woman with a cigarette in her mouth
image_3115.png,a picture of a monkey in the middle of a room
image_3116.jpg,a light blue t shirt with an image of a penguin on it
image_3117.jpg,a penguin that is standing in the snow
image_3118.jpg,"one with me, human i ' ll show you to penguin"
image_3119.jpg,when you get into a snowball fight club penguin
image_312.jpg,"a picture of a man in a suit and tie with the capt that says, ` ` ` ` ` ` ` ` ` ` ` ` ` ` ` ` ` ` ` ` ` ` ` ` ` ` ` ` ` ` ` ` ` `"
image_3120.png,a cartoon character with a speech bubble that says ` ` ` ` ` ` ` ` ` ` ` ` ` ` ` ` ` ` ` ` ` ` ` ` ` ` ` ` ` ` ` ` ` ` ` ` `
image_3121.jpg,two penguins standing next to each other penguins in the kitchen eating while having conversation with girlfriend who ' s taking
image_3122.jpg,a penguin is standing in front of a birthday cake
image_3123.jpg,a penguin sitting on the ground next to a pile of food
image_3124.png,a group of penguins that are standing in a hole
image_3125.png,a penguin that is standing in the snow
image_3126.jpg,a group of penguins sitting on top of each other penguins
image_3127.png,an image of a person standing in front of a whiteboard
image_3128.jpg,a penguin with its mouth open in the snow
image_3129.jpg,a black and white cat standing in the snow
image_313.jpg,an image of a cartoon character holding a piece of paper
image_3130.jpg,a man with long hair and beards in a red shirt
image_3131.png,a penguin that is standing in front of a door
image_3132.png,a penguin sitting on top of a red and blue background
image_3133.jpg,two penguins standing next to each other penguins
image_3134.png,two penguins on the beach with a quote
image_3135.png,an image of a penguin with the capt that says it ' s not okay
image_3136.png,an image of a cartoon character with a capt
image_3137.png,"an image of a penguin with a capt that reads, when people say they ' remes are better than"
image_3138.png,a penguin sitting in the grass next to a box
image_3139.png,"a cartoon bird with a capt that says, when you ' re"
image_314.jpg,a young boy in a red shirt is holding his head
image_3140.png,a couple of penguins standing next to each other penguins
image_3141.jpg,an image of a cartoon character with a capt
image_3142.jpg,"a picture of a purple frog with the capt that reads, ' ultrarepe only sensee in 10"
image_3143.jpg,a cartoon frog with a gun in his hand
image_3144.jpg,an image of a person looking at a window that says she never gave me
image_3145.jpg,day 4 of the great shiting war - day 4 of the great shiting war
image_3146.jpg,a frog and a frog face to face with each other frog
image_3147.jpg,"angry cat meme - okay, which is ok, which is ok, which is ok"
image_3148.jpg,a green frog with a white shirt and blue pants
image_3149.jpg,the muppet muppet muppet muppet muppet muppet muppet muppet muppet muppet muppet muppet muppet mu
image_315.jpg,oh you love 18 metallums tell me an ho - conded willy
image_3150.jpeg,"a cartoon frog with the capt that reads when you ' re, when you ' re"
image_3151.jpeg,"a picture of a frog with the capt that says, when your phd is getting reviewed"
image_3152.jpg,"an image of a cartoon character with the capt that reads, when you lose your phone for a week and"
image_3153.jpg,"a cartoon monkey with the capt that says, ` ` ` ` ` ` ` ` ` ` ` ` ` ` ` ` ` ` ` ` ` ` ` ` ` ` ` ` ` ` ` ` ` ` ` ` ` ` ` ` `"
image_3154.png,a cartoon frog holding a piece of paper with the words ' i ' m ' on it
image_3155.jpg,a cartoon frog sitting at a desk with the capt that reads ahh i don ' t want me
image_3156.jpg,a picture of a green monster with red eyes
image_3157.jpg,a cartoon frog sitting on top of a toilet
image_3158.jpg,the bee movie poster
image_3159.jpg,a cartoon frog wearing glasses and a blue shirt
image_316.jpg,a little girl standing in front of a fire
image_3160.jpg,"a man in a suit and a woman in a suit with the words don ' tk to me,"
image_3161.jpg,an image of a frog sitting on the ground
image_3162.jpg,a cartoon frog wearing a football uniform and holding a football ball
image_3163.jpg,rusttown postcard - rusttown postcard - rusttown postcard - rusttown postcard - rusttown postcard
image_3164.jpg,a green frog with a speech bubble saying be nice man
image_3165.jpg,a picture of a man in a suit and tie
image_3166.jpg,a frog that is looking at the camera
image_3167.png,an image of a cartoon character with a capt
image_3168.png,"an image of a man standing in front of a whiteboard with the words, big poems are asking up"
image_3169.jpg,"a picture of a frog with the capt that says, ' fuck you, never shit you '"
image_317.jpg,the front of the liquor store
image_3170.jpg,a picture of a cartoon character with an angry expression
image_3171.png,a cartoon frog holding a banana in his hand
image_3172.jpg,a cartoon picture of a frog with the capt that reads when you ' reting 3 lines and someone tells
image_3173.jpg,a frog and a frog face with text that reads when you finally text it ' s just the phone company
image_3174.png,"a cartoon frog with the capt that says, don ' t"
image_3175.jpg,an image of a frog holding a rifle
image_3176.jpg,"a man wearing a frog mask with the capt that reads, when your girl likes you"
image_3177.jpg,"mes, the life of the go they are also"
image_3178.jpg,a cartoon drawing of a man holding a frog
image_3179.jpg,a newspaper page with a picture of a man standing on top of a building
image_318.jpg,a col of people with different faces and hair styles
image_3180.jpg,"an image of a cartoon character with the capt that reads when you ' re, you ' re, you"
image_3181.jpg,person the frog mememememememememememememememememememememememememememememememememememememememememememememememe
image_3182.jpg,some of the different types of pokemon
image_3183.png,"a comic strip with four different characters, one is a frog and the other is a frog"
image_3184.png,"an image of a cartoon character with the capt that says, when you ' reated and still wants to"
image_3185.png,a cartoon frog wearing sunglasses and holding a gun
image_3186.png,"a cartoon skeleton with a capt that reads, this skeleton pee, he is one of the rest pees"
image_3187.png,a cartoon of a man with a beard and mustache
image_3188.jpg,an image of a woman with pink hair
image_3189.jpg,a picture of a person hanging on a rope
image_319.png,a couple of cats sitting on top of a table
image_3190.jpg,when you start out a super darken up a symbol
image_3191.png,pep pep pep pep pep pep pep pep pep pep pep pep pep pep pep
image_3192.png,an image of a cartoon character with the capt that reads when they say they are dead
image_3193.png,a cartoon frog wearing a hard hat and holding a drill
image_3194.png,a cartoon of a woman with a frog on her head
image_3195.jpg,a man in a red shirt standing in front of a computer
image_3196.jpg,a man in a red shirt with his mouth open
image_3197.jpg,a man in a red shirt is pointing at the camera
image_3198.jpg,a man in a red shirt holding a glass
image_3199.jpg,"a man in a star trek uniform with the capt that says, ' i ' m ' better than than"
image_32.jpg,the avengers movie memes
image_320.jpg,a poster with a picture of a woman and a man in the background
image_3200.jpg,a man in a red shirt pointing his finger at the camera and saying why why why why why why why
image_3201.jpg,an image of a man in a red shirt pointing at two pills
image_3202.jpeg,a man in a red shirt pointing his finger at the camera
image_3203.jpg,a man in a red shirt is pointing his finger at the camera
image_3204.jpeg,captain ' s log meme - captain ' s log
image_3205.jpg,a man in a red shirt with the words ' the fuck? '
image_3206.png,a man in a red shirt pointing at the camera
image_3207.jpg,a picture of a man in a red shirt with his hands on his face
image_3208.jpg,a man sitting in a chair reading a book
image_3209.jpg,a kid in a green shirt and white shirt with the words open an luc pad me doesn ask question
image_321.jpg,a cat that is sitting on top of a table
image_3210.jpg,a man sitting on a couch with a laptop
image_3211.jpg,a man in a red shirt with a quote on it
image_3212.jpg,a man in a red shirt is holding up his fist
image_3213.jpg,my android phone comes with a data plan
image_3214.jpeg,"an image of a man in a red shirt and a yellow shirt, with the capt that reads, `"
image_3215.jpg,a man in a red shirt pointing at the camera
image_3216.png,an image of a man with glasses and a bow tie
image_3217.png,a man sitting in front of a computer
image_3218.png,an image of a man talking on the phone
image_3219.png,a man sitting in a chair holding a cigarette
image_322.jpg,a drawing of two hands holding each other hands
image_3220.jpg,a man in a suit holding a glass of wine
image_3221.jpg,a picture of a man in a red shirt pointing at something
image_3222.png,a group of men standing next to each other men
image_3223.jpg,a picture of a man in a suit and tie
image_3224.jpg,an image of a man in a red shirt with the capt on his face
image_3225.jpg,a poster with a picture of a man in a star trek uniform
image_3226.jpg,a man sitting in front of a computer
image_3227.jpg,a man in a red shirt sitting at a table
image_3228.png,make the mes you wish to see the world
image_3229.jpg,a woman sitting at a table with a laptop
image_323.jpg,a painting of a man sitting at a table next to a woman
image_3230.png,first images of the new captain pic star trek
image_3231.jpg,a man sitting in a chair with his hand on his face
image_3232.png,a man in a red shirt sitting at a table
image_3233.png,a man in a red shirt pointing at the camera
image_3234.png,a man holding a guitar in his hand
image_3235.jpg,an image of a man pointing his finger at the camera
image_3236.jpg,a man in a red shirt sitting in a chair
image_3237.jpg,"a picture of a man in a red uniform with a capt that reads, needs more cake"
image_3238.jpg,a man in a red shirt holding a cigarette
image_3239.png,a man in a red shirt holding a cigarette
image_324.jpg,a white cat laying on top of a table
image_3240.png,a man wearing a red shirt
image_3241.png,a picture of a man in a red uniform
image_3242.png,a man in a red shirt pointing at the camera
image_3243.jpg,captain ' s log - captain ' s log
image_3244.jpg,a man in a red shirt and hat standing in front of a table
image_3245.png,a man sitting in front of a computer screen
image_3246.jpg,a man sitting in a chair holding a drink
image_3247.jpg,an image of a man in a space station with the words you should know you should know
image_3248.jpg,a man in a suit sitting at a desk
image_3249.jpg,trump and putin are the same people
image_325.jpg,a boat in the ocean with a lighthouse on top of it
image_3250.jpg,a man in a suit sitting at a table
image_3251.jpg,"we don ' t like youlea, we don ' t like youlea, we don ' t like"
image_3252.jpg,a man in a suit and tie sitting in front of a map
image_3253.jpg,a group of people sitting at a long table
image_3254.jpg,a man and woman standing next to each other people
image_3255.png,a painting of a man in a military uniform
image_3256.jpg,a man in a black jacket pointing at the camera
image_3257.jpg,putin approves - putin approves putin approves
image_3258.jpg,a man standing on top of a building in front of a crowd
image_3259.jpg,a man holding a gun in his hand
image_326.jpg,an owl sitting on top of a table next to a sign
image_3260.jpg,a man in a suit and tie is looking at the camera
image_3261.jpg,a man dressed as the joker with his hands in the air
image_3262.jpg,a man in a suit pointing at the camera
image_3263.jpg,a man in a suit holding a gun
image_3264.jpg,an image of a bunch of balloons with the words don ' t know about it
image_3265.jpg,a man kneeling down on the ground with a backpack
image_3266.jpg,a man in a suit standing next to a lemon
image_3267.jpg,an image of a man with a beard and a quote on it
image_3268.jpg,a picture of a man with a beard and a red shirt
image_3269.jpg,an image of a sun with the words only in russian
image_327.jpeg,a white dog sitting on top of a table
image_3270.jpg,a woman wearing a mcdonald hat and smiling
image_3271.jpg,a woman in a red dress holding a microphone
image_3272.jpg,putin putin - i band mes in russia i ' m really put them in the place
image_3273.jpg,putin putin - don ' t ' emes but win d ' t ' emes p ' e everywhere
image_3274.jpg,a group of men in suits holding candles
image_3275.jpg,a man wearing sunglasses with the words just put on my glasses
image_3276.jpg,a man in a suit is petting a dog
image_3277.jpg,a man in a suit holding a koloa
image_3278.jpg,a man in a suit and tie talking to a woman
image_3279.jpg,a man in a suit and tie speaking into a microphone
image_328.jpg,a man wearing a yellow hat in the woods
image_3280.jpg,a man in a suit sitting at a table
image_3281.jpeg,a col of pictures of president obama and the president
image_3282.jpg,a man in a fur coat holding a sword
image_3283.jpg,a picture of president obama talking on the phone
image_3284.jpg,"a man in a vest and tie with the capt that says, shows up an event everyone hope was dead"
image_3285.jpg,a man in a white karate outfit standing in front of a wall
image_3286.png,a man in a suit and tie with his hands over his face
image_3287.jpg,a man in a suit pointing at the camera
image_3288.jpg,a man in a suit and tie sitting in front of a map
image_3289.jpg,hey hey hey hey hey hey hey hey hey hey hey hey hey hey hey hey hey hey hey
image_329.jpg,two men standing next to each other man with the words rush hour
image_3290.jpg,"oh, i ' m and we ' d ' a think you ' re - oh, i ' m and we ' d ' a think"
image_3291.png,a man in a suit sitting at a table with a pen and paper
image_3292.jpg,a man in a suit pointing at the camera
image_3293.jpg,a man in a suit and tie standing next to another man
image_3294.jpg,"the faces of politicians, politicians and politicians"
image_3295.jpg,a black dog standing next to a man in a suit
image_3296.jpg,a man in a suit and tie sitting at a table
image_3297.png,a man holding a beer glass in his hand
image_3298.jpg,a man in a suit and tie holding up a pair of glasses
image_3299.png,"a man in a suit and tie sitting at a table with the capt that reads, i don ' t"
image_33.jpg,an image of a man and a woman in a movie
image_330.jpg,a picture of a person walking down the street
image_3300.png,a man in a suit pointing his finger at the camera
image_3301.jpg,a group of people standing next to each other people
image_3302.jpg,a man holding a microphone in front of a crowd
image_3303.png,"a woman with blonde hair and a quote that reads, ` it ' s pretty that vladimir putin is the"
image_3304.png,a group of people standing next to each other people
image_3305.jpg,a book with the title put was fairyed and other jokes you can ' t yourself
image_3306.jpg,a man in a suit and tie sitting at a desk
image_3307.jpg,a man in a suit and tie sitting on a chair
image_3308.jpg,a man in a black sweater talking on the phone
image_3309.jpg,one does one does one does one does one does one does one does one does
image_331.jpg,a sign that says it ' s okay to raise your hand if you still like tequila
image_3310.jpg,a person swimming in the water with a mask on
image_3311.jpg,a man in the water with a shark
image_3312.jpg,a man in a suit and tie standing next to a woman in a dress
image_3313.jpg,a group of people standing in front of a building
image_3314.png,putin is a sign to make russia great again
image_3315.jpg,a group of people with their arms in the air
image_3316.jpg,a man in a suit standing on the back of a boat
image_3317.jpg,a man in a suit and tie next to another man in a suit
image_3318.jpg,a man in a suit and tie waves at the camera
image_3319.png,a man in a suit and tie pointing at another man in a suit and tie pointing at another man
image_332.jpg,a black cat sitting on top of a brick wall
image_3320.jpg,a man in a suit sitting at a desk
image_3321.jpg,a man in a suit and tie standing next to a man in a suit
image_3322.jpg,two pictures of men in suits and ties standing next to each other men
image_3323.png,a man in a suit and tie talking to another man
image_3324.jpg,a man in a suit and tie is holding his head
image_3325.jpg,a man sitting at a table eating popcorn
image_3326.png,a man in a suit is looking through a telescope
image_3327.jpg,a woman in a white dress standing next to a man in a suit
image_3328.png,a picture of a man in a suit and sunglasses
image_3329.jpg,a picture of a man with a mustache on his face
image_333.jpg,"a sign that says, you should ' tw, you should ' tw"
image_3330.jpg,a group of men standing next to each other men
image_3331.jpg,a man in a suit sitting next to a doll
image_3332.jpg,a man in a suit talking on a cell phone
image_3333.jpg,two pictures of a cow and a hamburger
image_3334.jpg,the faces of the famous characters
image_3335.jpg,a man in a suit and tie sitting next to another man in a suit and tie
image_3336.png,a picture of a dragon eating a hot dog
image_3337.jpg,vladimir putin absorbing the force of an innocent child
image_3338.jpg,two men standing next to each other man
image_3339.jpeg,a man with a beard and a quote on it
image_334.jpg,a col with the capt that says it ' s like an evil pokemon
image_3340.png,"a woman talking to a child with the capt that reads it is not the money, but it is just"
image_3341.png,trump is called a racist
image_3342.jpeg,an old man wearing a hat and holding a stick
image_3343.jpg,an image of a man with his mouth open
image_3344.jpg,two men sitting on a couch talking to each other men
image_3345.jpg,an image of a man in a lab
image_3346.jpeg,a man in a suit and tie is smiling
image_3347.jpg,a small dog sitting in a bowl filled with rice
image_3348.jpg,a man holding a microphone in front of his face
image_3349.jpg,the face of a man with glasses that says you got 100 yo yo yo yo yo yo yo
image_335.jpg,a man and woman sitting on a couch talking to each other people
image_3350.jpg,a man in a black leather jacket is talking to the camera
image_3351.jpg,a man in a white shirt and tie sitting at a desk
image_3352.jpg,a woman with glasses and a red background
image_3353.jpg,a woman in a pink shirt and black pants sitting on a bench next to a man in a white shirt
image_3354.jpg,an old man with a beard and a quote on it
image_3355.jpg,an image of a woman with a funny expression on her face
image_3356.png,an image of a woman with her hand on her chin
image_3357.jpg,a man with his mouth open in front of the camera
image_3358.png,"an image of a man in a suit and tie with the capt that says, trump is in a racist"
image_3359.jpg,a black and white photo of a man in a suit
image_336.jpg,a drawing of a girl with pink hair and blue eyes
image_3360.png,an image of a lion and a man in a suit
image_3361.jpg,a man in a suit and tie smoking a cigarette
image_3362.jpg,a man in a suit and tie with a quote on it
image_3363.jpg,a man with long hair sitting in the back of a truck
image_3364.png,a woman with glasses and a red background
image_3365.jpg,a group of women standing next to each other women
image_3366.png,a woman holding a sign on the street
image_3367.jpg,a man in a blue shirt and tie sitting on a chair
image_3368.png,a man in a suit talking to another man in a suit
image_3369.jpg,a black woman with red hair and a pink shirt
image_337.jpg,a sign that says millennias walking around like they ' re the place
image_3370.jpg,a picture of a woman with a black hair
image_3371.jpeg,one does all the time | i ' m not a racist racism is me and crime is something for black people | image tagged
image_3372.jpg,an image of a cartoon character with a capt
image_3373.jpg,an image of a man in armor holding a sword
image_3374.jpg,two pictures of a man in a bathroom with a sink
image_3375.png,a man in a suit and tie speaking into a microphone
image_3376.jpg,the number of racist mes is to damn high
image_3377.jpg,a face with the words you ' re your game? must have been ngr
image_3378.png,a man in a suit and tie with a quote on it
image_3379.jpg,a soldier holding a watermel in the desert
image_338.jpg,a man in a blue shirt and headphones with the words what is content?
image_3380.png,"an image of a man in a white shirt, with the capt that reads donald trump is not a person"
image_3381.jpg,an image of a penguin sitting on top of a snowman
image_3382.jpg,a picture of a man with a mustache and mustache
image_3383.jpg,a cartoon character with a cell phone in his hand
image_3384.jpg,a man smoking a cigarette in front of a building
image_3385.jpg,a dog with glasses on it ' s face
image_3386.png,a picture of the face of a man in a suit and tie
image_3387.jpg,a man in a suit standing next to another man in a suit
image_3388.jpg,a large group of people standing in front of a crowd
image_3389.jpg,two pictures of a man with a tattoo on his back
image_339.jpg,the poster for what happened?
image_3390.jpg,an old photo of a boy getting his hair cut
image_3391.jpg,a picture of a man in a white tank top and striped pants
image_3392.jpg,the joker in the dark knight movie
image_3393.jpg,an image of a quote on a white background
image_3394.jpg,a black and white image of a man in a suit pointing his finger at the camera
image_3395.jpg,a man in a red shirt pointing his finger at the camera
image_3396.jpg,a picture of a cat sitting on a couch
image_3397.jpg,a picture of two kids eating a turkey
image_3398.jpg,a man in a suit and tie is looking at his bride
image_3399.jpg,a woman holding a cat in her arms
image_34.jpg,the avengers movie still not watched
image_340.jpg,a person wearing a red shirt and a yellow fox mask
image_3400.jpg,a man in a suit holding a gun
image_3401.jpg,a person drinking tea on the balcony of a house
image_3402.jpg,a man in a red shirt is standing next to a chair
image_3403.jpg,a picture of a baby in a bunny suit
image_3404.jpeg,a group of children standing next to a fence
image_3405.jpg,a man standing in front of a refrigerator
image_3406.png,an image of a woman talking to a man
image_3407.png,a group of women dressed in black are walking down the street
image_3408.jpg,a black and white photo of a man wearing a hat
image_3409.png,a man in an orange jacket is talking on the phone
image_341.jpg,heavy metal heavy metal heavy metal heavy metal heavy metal heavy metal heavy metal heavy metal heavy metal heavy metal heavy metal heavy metal heavy metal heavy metal
image_3410.png,two people standing next to each other person
image_3411.png,a man with a beard playing a basketball game
image_3412.jpg,a baby orang is playing with an orang
image_3413.jpg,i ' m sick of politics
image_3414.png,an image of a man in a suit and tie with the capt that reads what ' s back and never
image_3415.png,a man holding a gun in his hand
image_3416.jpg,i ' ver ben more said to be a idiot - i ver ben more said to be a idiot confession bear
image_3417.jpg,a husky dog sitting on top of a bed
image_3418.jpg,two police officers walking down the street in front of a building
image_3419.png,a blue and yellow fish with the words green blue fish versus go that fast
image_342.png,a red bull racing car in the middle of a race track
image_3420.jpg,an old photo of a man with a long beard
image_3421.png,a football player kneeling in the middle of the field
image_3422.png,a cartoon character holding a stick with the words don ' t racist hate everyone
image_3423.png,a woman washing her baby in a bathtub
image_3424.png,a little girl holding a baby in her arms
image_3425.jpg,"two pictures of a woman and a man with the capt that says, ` how do you feel when you"
image_3426.jpeg,a black and white photo of a field of flowers
image_3427.jpg,i never knew my father was popular on the internet
image_3428.png,a man in a top hat and bow tie is looking at another man in a top hat
image_3429.jpg,a man in a suit and tie is being held by another man in a suit and tie
image_343.png,a tweet of a child in a white shirt and black pants
image_3430.jpeg,"when i ' m in school, i ' m in school, i ' m in school, i ' m in school, i ' m"
image_3431.jpeg,a man sitting at a table with a bottle of beer
image_3432.png,am i ' m the only around here - am i ' m the only around here
image_3433.jpeg,a picture of two men wearing different outfits
image_3434.jpg,a picture of a man with glasses and a green background
image_3435.jpg,obama - i am black and i was president of the usa you closer
image_3436.jpg,a man holding his head in front of his face
image_3437.jpg,an image of a man with a mustache and mustache
image_3438.jpg,a black and white photo of a man wearing sunglasses
image_3439.jpg,a man with a big smile on his face
image_344.png,a tweet with the text ' get ask dont work '
image_3440.jpg,a man in a suit and tie talking to another man
image_3441.jpg,a man with a thumbs up in front of the camera
image_3442.jpg,me to mr pn i make my school appropriate me to mr pn i make my school appropriate
image_3443.jpeg,three men are shown in this poster
image_3444.jpg,a man sitting on a bench in a park
image_3445.jpg,a man in a suit and tie with his mouth open
image_3446.jpg,a man and woman are looking at each other people
image_3447.jpg,a man talking on a cell phone
image_3448.png,a man in a suit and tie is surrounded by microphones
image_3449.jpg,a man in a purple suit and top hat sitting on a chair with his hand on his head
image_345.png,a man in a police uniform talking to another man
image_3450.jpg,a tweet with a man in a blue shirt and white pants
image_3451.jpg,a man in a white shirt is giving a speech
image_3452.jpg,a group of men sitting on top of each other men
image_3453.jpg,"two pictures of a man in a suit and tie, one is pointing at the camera and the other is"
image_3454.jpg,a man sitting in a chair with his hand on his chin
image_3455.png,the lyrics for the song of the song of the song
image_3456.png,a man in a white shirt sitting next to a man in a black suit
image_3457.jpg,a man with a beard and a quote that says victory is state of mind
image_3458.jpg,a man in a white shirt is holding a microphone
image_3459.jpg,an image of a man in a suit and tie
image_346.png,"a man with a beard and a capt that says, ' i ' m '"
image_3460.jpg,four pictures of a man with glasses and a white shirt
image_3461.jpg,a man with his hand up in front of him
image_3462.jpg,a woman in a blue shirt and glasses speaking into a microphone
image_3463.jpg,a man with red paint on his face
image_3464.jpg,a man in a suit and tie is making a funny face
image_3465.jpg,"person, person, person, person, person, person"
image_3466.jpg,a man in a white shirt and glasses speaking into a microphone
image_3467.jpg,a man standing in front of rows of beds
image_3468.jpg,a man in a white shirt is pointing his finger at the camera
image_3469.png,a picture of a man in a suit and sunglasses
image_347.png,a man with dread dread dread dread dread dread dread dread dread dread dread dread dread dread dread dread dread dread
image_3470.jpg,two pictures of a man and woman sitting in the parliament
image_3471.jpg,a man with his mouth open in front of the camera
image_3472.jpg,a man in a white shirt is looking at the camera
image_3473.jpg,a man sitting in a chair with a smile on his face
image_3474.jpg,a picture of some people with different expressions
image_3475.jpg,a man in a suit and tie speaking into a microphone
image_3476.jpg,a man in a suit and tie next to another man in a suit
image_3477.png,two pictures of a man and a woman with tennis rackets
image_3478.jpg,a group of men sitting around a table
image_3479.jpg,an image of a man in a white robe waving
image_348.jpg,"doctor strange, doctor strange, doctor strange"
image_3480.jpg,a man in a white shirt sitting at a table
image_3481.jpg,a man with a baseball bat in his hand
image_3482.png,rah gani ' s name proposed for guinness world record
image_3483.jpg,a man in a white shirt is giving the peace sign
image_3484.png,a picture of a man with long hair
image_3485.jpg,a man standing in front of a crowd holding a camera
image_3486.png,an image of a man with a smile on his face
image_3487.jpg,two men shaking hands in front of a house
image_3488.png,an image of a man with a beard and mustache
image_3489.png,a woman holding her head in front of a poster
image_349.png,it ' s literally that me
image_3490.png,"a picture of a woman with a quote on it that says, ' together we can ' t say anything"
image_3491.jpg,what if i said - what if i said rah ' s real name is rah
image_3492.png,a picture of a man in a suit and tie with the capt that reads what is your crit smile
image_3493.jpg,a picture of a man talking on the phone
image_3494.jpg,rad ' s reaction when he sees his own speech on youtube
image_3495.jpg,a seal is sitting on top of an iceberg
image_3496.png,a man in camouflage holding a rifle in the woods
image_3497.jpg,a baby seal seal in the snow
image_3498.jpg,a seal is peeking out from a basket
image_3499.png,a seal in the water with its mouth open
image_35.png,captain marvel movie memes
image_350.jpg,i know i know i know i know i know i know i know i know i know i know i
image_3500.jpeg,"two soldiers in the water, one is holding a rifle"
image_3501.jpg,a baby seal sitting on top of a pile of snow
image_3502.jpg,he who sleeps with you? he who sleeps with you? he who sleeps with you?
image_3503.jpg,a seal with its mouth open and the capt reads when you take a bath after a bath
image_3504.jpg,a cartoon of a shark and a shark in the ocean
image_3505.jpg,a turtle looking at the camera with a capt in its mouth
image_3506.jpg,a dog that is looking up at the camera
image_3507.png,an image of a woman in a nun costume
image_3508.jpg,a seal sitting on top of a rock next to a river
image_3509.jpg,you think this is a mothering game - you think this is a mothering game awkward seal
image_351.png,a cat sitting on top of a table next to a chalk board
image_3510.jpeg,a picture of a dog and some food
image_3511.jpg,an image of a baby seal in the snow
image_3512.jpg,this is what happens when a seal is in a glass
image_3513.jpg,a seal seal is sitting on the ground
image_3514.jpg,a seal is swimming in the water
image_3515.jpg,a rad rad rad rad rad rad rad rad rad rad ra
image_3516.jpg,"a black and white photo with a quote that says, i ' m ' m ' m ' m ' m '"
image_3517.jpg,a man holding a piece of paper in his hand
image_3518.jpg,i ' m not fat - i ' m not fat awkward seal
image_3519.jpeg,a soldier in the middle of a field with smoke behind him
image_352.png,a group of people sitting at a table in a restaurant
image_3520.jpeg,us navy seals and you thought the shark was the most dangerous predator in the ocean
image_3521.png,a cat that is laying on the floor
image_3522.png,a small rabbit is laying on the ground
image_3523.png,a man in a suit and tie waves to the crowd
image_3524.jpg,"the hangover movie quotes, movie quotes, hangover quotes, hangover movie, hangover quotes, hangover movie, hangover quotes"
image_3525.jpg,a man in a car with his tongue out
image_3526.png,a black and white photo of two people on a boat
image_3527.jpg,i miss my turn and i ' ll it ' dway to turn around me over - i miss my turn and i ' ll ' ll it ' ll ' ll ' ll ' ll ' ll ' ll i ' ll ' ll ' ll ' ll
image_3528.jpg,a dog standing on top of a staircase
image_3529.jpg,a picture of two sea lions sitting on top of a rock
image_353.png,a pile of clothes sitting on top of a bed
image_3530.jpg,a seal with a capt that reads when mum parks the car leaf i ' m just going to be minutes
image_3531.jpg,two pictures of a shark and a seal in the ocean
image_3532.jpg,"a baby seal in the snow with the capt that says, can ' tk of way to cheer help"
image_3533.jpg,a snowball that is sitting in the snow
image_3534.jpg,otter otter otter otter otter otter otter otter otter otter
image_3535.png,a seal that is looking at the camera
image_3536.png,a seal with a capt that reads crap hate
image_3537.jpg,a seal with a capt that says you can ' t you ' re
image_3538.jpg,i can ' t be fat my fat is sad
image_3539.jpg,a seal seal is looking at the camera
image_354.jpg,a collage of pictures of a man and a cake
image_3540.jpg,a seal sitting on top of a rock
image_3541.jpg,a cat that is looking at the camera
image_3542.png,a seal with the capt that says don ' t anyone about that isn smoke
image_3543.jpg,a man in a black shirt and white gloves is holding a hammer
image_3544.jpg,a group of people sitting on top of a building
image_3545.jpg,a picture of a seal in the middle of a meme
image_3546.jpg,"a seal with its mouth open and the capt in the middle of it says, ` when you ' re"
image_3547.jpg,a shark jumping out of the water
image_3548.jpg,a polar bear sitting on top of a pile of snow
image_3549.png,"an image of a cat in the snow with the capt that reads, in one open gay gay gay gay"
image_355.jpg,yo yo yo yo yo yo yo yo yo yo yo yo yo yo yo yo yo yo yo yo yo
image_3550.jpg,a seal with its mouth open in the water
image_3551.png,a picture of a seal with its mouth open
image_3552.png,an elephant and a seal on the beach
image_3553.jpg,a seal that is sitting on top of a table
image_3554.png,an image of a seal with a potato in its mouth
image_3555.jpg,a police officer with his dog in front of a police car
image_3556.jpg,a woman sitting on the back of a boat next to a seal
image_3557.jpg,"a seal sitting on the beach with the capt that says, when people try to see what they do"
image_3558.jpg,a puffer puffer puffer puffer puffer puffer puffer puffer puffer puffer puffer puffer puffer puff
image_3559.jpg,a picture of a man in front of the twin towers
image_356.jpg,"a man in a blue shirt and headphones, with the words toxic on it"
image_3560.png,an image of a cat with a balloon in the air
image_3561.jpg,a seal seal with the capt that says it ' s not a seal
image_3562.png,a couple of seals sitting on top of a rock
image_3563.png,a pug sitting on top of a desk next to a computer
image_3564.png,a close up of a dog ' s nose
image_3565.jpg,a picture of the joker in a box
image_3566.jpg,an image of a boat in the water and a picture of a boat in the ocean
image_3567.jpg,"a man in military uniform sitting on a couch with the capt that reads, when i get this black friday"
image_3568.jpg,a sea otter with a plastic cup in its mouth
image_3569.jpg,a dog laying on the floor in front of a window
image_357.png,a kitten standing on its hinds on the floor
image_3570.jpg,a seal with the capt that says when you watch a movie and your parents walk at the scene
image_3571.jpg,a man in a blue shirt is feeding a sea lion
image_3572.png,a picture of a seal in the water
image_3573.jpg,a seal seal with its eyes closed and the capt says when you ' re
image_3574.png,a seal with a police cap on it ' s head
image_3575.png,a picture of a building with the words six - sided by
image_3576.jpg,a snowball that is laying in the snow
image_3577.png,a seal is looking into the rear view mirror
image_3578.jpg,why why why why why why why why why why why why why why why why why why why why why why why why why why why why
image_3579.png,"an image of a seal with the capt that reads, ' that moment at you throw and you ' re"
image_358.jpg,a picture of a man with a hat on his head
image_3580.png,a seal sitting on top of snow covered ground
image_3581.png,this is a hap seal
image_3582.jpg,a group of penguins jumping out of the water
image_3583.png,a seal is sitting on top of a rock
image_3584.png,"a group of people standing in a row of blue portable toilets with text that reads, when you ' re"
image_3585.jpg,a woman sitting on a rock next to a seal
image_3586.png,a dog laying on the floor in a kitchen
image_3587.png,a man holding an american flag on top of rocks
image_3588.png,a picture of a seal on a computer screen
image_3589.jpg,i dont like to awkward mes just dont - confession bear
image_359.jpg,a picture of a man with the words ' this is bill don '
image_3590.png,ruth ginsberger quote
image_3591.jpeg,a text message that reads ` ` ` ` ` ` ` ` ` ` ` ` ` ` ` ` ` ` ` ` ` ` ` ` ` ` ` ` ` ` ` ` `
image_3592.png,"a woman with her hands on her head and the capt says, ` ` ' s sex"
image_3593.jpg,a woman in a white shirt and jeans is looking at her phone
image_3594.png,"a black and white photo of a man kissing a woman with the capt that says, ` ` ` ` ` ` ` ` ` ` `"
image_3595.jpg,makes sex joke is half serious - makes sex joke is half serious 10 guy
image_3596.jpg,if you don ' t want to go to the gym if you don ' t want to go to the gym if you don ' t want
image_3597.jpg,a man in a suit smoking a pipe
image_3598.jpg,a man with a cigarette in his mouth
image_3599.jpg,gan gan gan gan gan gan gan gan gan gan gan gan gan gan gan gan
image_36.jpg,"an image of a man in a car with the capt that reads, we are in game now"
image_360.jpg,bill bill bill bill bill bill bill bill bill bill
image_3600.jpg,i saw a hoes man and gave him $ 10
image_3601.jpg,a woman in an orange space suit with an american flag
image_3602.jpg,no you make a sandwich
image_3603.jpeg,there are 2 genders
image_3604.jpeg,a group of people sitting at a bar drinking wine
image_3605.jpg,a woman with her mouth covered in water
image_3606.jpg,a group of people standing on top of a road
image_3607.jpeg,"a man in a black jacket and sunglasses looking at the camera with the capt that says, what do you"
image_3608.jpg,a man in a suit and tie standing at a podium
image_3609.jpg,fuck memexo that ' s right a that ' s sex
image_361.png,bill is smart bill is smart bill is smart
image_3610.jpg,a man in a blue shirt sitting at a table
image_3611.jpg,south south south south south south south south south south south south south south south south south south south south south south south south south south south south south south south south south south south south south
image_3612.jpg,a man sitting at a table in front of a christmas tree
image_3613.jpg,a girl with short blonde hair and a black jacket is looking at the camera
image_3614.jpg,"two pictures of a man and a woman, one is crying and the other is crying"
image_3615.jpg,two men standing next to each other man
image_3616.bmp,one of my boyfriends left with another girl i ' ll never ' m - one of my boyfriend left with another girl i ' ll never
image_3617.jpg,a black and white photo of a man smoking a cigarette
image_3618.jpg,a man in a hat is standing in the doorway
image_3619.jpg,a young boy sitting in a chair with a quote on it
image_362.jpg,a picture of a man with a hat and a video game controller
image_3620.png,"an image of a man in a suit and tie, with the capt that reads, don ' t '"
image_3621.png,a woman holding a cup with the words don ' t ' t ' t ' t ' t ' t
image_3622.jpg,a black and white photo of a man in a suit and tie
image_3623.jpg,a man in a suit sitting at a desk with his hands up
image_3624.jpg,a man standing in front of a large pipe
image_3625.png,a bird that is standing in the grass
image_3626.png,hates children become teacher 10 sex mes we should probably be
image_3627.jpg,a bowl full of vegetables and carrots with the words husband extreme facebook
image_3628.png,an image of a man with long hair in the middle of his face
image_3629.png,a woman drinking from a can of beer
image_363.jpg,this bi bi bi bi bi bi bi bi bi bi bi bi bi bi bi bi bi bi bi bi
image_3630.jpg,a woman in a white dress holding a microphone
image_3631.jpg,a man in a suit and tie is making a funny face
image_3632.png,a man sitting at a table with a bottle of beer
image_3633.jpg,a woman wearing glasses and looking at the camera
image_3634.jpg,a woman is standing next to a jeep
image_3635.png,a man in a suit and hat standing at a podium
image_3636.jpg,a girl with a cigarette in her mouth
image_3637.jpg,a picture of a man getting his hair cut
image_3638.jpg,a man and woman laying on top of a bed
image_3639.png,my husband does everything but i have to ask 10 sex memes we should ' t
image_364.jpg,a picture of a person with a hat on
image_3640.jpg,but i ' m such a nice guy - but i ' m such a nice guy 1990s
image_3641.jpg,a man in a suit sitting at a table with a beer
image_3642.jpg,"the joker movie joker movie, joker quotes, movie quotes, movie quotes, horror movies, horror movies,"
image_3643.png,a woman sitting at a table with a man in the background
image_3644.png,"an image of a woman ' s face, with the capt that reads, you ' d surprised, why"
image_3645.jpg,a man in a suit sitting at a desk with a computer
image_3646.png,a man in a suit and tie is making a funny face
image_3647.png,an image of a girl with red hair and blue eyes
image_3648.png,a woman with red hair wearing glasses and a white shirt
image_3649.png,"yeah, i read about male privilege one let me plant to you - yeah, i read about male privilege one let me plant to you mis"
image_365.png,this is bill ' s girlfriend
image_3650.jpg,"a model of the human body with a capt that says, ` ` ' apparently they studying anatomy"
image_3651.png,a black and white poster with the words sex is not enough
image_3652.jpg,a man in a suit and tie sitting in a chair
image_3653.jpg,a man and woman sitting in front of a computer
image_3654.jpg,a screenshot of a twee texting message
image_3655.png,a man in a suit sitting at a desk with his hands up
image_3656.png,a man in a white shirt with a joker mask on his face
image_3657.png,an image of a man in a suit and tie
image_3658.png,a man in a suit and tie is looking at the camera
image_3659.jpg,two pictures of a woman in a costume and a man in a suit
image_366.jpg,a picture of a person with a hat on
image_3660.jpeg,a picture of a man talking on the phone
image_3661.jpg,a black and white photo of a man with a mustache
image_3662.png,a black and white image with the words vision is better than strength
image_3663.jpg,a man sitting at a table with a bottle of beer
image_3664.jpg,a man in a suit and tie standing next to another man
image_3665.jpg,a baby with a tie around his neck
image_3666.jpg,a baby holding a stuffed animal in his arms
image_3667.jpg,an image of a crowd of people at a concert
image_3668.jpg,a man holding a baby in his arms
image_3669.jpg,a baby sitting on top of a bed
image_367.jpg,this is bill ' s facebook status
image_3670.png,a baby looking at the camera with a capt that reads bitch how she like you
image_3671.jpg,a baby sitting on top of a bed
image_3672.jpg,a baby sitting on top of a bed
image_3673.jpg,a baby in a purple dress sitting on the floor
image_3674.jpg,skeptical baby meme - skeptical baby meme skeptical baby meme
image_3675.jpg,a baby in a car seat with a blanket on it
image_3676.jpg,a baby sitting on top of a table
image_3677.jpg,a baby looking at the camera with a capt
image_3678.jpg,you put your what in herwhat? - you put your what in herwhat?
image_3679.png,an image of a baby with the capt that says you ' re to my mom
image_368.jpg,a poster with an image of a man in a hat
image_3680.jpg,a baby in a white shirt and pink bow tie
image_3681.jpg,a baby is looking at the camera
image_3682.jpg,a baby sitting on top of a couch
image_3683.png,"an image of a baby in a white shirt with the capt that reads, sometimes you can ' t -"
image_3684.jpg,a baby with the words when you realize spring break is over
image_3685.jpg,a man in a suit and tie sitting at a desk
image_3686.jpg,a man in a suit and tie is looking at the camera
image_3687.jpeg,a man in a suit sitting at a desk with a laptop
image_3688.jpg,a man in a suit drinking a glass
image_3689.jpg,a bit free legal advice posting pictures on the internet
image_369.jpg,bill is a designer
image_3690.jpg,a man in a suit sitting in front of a window
image_3691.jpeg,a man in a suit sitting at a table with a quote on it
image_3692.jpg,a man in a suit with a quote on it
image_3693.jpeg,` ` ` ` ` ` ` ` ` ` ` ` ` ` ` ` ` ` ` ` ` ` ` ` ` ` ` ` ` ` ` ` ` ` ` ` ` ` ` ` ` ` ` `
image_3694.jpg,a man in a suit with his arms crossed
image_3695.jpg,a man in a suit talking to another man in a suit
image_3696.jpeg,a black and white photo of a man in a suit
image_3697.jpg,a black and white photo of a man in a suit
image_3698.jpg,a black and white photo of a man in a suit
image_3699.jpg,a man in a suit talking to another man in a suit
image_37.png,"a screenshot of a man in a suit and tie, with the capt that reads ` ` ` ` ` ` ` ` ` ` ` ` ` ` ` ` ` ` ` ` ` ` ` ` ` ` ` ` ` ` ` ` `"
image_370.jpg,a stick figure with a hat on it ' s head
image_3700.jpg,a man in a suit and tie with a quote on it
image_3701.jpg,a man in a suit and tie with a quote on it
image_3702.jpg,a man in a suit and tie looking at the camera
image_3703.jpg,a man in a suit and tie with a quote on it
image_3704.jpg,a man in a suit and tie standing next to a sign
image_3705.jpg,a man in a suit smoking a cigarette
image_3706.jpeg,a man in a suit and tie sitting on a chair
image_3707.jpg,a man in a suit and tie with a quote on it
image_3708.jpeg,a man in a suit smoking a cigarette
image_3709.jpg,a man in a suit and tie standing next to a woman
image_371.jpg,a cartoon drawing of a person sitting at a desk
image_3710.jpg,two pictures of a man in a suit and tie
image_3711.jpg,a man with a mo mo mo mo mo mo mo mo mo mo mo mo mo mo mo mo mo
image_3712.jpg,a man in a suit smoking a cigarette
image_3713.jpg,a man in a suit and tie sitting next to a woman
image_3714.jpg,a man in a suit sitting at a desk
image_3715.png,an image of a quote on a piece of paper
image_3716.jpg,a man in a suit and tie with the words harvey specer
image_3717.jpg,a man in a suit standing in front of a mirror
image_3718.jpeg,a man in a tuxed tuxed tuxed tuxed tuxed tuxed tuxed tuxed tuxed tuxed tuxed tuxed
image_3719.png,a man in a suit looking out the window with a quote on it
image_372.jpg,a black and white picture of a man with a hat
image_3720.jpg,you can ' t whatever spider can ' t and spider can ' t
image_3721.jpg,a spider sitting on top of a train
image_3722.jpg,an image of a spider on top of a building
image_3723.jpg,a man in a spider suit is ironing on the iron iron
image_3724.jpg,"spider and spider in a car with the capt that reads, ' the fuck is this? '"
image_3725.jpg,a man in a spider suit standing next to another man in a spider suit
image_3726.jpg,"text when you ' reting from behind the button, you ' reting from behind the button"
image_3727.jpg,spider and hulk in the avengers universe
image_3728.jpg,oh god it ' s not water
image_3729.jpeg,a man in a suit is holding up a shield
image_373.png,a cartoon drawing of a woman with a hat on her head
image_3730.jpg,a spider riding a bike in the middle of a movie
image_3731.jpg,a woman in a spider suit on a train
image_3732.jpg,"a cartoon character with a capt that reads, when you ' ret your job and you ' ret"
image_3733.jpg,a spider sitting on top of a bed
image_3734.png,a picture of a spider with the words fucking rocks why do they hate god?
image_3735.jpg,"a cartoon spider with the capt that says, my spider is getting massive"
image_3736.jpeg,"i don ' t know, i don ' t know, i don ' t know, i don ' t know, i don ' t"
image_3737.jpeg,a spider sitting on top of a building in the middle of the city
image_3738.jpeg,spider spider spider spider spider spider spider spider spider spider
image_3739.jpg,a man in a spider costume and a woman in a spider costume
image_374.jpg,a cartoon drawing of a man with a hat on his head
image_3740.jpeg,this isn ' t even my fn fn fn fn fn
image_3741.jpeg,a cartoon character with the capt that says yeah that i teach me
image_3742.jpg,a spider sitting on top of a table next to a window
image_3743.jpg,a spider hugging a man in the desert
image_3744.jpg,a cartoon character standing on top of a rock
image_3745.jpg,spider and spider - i have his strange feelings
image_3746.jpeg,a man pointing his finger at another man
image_3747.jpg,"a cartoon spider with the capt that reads, ' here are your options 1 you ' m superman"
image_3748.jpg,the amazing spider and the amazing spider - man
image_3749.jpg,everyone is looking at spider - mes and i ' m - sitting here
image_375.jpg,a cartoon drawing of a man with a hat on his head
image_3750.jpg,i ' m on a boat
image_3751.jpg,the amazing spider - man from spider - man
image_3752.jpg,"a cartoon character with a capt that reads, ` everybody ut this is my tread now"
image_3753.jpg,a picture of a spider flying in the air
image_3754.jpg,a drawing of spiderman holding a sword
image_3755.png,the amazing spider and the amazing spider
image_3756.jpg,an image of a cartoon character in a room
image_3757.jpg,"a cartoon spider with the capt that says, ' i found one '"
image_3758.jpg,a man in a suit and tie standing in front of flowers
image_3759.jpg,a spider sitting at a desk in front of a computer
image_376.jpg,a cartoon drawing of a hand holding a credit card
image_3760.jpg,"dead day, my eni is no working sincerely pideman"
image_3761.jpg,"a spider in a room with the capt that says, you may give fuck but as if you give me"
image_3762.jpg,a man in a suit laying on the floor next to a spider
image_3763.png,a meme meme meme meme meme meme meme meme meme meme meme meme meme meme meme meme meme meme meme meme meme meme meme meme me
image_3764.png,a spider in the middle of a room with a capt that reads fight me snatch man i ' ll never
image_3765.jpg,spider man is my favorite superhero
image_3766.jpg,a spider sitting at a desk in front of a computer
image_3767.jpg,"an image of a spider sitting on a bed with the capt that reads, ` i ' m under why"
image_3768.jpg,a mememe memememememememememememememememememememememememememememememememememememememememememememememe
image_3769.jpeg,"an image of a spider with the capt that says, ' here are your options i lick you ' m"
image_377.jpg,a cartoon drawing of a person sitting at a desk
image_3770.jpg,the amazing spider from the amazing spider movie poster
image_3771.jpg,spider meme meme meme meme meme meme meme meme meme meme meme meme meme meme meme meme meme meme meme meme meme meme meme meme me
image_3772.jpg,an image of a spider and a spider on the ground
image_3773.png,a man in a spider suit is sitting on a couch
image_3774.jpg,spider mememe mememe memememe mememememememememememememememememememememememememememememememememememememememe
image_3775.jpg,text that reads ` ` ` ` ` ` ` ` ` ` ` ` ` ` ` ` ` ` ` ` ` ` ` ` ` ` ` ` ` ` ` ` ` ` ` ` ` ` ` ` `
image_3776.jpg,the first meme spider - man to hit the waspman on the future
image_3777.jpg,a picture of a man in a spider suit
image_3778.png,spider meme - the spider my back only has six legs i am living all day
image_3779.jpg,"a cartoon character with the capt that says, ` ` ` ` ` ` ` ` ` ` ` ` ` ` ` ` ` ` ` ` ` ` ` ` ` ` ` ` ` ` ` ` ` ` ` ` ` ` ` ` `"
image_378.jpg,a cartoon drawing of a man with a hat on his head
image_3780.jpg,oh i ' m sorry we ' re - spiderman
image_3781.jpg,a man in a suit standing next to a spider
image_3782.jpg,a cartoon picture of a spider and a man with a gun
image_3783.jpg,the amazing spider and the amazing spider
image_3784.jpg,pst i ' m ' m ' m ' m ' m ' m ' m ' m ' m ' m ' m ' m ' n ' m ' m ' m ' m ' m ' m ' m ' m ' m ' m m
image_3785.jpg,"two cartoon characters, one is a cat and the other is a dog"
image_3786.png,spider mememememememememememememememememememememememememememememememememememememememememememememememememe
image_3787.jpg,a cartoon character with a capt that says it ' s the way to regret
image_3788.jpg,"a cartoon picture with the capt that says, ` ` ' ' ' ' ' ' ' ' ' ' ' ' ' ' ' '"
image_3789.jpg,an image of a spider in the middle of a room
image_379.jpg,a cartoon drawing of a person sitting at a desk
image_3790.jpg,"a picture of a spider with a capt that says, i ' m ' m ' m ' m ' m ' m"
image_3791.jpg,hey hey hey hey hey hey hey hey hey hey hey hey hey hey hey hey hey hey hey hey hey
image_3792.jpg,star wars the last jedi
image_3793.jpg,a man in a spider suit is talking to another man
image_3794.jpg,a group of people in a room with one person talking to the other
image_3795.jpeg,an image of a spider with the capt that reads oh no i forgot my lo
image_3796.png,spider memes are ' relevant ' let you whats bullshit they ' ll never die
image_3797.jpg,a cartoon picture of a man sitting at a desk in front of a house
image_3798.jpg,a man in a spider suit is fighting with another man in a suit
image_3799.png,a man in a green shirt holding cards and smiling
image_38.jpg,a man in a suit is talking to a woman
image_380.jpg,` ` ` ` ` ` ` ` ` ` ` ` ` ` ` ` ` ` ` ` ` ` ` ` ` ` ` ` ` ` ` ` ` ` ` ` ` ` `
image_3800.jpg,the floor is country music cartoon text
image_3801.jpg,a spider and a man in a suit on top of a building
image_3802.jpg,an image of a spider and a woman in front of a truck
image_3803.jpg,an image of a spider on a black background
image_3804.png,"spider, meme, and spider meme when you ' re from spider meme when you ' re from spider me"
image_3805.jpg,"a spider with a capt that reads, when your black friend calls you in the first time"
image_3806.jpg,a man in a spider suit and a woman in a spider suit
image_3807.jpg,a picture of a football player with his head in his hands
image_3808.jpg,a man in a purple suit and top hat with his hand on his head
image_3809.jpg,"a football player with a capt that says, ` ` ` ` ` ` ` ` ` ` ` ` ` ` ` ` ` ` ` ` ` ` ` ` ` ` ` ` ` ` ` ` ` ` ` ` ` ` ` ` `"
image_381.jpeg,a cartoon drawing of a man with a hat on his head
image_3810.jpg,a group of basketball players standing in front of a tv screen
image_3811.jpg,a basketball player talking to a referee on the court
image_3812.jpeg,two pictures of a woman in a stadium
image_3813.jpg,a soccer ball sitting on top of a green field
image_3814.jpg,a man is running in a marathon
image_3815.jpg,a basketball player with the words hold up when game?
image_3816.jpg,a football player jumping into the air with a smile on his face
image_3817.jpg,a man holding his head in his hands
image_3818.png,a man wearing a helmet with the words what do chicago bears have to do??
image_3819.jpg,a woman with long hair and a football uniform
image_382.png,bill bill bill bill bill bill bill bill bill bill bill bill
image_3820.jpg,a picture of a football player talking to another player
image_3821.jpg,a man in a suit and tie standing next to a woman
image_3822.jpg,a football player talking to another player on the field
image_3823.jpg,"an image of a woman on a track with the words, when you ' reted drive"
image_3824.jpg,a man in a suit talking to another man on the field
image_3825.jpg,a basketball player is about to dun the ball
image_3826.jpg,a picture of a man in a car with a leopard on it
image_3827.jpg,an image of a woman in a soccer uniform
image_3828.jpg,a man in a suit and tie standing next to a car
image_3829.jpg,a picture of a basketball player with a quote on it
image_383.jpg,a red sign with a cartoon figure in it
image_3830.jpg,"a black man with a smile on his face and the capt says, ` i ' d heard you like"
image_3831.jpg,a man in a white hoodie is posing for the camera
image_3832.jpg,a tennis player about to hit the ball
image_3833.jpg,a man in a yellow shirt standing on a soccer field
image_3834.jpg,two nfl players standing next to each other players
image_3835.jpg,a group of people standing on top of a field
image_3836.jpg,a group of people sitting on top of a football field
image_3837.jpg,a picture of a man wearing a patriots uniform
image_3838.jpg,and then said he ' s better than me - and then said he ' s better than me mis
image_3839.png,"atlanta, atlanta, and atlanta sports atlantasports currently"
image_384.jpg,a black and white image of a person sitting at a desk
image_3840.jpg,a basketball player with his head in his hands
image_3841.jpg,a man sitting on the ground with a football ball
image_3842.jpg,a football player running with the ball in his hand
image_3843.jpg,a group of basketball players standing next to each other players
image_3844.jpg,a man with a beard and a red hat sitting in the stands in front of a crowd
image_3845.jpg,a man in a red suit sitting at a table
image_3846.jpg,a man holding a baby in his arms
image_3847.jpg,two basketball players standing next to each other player
image_3848.png,"a painting of jesus with the words, ' we don '"
image_3849.jpeg,a man in a suit pointing a gun at the camera
image_385.jpg,a black and white poster with an image of a man in a bikini
image_3850.jpg,a football player laying on the ground with money
image_3851.jpg,a football player with the words 15 funest sports mes of 2012
image_3852.jpg,nba memes memes memes memesmesmesmesmesmesmesmesmesmesmesmesmesmesmesmesmesmesmesmesmesmesmesmesmesmesmesmesmesmesmesmesmesmesmesmesmesmesmesmesmesmes
image_3853.jpg,a baby in a tuxed tuxed tuxed tuxed tuxed tuxed tuxed tuxed tu
image_3854.png,a mememememememememememememememememememememememememememes
image_3855.png,a man in a suit and tie standing next to another man in a suit
image_3856.png,a man in a red jacket holding a basketball ball
image_3857.jpg,a teddy bear is standing next to a basketball player
image_3858.png,"a man sitting in a chair with his head in his hands and the words, i ' m ' all"
image_3859.jpg,a hockey player drinking water out of a bottle
image_386.jpg,a picture of a person with a hat on
image_3860.png,a man with a long beard wearing a hat and glasses
image_3861.jpg,a football player talking on the phone
image_3862.jpg,a man in a baseball uniform holding a bat
image_3863.jpg,i love hockey except for the amazing moments when no right is happening
image_3864.png,"an image of a man in a black hoodie, with the capt that reads me"
image_3865.jpg,a man in a white shirt holding a bottle of beer
image_3866.png,a football player with the words what do you get for christmas? thanks to ask
image_3867.jpg,a man in a red jersey and a man in a black jersey
image_3868.png,your brain drugs do ' s drugs
image_3869.jpg,the man is shirtless
image_387.png,a cartoon drawing of a man with a hat on his head
image_3870.jpg,a man in a blue shirt talking to a reporter
image_3871.png,an image of a football player in the middle of the field
image_3872.png,a man in a white shirt and glasses is looking at the camera
image_3873.jpg,a couple of hockey players standing next to each other team
image_3874.jpg,a baseball stadium at night with the sky in the background
image_3875.jpg,two pictures of a young man in a football uniform
image_3876.jpg,"i don ' t matter, i don ' t matter, i don ' t matter"
image_3877.png,a man in a suit smiling for the camera
image_3878.jpg,a couple of baseball players standing on top of a field
image_3879.jpg,two pictures of hockey players on the field
image_388.jpg,"a sticker with a sticker saying that says, ' this is kelig on facebook '"
image_3880.jpg,a col col col col col col col col col col col col col col col col col col col col col col col col col col col col col col col col col col col col col col col col col col col
image_3881.jpg,a man in a lakers uniform with tattoos on his arm
image_3882.png,a man with a basketball ball in his hand
image_3883.bmp,a group of people standing in front of a crowd
image_3884.jpg,a man in a suit and tie is crying
image_3885.jpg,a football player throwing a ball in the air
image_3886.jpg,a black and white photo of a man with glasses
image_3887.jpg,an image of a man pointing at something
image_3888.jpg,a man pointing his finger at the camera
image_3889.jpg,"an image of a man in a black sweater and glasses, with the capt that reads, ' perfectly healthy"
image_389.jpg,a person holding a laptop with the words bill on it
image_3890.png,a man in a blue shirt pointing his finger at the camera
image_3891.jpg,a black man with a smile on his face
image_3892.jpg,a man sitting in front of a computer
image_3893.jpg,steve jobst - i ' m so proud of you
image_3894.jpg,steve jobst - it ' s not a bug it ' s a feature
image_3895.jpg,"an image of a blue background with the words innovation is not about sayings, but it ' s about"
image_3896.jpg,a man holding an iphone in his hand
image_3897.png,an image of a man with glasses and a beard
image_3898.jpg,person you ' re your old and everything you ' re your old and everything you ' re
image_3899.jpg,a comic strip with an image of a man and a woman in the background
image_39.png,a person holding a toothbrush next to a picture of captain marvel
image_390.png,"a man in a baseball cap with the capt that says, ` ` ` ` ` ` ` ` ` ` ` ` ` ` ` ` ` ` ` ` ` ` ` ` ` ` ` `"
image_3900.png,a green and black image of a t - rex
image_3901.jpg,a man holding a cell phone in his hand
image_3902.jpg,an image of a man holding a cell
image_3903.jpg,a black and white photo of a man with glasses
image_3904.jpg,a man in a suit and tie holding a cell phone
image_3905.jpg,a man in a black shirt and glasses holding his hands up
image_3906.jpg,a man in a black shirt is pointing at the camera
image_3907.png,a picture of a man in the middle of a movie
image_3908.png,a quote from steve jobs on a white background
image_3909.jpg,a man standing in front of a waterfall
image_391.jpg,an image of a man holding a knife in his hand
image_3910.png,an image of a man in glasses and a man in a suit and tie with the words legend waking time
image_3911.png,a man with glasses and a beard with a quote on it
image_3912.jpg,a screenshot of a man in a suit and tie with the capt ` ` ` ` ` ` ` ` ` ` ` ` ` ` ` ` ` ` ` ` ` ` ` ` ` ` ` ` ` ` ` ` ` ` ` `
image_3913.png,a man with glasses and a quote that reads remember that you are going to the best thing you ' ve
image_3914.jpg,a frog that is looking at the camera
image_3915.png,what if i told you success doesn in the end game of throne
image_3916.jpg,"a black and white photo of a man with a beard and glasses text reads, ` good ridance '"
image_3917.jpg,an image of a man with glasses on his face
image_3918.jpg,a man sitting at a table with a bottle of beer
image_3919.png,a man standing in front of a yellow background
image_392.jpg,a picture of a person with a hat on
image_3920.png,a laptop computer sitting on top of a table
image_3921.jpg,an image of a man in a suit and tie
image_3922.jpg,an image of a man holding a cell phone
image_3923.png,a man in a suit holding an apple
image_3924.png,"a man in a black shirt and glasses with the words, my job is not easy to make them better"
image_3925.jpg,a man with glasses and a quote on his face
image_3926.jpg,a black and white photo of a man with glasses
image_3927.jpg,a man wearing a hat with an apple logo on it
image_3928.png,share share share share share share share share share share share share share share share share share share share share share
image_3929.png,a man sitting in front of a laptop computer
image_393.jpg,one does privacy - one does privacy one does privacy one does privacy one does privacy
image_3930.png,"steve jobs, steve jobs, steve jobs, steve jobs, steve jobs"
image_3931.jpg,an image of a man pointing at the camera
image_3932.jpg,an image of a man holding up a tablet
image_3933.jpg,"an image of a man sitting at a desk with the capt that says, i ' m ' t working"
image_3934.png,two men standing next to each other man
image_3935.jpg,finally finally finally finally finally finally finally finally finally finally finally
image_3936.jpg,an image of a baby in a green shirt
image_3937.jpeg,a young boy sitting on the floor with his hands on his knees
image_3938.png,a baby on the beach with the words success
image_3939.jpeg,"a kid in a green shirt and white shirt with the capt that says, i ' vertother"
image_394.png,"a picture of a man and woman holding hands with the text ` this is bill ' s girlfriend, he"
image_3940.png,you heard me make a sandwich
image_3941.jpeg,a baby in a green hat with the words no one called ze
image_3942.jpg,a baby in a tuxed tuxed tuxed tuxed tuxed tuxed tuxed tuxed tu
image_3943.jpg,a baby sitting on top of a purple wall
image_3944.jpg,"a baby sitting in the corner of a room with a text that says, ` ' ' stay home stay"
image_3945.jpg,person hey hey hey hey hey hey hey hey hey hey hey hey hey hey
image_3946.jpg,a man in a suit and tie with the words i dont believe you
image_3947.jpg,"a kid in a green shirt sitting on a chair with the capt that says, ` i ' m '"
image_3948.png,accidentally posts on facebook has a friend
image_3949.jpg,a baby in a green shirt with the capt that says take walk in the woods
image_395.png,this is bi bi bi bi bi bi bi bi bi bi
image_3950.jpg,a baby with the capt that reads had stupid opinions as teenager facebook and twitter didn ' twee
image_3951.png,a group of children dancing in the dirt
image_3952.jpg,getting married before having a baby
image_3953.jpg,a boy in a green shirt with the capt that says i ' lly got some pub hair
image_3954.jpg,a baby in a green shirt is looking at the camera
image_3955.png,an image of a baby in a green shirt and a picture of a man in a white shirt
image_3956.jpg,two pictures of a baby in a green shirt
image_3957.jpeg,a kid in a green shirt sitting on a chair with the capt that says go mcdonald ' s get happy
image_3958.jpg,a baby sitting on top of a pile of money
image_3959.jpg,a baby in a green shirt with the words fat in an enclosed area someones get band
image_396.jpg,a black and white poster with the words ' this is bi bi bi bi bi '
image_3960.jpeg,a picture of a baby in a green shirt
image_3961.jpg,mom walks in without watching internet meme - success kid
image_3962.jpg,a child with a green shirt and a white t - shirt is shown in the middle of the image
image_3963.jpg,"a baby in a green shirt and white shirt with the capt that says, your pokemons?"
image_3964.jpg,a black and white photo of a baby
image_3965.jpg,success kid be strong math teacher will get next week
image_3966.jpg,an image of a woman with a funny expression on her face
image_3967.jpg,a picture of an old man with a beard and a beard
image_3968.jpg,a man sitting on the ground in front of a forest
image_3969.jpeg,a baby duck looking up at the camera
image_397.jpg,an image of a man in a suit and tie
image_3970.png,a man sitting at a desk with a card in his hand
image_3971.jpg,a man holding a telephone in his hand
image_3972.jpg,back in my day we didn ' t - back in my day we didn ' t
image_3973.jpg,albert einstein einstein einstein einstein einstein einstein einstein einstein einstein
image_3974.jpg,a black and white cat sitting on top of a coffee machine
image_3975.png,a man that is standing in front of a hut
image_3976.jpg,a man with a beard and an orange shirt is looking at the camera
image_3977.jpg,a cat sitting on top of a person holding a tablet
image_3978.jpeg,a picture of an apple device with the words ' apple device '
image_3979.jpg,a man in a red shirt pointing at the camera
image_398.png,a cartoon of a man with a hat on his head
image_3980.jpg,a man in a suit and tie with his hands up
image_3981.jpg,a cartoon of a man sitting on top of a computer
image_3982.jpg,a woman sitting at a desk with a laptop
image_3983.jpeg,that would be great office space person mememes
image_3984.jpg,we can build him we have the technology
image_3985.jpeg,a man in a suit sitting at a desk with his hands on his face
image_3986.jpg,and you dial up the internet we will destroy the americans - kim jong
image_3987.jpg,an old lady sitting at her desk with a computer in front of her
image_3988.png,a woman looking at her phone in a mirror
image_3989.jpg,a man with a long beard and a straw hat
image_399.jpg,one does not simply pays on time - one does not simply pays on time one does
image_3990.jpg,a man sitting at a desk in front of a computer
image_3991.jpg,a dog sitting in front of a computer
image_3992.jpg,just imagine a world with information technology problems - toy story
image_3993.jpg,an image of a spiral vortex with the words artificial intelligence
image_3994.jpg,a man wearing glasses and a tie with the words yes i love technology
image_3995.jpg,a man in a suit and tie is looking at the camera
image_3996.jpg,a man in a suit talking to another man
image_3997.jpg,back in my day the future of education was rad
image_3998.jpg,a man in a suit talking to another man in a suit
image_3999.jpg,baby boomers who thinks who thinks who thinks who thinks who thinks
image_4.png,a woman with a bird on her head
image_40.jpg,"an image of a man in armor with the capt that says, when you ' re, you ' re"
image_400.png,bill has a girlfriend
image_4000.png,an old woman sitting at a table with a laptop
image_4001.jpg,a cat that is inside of a microwave oven
image_4002.png,a man in a suit holding up a credit card
image_4003.jpg,a woman in a suit speaking into a microphone
image_4004.png,a doge with its mouth open and the capt reads how i feel
image_4005.png,"an image of a cartoon character with the capt that says, ` ` ` ' ' ' ' ' '"
image_4006.png,a man is standing in front of a building
image_4007.jpg,a person in a hospital bed with blood on the floor
image_4008.jpg,a comic strip strip strip strip strip strip strip strip strip strip strip strip strip strip strip strip strip strip strip
image_4009.jpg,a man in scrubs talking to another man in scrubs
image_401.jpg,this is an illustration of a hand holding a laptop
image_4010.jpg,a picture of a man with a book in his hand
image_4011.jpg,"text when you finish another qut, but you ' re"
image_4012.jpg,a man with white hair and beards is looking at the camera
image_4013.jpg,an image of a woman with a funny expression
image_4014.jpg,a person holding a cat in their hand
image_4015.png,a man sitting at a desk with a computer in front of him
image_4016.jpg,an illustration of a man with glasses and a quote on his face
image_4017.jpg,a man sitting in a car talking on the phone
image_4018.jpg,a kitten laying on top of a laptop
image_4019.jpg,that would be the office space person meme
image_402.jpg,a black and white photo of a man with a hat
image_4020.jpg,a cartoon character sitting at a desk in front of a computer
image_4021.png,a man in a blue shirt sitting at a computer
image_4022.jpg,a man in a white shirt and glasses sitting at a desk
image_4023.png,a duck that is standing in the water
image_4024.jpg,a guy that is looking at the camera
image_4025.png,a man in a shirt and tie sitting at a table
image_4026.jpg,a man sitting in front of a computer
image_4027.jpg,one does not simply leave a 9pm - one does not simply leave a 9pm one does not
image_4028.jpg,what if i do what if i do what if i do what if i do what if i do what
image_4029.jpeg,an image of a server in a server room
image_403.jpg,a woman in a red shirt is looking at her phone
image_4030.jpeg,a man sitting in front of a computer
image_4031.jpg,an older woman sitting in a car with the capt
image_4032.jpg,a man in a gold shirt holding a bit coin
image_4033.png,finding dory dory dory dory dory dory dory dory dory dory dory dory dory do
image_4034.jpg,a man standing in front of a rainbow colored wall
image_4035.jpg,a man in a tuxed tuxed tuxed meme as service
image_4036.jpg,a screenshot of person with the capt ` ` ` ` ` ` ` ` ` ` ` ` ` ` ` ` ` ` ` ` ` ` ` ` ` ` ` ` ` ` ` ` ` ` ` ` ` ` ` ` ` `
image_4037.jpg,an image of a cartoon character looking out the window at sunset
image_4038.jpg,a woman sitting in front of a laptop computer
image_4039.jpg,two young boys playing with a television set
image_404.jpg,an image of a man and a woman with the words ' this is kanye '
image_4040.jpg,a man with a mustache pointing at the camera
image_4041.jpg,"an image of a cartoon character with a capt that reads, ` ' my dad has multiple tubes and doesn"
image_4042.jpg,a man in a blue shirt sitting at a computer
image_4043.jpg,two kittens are sleeping in a green chair
image_4044.jpg,a man sitting at a desk with a computer
image_4045.jpg,an image of a man in a white shirt and tie
image_4046.jpg,a man sitting at a desk with headphones on
image_4047.jpg,a man talking to another man in a store
image_4048.jpg,a woman in a police uniform sitting in a car
image_4049.png,"a boy in a suit and tie with the capt that says, shot out of people graduating high school without"
image_405.jpg,person making you trip to the strip club award money
image_4050.png,security cameras around the world
image_4051.jpg,a picture of a man in a bathroom with a sink
image_4052.png,"a baby sitting in front of a computer with the capt that says, that feeling you get when you are"
image_4053.jpg,an image of sponge and patrick in the office
image_4054.png,a black and white photo of people in an office
image_4055.jpg,an older couple looking at their cell phone
image_4056.jpg,a fox that is sticking its tongue out
image_4057.jpg,"an image of a man in a diving suit with the capt that reads, when you accidentally open internet explorer"
image_4058.jpg,a woman sitting in front of a machine
image_4059.jpg,a man in a blue shirt is looking at the camera
image_406.jpg,a stick figure holding a sign that says ` ` ` ` ` ` ` ` ` ` ` ` ` ` ` ` ` ` ` ` ` ` ` ` ` ` ` ` ` ` ` ` ` ` ` ` ` ` ` ` ` `
image_4060.jpg,a woman sitting at a desk with a computer
image_4061.jpeg,a fat man with a cell phone in his hand
image_4062.png,a group of kids sitting on top of a couch
image_4063.png,an image of a gorilla and a robot
image_4064.jpg,a woman wearing a headset with the words technical support we ' ll ' ve know everything
image_4065.jpg,a man sitting on a couch using a laptop
image_4066.png,an image of a man in a white shirt and tie
image_4067.jpg,my grandma ' s 7 and she ' s her friend each her happy face every morning to make sure they ' re
image_4068.jpg,a man and woman are looking at each other people
image_4069.jpg,i have to open a new window but were in the middle of winter - old lady
image_407.jpg,love the skin you ' re - love the skin you re
image_4070.png,an image of a cartoon character holding a cup
image_4071.jpg,a man in a suit and headphones holding a camera
image_4072.jpg,an image of a man in a red shirt pointing at the camera
image_4073.jpg,a little boy that is sitting on the ground
image_4074.jpg,confession bear i only love the word kid mes because he ' s hot
image_4075.jpg,so you ' re like me? you have an full gang? - so you ' re like me? you have an full gang?
image_4076.jpg,a baby in a hospital bed with the capt you get food everyday
image_4077.jpg,a woman sitting next to a young boy
image_4078.jpg,a man in a fur coat holding a microphone
image_4079.jpg,so you ' reting me you have mates???????????????????
image_408.jpg,a man standing in front of a computer
image_4080.jpg,a crowd of people at a music festival
image_4081.jpg,a baby sitting at a table with a glass of beer
image_4082.jpg,a woman is talking to a small child
image_4083.jpg,a group of children dancing in the dirt
image_4084.jpg,an image of a kid playing with a gun
image_4085.png,a girl with long hair wearing glasses and a hat
image_4086.jpg,a woman talking to a child in front of a fence
image_4087.jpg,to the window to the wall
image_4088.jpg,a woman talking to a child in front of a fence
image_4089.jpg,a group of children playing in the dirt
image_409.jpg,a picture of a man and woman holding hands
image_4090.png,a picture of a boy with a smile on his face
image_4091.png,forever forever forever forever forever forever forever forever forever forever forever forever
image_4092.jpg,a woman talking to a child in front of a fence
image_4093.jpg,a man in a suit and tie is looking at the camera
image_4094.png,"an image of a man in a suit and tie with the capt that says, you know what they are"
image_4095.png,you ' reting me you by water because it ' s going to run out
image_4096.jpg,a woman sitting next to a young boy
image_4097.jpg,a picture of a man in the water with a capt
image_4098.jpg,"a man in a military uniform with a beard and a hat on, says ` ` ` ` ` ` ` ` ` ` ` ` ` ` ` ` ` ` ` ` ` ` ` ` ` ` ` ` ` ` ` ` ` ` `"
image_4099.jpg,a woman in a black dress holding a wine glass
image_41.PNG,"a woman standing in front of a tv screen with the capt that says, ` ` ` ` ` ` ` ` ` ` ` ` ` ` ` ` ` ` ` ` ` ` ` ` ` ` ` ` ` ` ` ` ` ` `"
image_410.png,"a green background with text that says, why i ' m ' m ' m ' m ' m '"
image_4100.jpg,"an image of a man and a woman with the capt that says, still a better love story than than"
image_4101.jpg,a woman walking down a hallway with the capt that says i need some help
image_4102.jpg,a group of people sitting on top of a car
image_4103.jpg,a group of people that are playing violin
image_4104.jpeg,a picture of a couple kissing in the middle of a picture of a couple kissing in the middle
image_4105.jpeg,a picture of a man hugging another man in a suit
image_4106.jpg,an image of a man swimming in the ocean
image_4107.jpg,titanic memeg titanic memeg titanic memeg titanic memes titanic memes titanic memes titanic memes titanic memes
image_4108.jpg,a black and white photo of a ship in the ocean
image_4109.jpg,a picture of a man kissing a woman in front of a crowd
image_411.jpeg,a black and white photo with the words ' me don ' on it
image_4110.jpeg,two pictures of a woman in a costume
image_4111.jpg,a man riding a bike in the ocean
image_4112.jpg,a black and white photo of a man with glasses
image_4113.jpg,an old woman standing in front of a mirror
image_4114.jpg,can swim? yes i can like titanic - can swim yes i can like titanic mis
image_4115.jpg,person and person in titanic titanic titanic titanic titanic titanic titanic titanic titanic titanic titanic titanic titanic titanic titanic
image_4116.jpg,a tank that is sitting on top of a boat
image_4117.jpg,titanic titanic titanic titanic titanic titanic titanic titanic titanic titanic titanic titanic
image_4118.jpg,titanic titanic titanic titanic titanic titanic titanic titanic titanic titanic titanic
image_4119.jpg,a boat that is sinking in the water
image_412.jpg,a man standing in front of a podium with an american flag
image_4120.jpg,the ship is sinking in the ocean
image_4121.jpg,a woman in a black dress sitting at a table
image_4122.jpg,on the titanic jack is the sinking cap it ' s doing fucking wesley you don ' t
image_4123.jpg,a man in a wrestling ring with the words i just sawo diao
image_4124.jpg,a man in a suit playing a violin
image_4125.jpg,a person riding a bike in the ocean
image_4126.jpg,"a ship in the middle of the ocean with a capt that reads, ` don ' t worry about the"
image_4127.jpeg,after 10 years in the bottom of the ocean
image_4128.jpg,an iceberg that looks like it is floating in the ocean
image_4129.jpg,an old photo of a woman in a dress
image_413.jpg,i told the black culture was to me
image_4130.jpg,a picture of a kid with a capt that says survive
image_4131.png,breaking news old from titanic says she ' s longer republican
image_4132.jpg,person i ' m going down with his post i ' m going down with his post i ' m going down with this post
image_4133.jpg,a boat that is sinking in the water
image_4134.jpg,a man in the water with a boat in the background
image_4135.jpg,a man laying on the ground next to another man
image_4136.jpg,a picture of a group of people in a pool
image_4137.jpg,i made this meme i will down with it
image_4138.jpg,"a white cat with the words, i like to take my favorite character"
image_4139.jpg,a boat that is floating in the water
image_414.jpg,a woman with long blonde hair and a black shirt holding a cigarette
image_4140.jpg,a man is standing in front of a mirror
image_4141.png,leonardo | happy birthday card
image_4142.jpg,a man sitting at a table with a bottle of beer
image_4143.png,titanic titanic titanic titanic titanic titanic titanic titanic titanic titanic
image_4144.jpg,a man in a suit and tie sitting down
image_4145.jpg,a picture of a man kissing a woman
image_4146.jpg,a picture of a man in a black jacket
image_4147.jpg,an image of a person in the water with a banana
image_4148.jpg,a green frog sitting on top of a brick
image_4149.png,"nice, job, and nice nice job nice job nice job nice job nice job nice job nice job nice job nice job nice job nice"
image_415.jpg,a man in a purple suit and top hat with his hand on his head
image_4150.jpg,a picture of a man laying on top of a cross
image_4151.jpg,a ship that is sinking in the ocean
image_4152.jpg,a man in a suit is talking to someone
image_4153.jpg,a couple kissing in front of a crowd of people
image_4154.jpg,go down the first date swallows all the same
image_4155.png,a man riding a bike in the ocean
image_4156.jpg,a polar bear laying down in the snow
image_4157.jpg,a couple kissing in the middle of a movie
image_4158.jpg,two girls posing for the camera with their arms around each other girls
image_4159.jpg,a man and woman on the deck of a cruise ship
image_416.jpg,a woman in a red dress singing into a microphone
image_4160.jpg,i want to draw me like one of your friends
image_4161.jpg,a man swimming in the ocean with a capt
image_4162.jpg,a man in a suit talking to another man in a suit
image_4163.jpg,a man looking at a ship that is sinking in the ocean
image_4164.jpg,titanic titanic titanic titanic titanic titanic titanic titanic titanic titanic
image_4165.jpg,a man in a suit and tie is looking at the camera
image_4166.png,titanic titanic titanic titanic titanic titanic titanic titanic titanic titanic
image_4167.jpg,"a cartoon character with a capt that reads, i love how we eat"
image_4168.png,a picture of two men standing on top of a boat
image_4169.jpg,your face when you realize that you ' re - your face when you realize that you re
image_417.jpg,happy birthday uncle from your favorite people
image_4170.jpg,a cartoon cat sitting on top of a table
image_4171.jpg,a cartoon cat sitting on top of a table
image_4172.jpeg,me wake from nap
image_4173.jpeg,the cat and the mouse are fighting over each other animals
image_4174.jpeg,the cat buried in the wall
image_4175.jpeg,me only listen to me on listen to me on listen to me on listen to me on listen to me on listen to me
image_4176.jpg,an image of a cartoon character in a room
image_4177.jpg,when i was a kid i always wanted to see the face of the alvin & jerry
image_4178.jpg,"an image of a cat sitting at a table with the capt that reads, i ' d ' t looked"
image_4179.jpg,a cartoon character sitting on a couch talking on the phone
image_418.jpg,a black and white photo of a man with his hands up in the air
image_4180.jpg,an image of a cat with a hat on it ' s head
image_4181.jpeg,two people in suits shaking hands with a cat
image_4182.png,an image of a cartoon character with the capt that says you ' re
image_4183.jpg,"an image of a cartoon character with a capt that reads, ` person ' s cousin"
image_4184.jpg,a cartoon bear standing in front of a white wall
image_4185.jpg,an image of a cat sitting on top of a book
image_4186.jpg,an image of a cat laying on the ground
image_4187.jpg,an image of a cat and a cat face
image_4188.jpg,an image of a cartoon character with a capt that says i ' m throwing a million dollars but happy
image_4189.jpg,a black and white cat sitting on top of a book
image_419.png,a football player talking to another player on the field
image_4190.jpg,a screenshot of person texting ` ` ` ` ` ` ` ` ` ` ` ` ` ` ` ` ` ` ` ` ` ` ` ` ` ` ` ` ` ` ` ` ` ` ` ` ` ` ` `
image_4191.png,an image of a cat and dog laying on the floor
image_4192.png,an image of a cartoon cat with its arms in the air
image_4193.jpg,"a cartoon scene with a cat in the middle of the scene, and a cat in the middle of the"
image_4194.jpg,a sponge sponge sponge sponge sponge sponge sponge sponge sponge sponge sponge sponge
image_4195.jpg,a cartoon cat standing in front of a door
image_4196.png,two cartoon characters standing in front of a door
image_4197.png,an image of a cartoon character holding a balloon
image_4198.jpg,a cartoon cat sitting in a chair reading a book
image_4199.png,some relationships are like tom and jerry
image_42.jpg,a man in a suit talking to another man
image_420.jpg,a man in a suit and tie with the words i ' m here to make al most
image_4200.png,"an image of a cartoon character in front of a screen with the capt that reads, the tom and jerry"
image_4201.png,"an image of a cartoon character with a capt that reads, i don ' t care if 5 years old"
image_4202.jpg,i ' m not sleeping just missing mes
image_4203.jpg,a picture of a teddy bear with the capt that reads me can use room teacher can you? shit on
image_4204.jpg,"an image of a cartoon character with the capt that reads, when you ' veld conversee dying"
image_4205.png,"cartoon memes are going down, it ' s not over"
image_4206.jpg,a painting of jesus with the words i tried to turn but stopped me customs
image_4207.jpg,"it ' s right it ' s right it ' s left no right, no media conspiracy"
image_4208.jpg,a picture of president obama and hillary
image_4209.jpg,a man in a suit and tie standing next to a man in a suit
image_421.jpeg,a man with long hair and a shirt looking at the camera
image_4210.jpg,an image of a man with duct on his mouth
image_4211.jpg,a man in a white shirt and red hat playing golf
image_4212.jpg,a picture of the president and his wife in front of an american flag
image_4213.png,a man in a suit and tie with a quote on it
image_4214.jpg,a meme with the capt of president trump
image_4215.jpg,a man in a suit and tie sitting on a couch
image_4216.jpg,this is a picture of the only person responsible if - donald
image_4217.jpeg,do you want to build a wall? - do you want to build a wall
image_4218.jpg,a poster with a picture of donald the trump
image_4219.jpeg,a picture of donald the great and a picture of the great
image_422.jpg,a man in a yellow shirt with a quote on it
image_4220.jpg,a tv screen with a picture of a man in uniform
image_4221.jpg,a picture of the president giving a thumbs gesture
image_4222.jpg,a person in a suit and tie with the capt of donald
image_4223.jpg,a dog standing on top of a magazine
image_4224.png,a man in a suit and tie standing next to an image of a man in a suit and tie
image_4225.png,trump is my trump card
image_4226.jpg,a picture of the president and first lady of the united
image_4227.jpeg,a man in a suit and tie with a quote on it
image_4228.jpg,a man in a suit and tie with an american flag behind him
image_4229.jpg,a man in a suit holding a box of food
image_423.jpg,a black and white poster with an image of a truck
image_4230.jpg,a man in a suit and tie is looking at the camera
image_4231.jpg,a picture of a man with a light saber in his hand
image_4232.png,a mememememememememememememememememememememememememememememememememememememememememememememememememe
image_4233.png,a man in a suit and tie is looking at the camera
image_4234.jpg,a man sitting at a table with a bottle of beer
image_4235.jpg,a man in an orange vest is holding a rope
image_4236.jpg,` ` ` ` ` ` ` ` ` ` ` ` ` ` ` ` ` ` ` ` ` ` ` ` ` ` ` ` ` ` ` ` ` ` ` ` ` ` ` ` ` ` `
image_4237.jpg,the president and hillary are smiling for the camera
image_4238.jpg,a dog that is sitting on top of a blanket
image_4239.jpg,a picture of a woman in a red shirt with the words it ' s not treason
image_424.jpg,a black and white poster with an image of a person wearing a hat
image_4240.jpg,"a picture of a man in a suit and tie with the capt that says, i ' m e a"
image_4241.png,a man in a white shirt with blue butterflies on his arm
image_4242.jpg,no wipsword or is
image_4243.jpg,a man in a suit and tie with a hat on his head
image_4244.jpg,a man in a suit and tie speaking into a microphone
image_4245.jpg,hey hey hey hey hey hey hey hey hey hey hey hey hey hey hey hey hey hey hey hey hey
image_4246.png,an image of a man in a suit and tie pointing at the camera
image_4247.png,trump is called a racist
image_4248.jpg,a woman standing at a podium in front of a blue curtain
image_4249.jpg,an image of a woman that is looking at the camera
image_425.jpeg,bill bill bill bill bill bill bill bill bill bill bill
image_4250.jpg,a man in a suit and tie standing at a podium
image_4251.jpg,"two men in white suits, one wearing a white suit and the other wearing a white suit"
image_4252.jpg,two pictures of men in suits and ties standing next to each other men
image_4253.jpg,a man in a suit and tie speaking into a microphone
image_4254.jpg,a young boy standing on top of a green field
image_4255.png,i want you on my side of the wall
image_4256.png,a poster with the image of president donald
image_4257.jpg,a man in a suit drinking water from a bottle
image_4258.png,this is a mosaic of donald ' s face
image_4259.jpg,a dog sitting at a desk with its mouth open
image_426.jpg,a picture of a person with a hat on
image_4260.jpg,a poster with a picture of trump and a man with a gun
image_4261.png,an image of a man in uniform with the capt that reads time to get united and ronald trump off office
image_4262.jpg,trump says when daddy takes your small loan so that you can build a wall
image_4263.jpg,a man in a suit sitting on a swing
image_4264.jpg,a man in a suit and tie standing next to another man in a suit and tie
image_4265.jpg,a man in a suit and tie standing at a podium
image_4266.jpg,a man in a suit and tie holding his hands up
image_4267.jpg,a man in a suit and tie smiles at the camera
image_4268.jpg,a man in a suit and tie with the words worst president ever
image_4269.jpg,a man in a suit and tie sitting at a table with flowers
image_427.jpg,a cartoon drawing of a man sitting at a desk
image_4270.png,a man in a suit and tie is looking up at the camera
image_4271.jpg,a man in a suit and tie holding an american flag
image_4272.jpg,the most thing in the world is an eagle who thinks genius
image_4273.jpg,a man in a suit sitting at a desk looking at his phone
image_4274.jpg,trump we love you poster
image_4275.jpg,a man in a suit sitting at a table with his head in his hands
image_4276.jpg,a man in a suit and tie is smiling at the camera
image_4277.png,a photo of the president and his children in a classroom
image_4278.jpg,a picture of the president and mrs trump
image_4279.png,a man in a suit and tie pointing his finger at the camera
image_428.jpg,a man talking on the phone in front of a building
image_4280.png,a picture of a man in a suit and tie
image_4281.jpg,the president is standing on the balcony of the white house
image_4282.png,a man in a red hat and white shirt smoking a cigarette
image_4283.jpg,a picture of donald and corn with the words who ' s the worst?
image_4284.png,a man in a suit pointing his finger at the camera
image_4285.png,a man in a suit speaking into a microphone
image_4286.jpg,"a picture of a man with wings and the capt that says, what is the x - men? are"
image_4287.jpg,"an image of a man in a superhero costume with the capt that says, you know when you ' re"
image_4288.jpg,"x - men, x - men, x - men"
image_4289.jpg,avengers memes and the avengers team
image_429.jpg,a picture of a person with a hat on
image_4290.png,stan stan stan stan stan stan stan stan stan stan stan stan stan stan stan stan
image_4291.jpg,can ' t els replace with oates and live invarde - can ' t els replace with oates and live invarde
image_4292.jpg,a man sitting in a room with a quote on it
image_4293.jpg,"avengers memes, avengers memes, avengers memes"
image_4294.jpg,a group of people posing for a photo in a room
image_4295.jpg,a man with long hair and a white shirt is saying what if men are actually normal? an over the
image_4296.jpg,a man in a red shirt pointing at the camera
image_4297.jpeg,a man with long hair and a beard that looks like he ' s from the avengers movie
image_4298.jpg,captain america memememememememememememememememememememememememememememememememememememememememememememememememe
image_4299.jpg,a cartoon character sitting in front of a computer
image_43.jpeg,a col col col col col col col col col col col col col col col col col col
image_430.jpeg,a man with a smile on his face
image_4300.jpg,a picture of the avengers avengers memes
image_4301.jpg,an image of a woman in a black cat suit with the words make it rain
image_4302.jpg,a green and black image of a t - rex
image_4303.jpg,a man in a red shirt pointing at the camera
image_4304.jpeg,a girl with long hair and a green light on her face is looking at the camera
image_4305.jpg,a woman in a pink hat and a man in a black suit are talking to each other people
image_4306.jpg,"an image of a man in a top hat and bow tie with the capt that says, i ' m"
image_4307.jpg,"an image of a cartoon character with a capt that reads, i ' m ' m ' m ' m"
image_4308.jpg,an image of a man with his head in the shape of a face
image_4309.jpg,two men talking to each other man in a bar
image_431.jpg,a black and white poster with an image of a man in a hat
image_4310.png,an image of a man with blue paint on his face
image_4311.jpg,a man in a suit and sunglasses next to a woman in a dress
image_4312.jpg,a picture of a man in a suit and tie
image_4313.jpg,the avengers movie memes
image_4314.jpg,a man in a leather jacket talking to another man
image_4315.png,the walking dead memes and the walking dead
image_4316.png,a man with a beard and a leather jacket talking to another man with a beard
image_4317.png,"an image of a man in a suit and gloves, with the capt that reads listen to me you will"
image_4318.jpg,"x - men, x - men memes, x - men, x - men memes, x - men, x - men memesmesmesmesmesmesmesmesmesmesmesmesmesmesmesmesmesmesmesmesmesmes"
image_4319.png,hugh the wolverine wolverine wolverine wolverine wolverine wolverine wolverine wolverine
image_432.jpg,a woman sitting at a table with two pictures of her
image_4320.png,"two men sitting at a table, one is smoking and the other is looking at him"
image_4321.JPG,a cat in a yellow vest with the words ' best mode '
image_4322.png,a man in a space suit is staring at the camera
image_4323.jpg,an image of a man with no shirt in the water
image_4324.jpg,one punch one punch one punch one punch one punch one punch one punch one punch one punch
image_4325.jpg,a man with glasses and a mustache in front of a black background
image_4326.jpg,i said bacon they always mes up my order - i said bacon they always mes up my order scr
image_4327.jpg,a picture of wolverine and the other characters
image_4328.jpg,two men sitting in an airplane looking at a piece of paper
image_4329.jpg,a person is holding a black jacket
image_433.jpg,a cartoon drawing of a man with a hat on
image_4330.png,stark family has become x - men https https https https https https https https https https https https https https https https https https
image_4331.jpg,an image of a woman with white hair and a speech bubble above her
image_4332.jpg,everything you need to know about x - men apocalypse
image_4333.jpg,a woman with long blonde hair and a man in a black suit
image_4334.jpg,a picture of a man in a suit and tie
image_4335.jpg,a man in a wheelchair next to a woman in a wheelchair
image_4336.jpg,epic white streak makes up putting boyfriend with kiss
image_4337.jpg,wolverine mememes are greatest man wolverine as a canadian - wolverine mememes
image_4338.png,x - men vs avengers movie? take my money
image_4339.png,x - men x - men x - men x - men x - men x - men x - men x - men x - men x
image_434.jpg,a cartoon drawing of a man with a hat on his head
image_4340.jpg,a man is laughing and holding a beer bottle
image_4341.jpg,a man in a black shirt is looking at the camera
image_4342.jpg,a screenshot of a person standing in front of a window
image_4343.jpg,a man standing in front of a purple wall
image_4344.jpg,an image of a man with a white beard pointing at the camera
image_4345.jpg,a man in a suit and tie smoking a cigarette
image_4346.jpg,a man with his face in the middle of a facebook meme
image_4347.jpeg,"a book with the words facebook, facebook, and facebook"
image_4348.jpg,a man in a yellow robe holding a sign
image_4349.jpeg,a man in a suit and tie is looking at the camera
image_435.jpg,"a picture of a man with a hat and text that says, ` ' this bl is stuck yo"
image_4350.jpeg,a man standing in front of a crowd of people
image_4351.jpeg,a man sitting in front of a laptop computer
image_4352.jpeg,a man and a woman in a car
image_4353.jpg,y y y y y y y y y y y y y y y y y y y y y y y y y y y y
image_4354.jpg,a man kneeling down next to a cow
image_4355.jpg,a man in a suit and tie drinking from a glass
image_4356.jpg,a man in a black shirt with his hands up and the words great facebook calls
image_4357.jpg,a man holding a cell phone in front of his face
image_4358.jpg,facebook ' s facebook page is shown in this image
image_4359.jpg,a man in a suit and tie sitting at a desk
image_436.jpg,"a picture of a person with a hat and text that reads, ' this is it '"
image_4360.jpg,makes people ' personal data fs laugh - makes people ' personal data fs laugh bad luck kid
image_4361.jpg,a man standing in front of a kitchen counter
image_4362.jpg,a man and woman dressed up as wizard and wizard
image_4363.jpg,a man in a suit sitting at a table
image_4364.jpg,a man in a suit and tie with the words what they see what they see what they see
image_4365.jpg,a man in a suit and tie standing in front of a crowd
image_4366.png,a man in a suit and tie standing at a podium
image_4367.jpeg,a man in a black shirt is looking at his phone
image_4368.jpg,an image of a man with a smile on his face
image_4369.jpg,a young man with a smile on his face
image_437.jpg,a picture of a person with a hat on
image_4370.jpg,the tweet tweet tweet tweet
image_4371.png,a man talking on a cell phone
image_4372.jpg,a man standing in front of a facebook logo
image_4373.jpg,the many faces of a man in a suit
image_4374.png,a man in a suit and tie sitting at a table
image_4375.png,"a tweet that reads, ' i have one question mark zuberg '"
image_4376.png,"an image of a man in a hoodie with the capt that says, ' i ' m ' t"
image_4377.jpg,a man in a suit standing next to another man in a suit
image_4378.png,der mark zuberg der mark zuberg der mark zuberg der mark zuberg der mark zuberg der mark zuberg
image_4379.png,a man in a black shirt with the words did you know????
image_438.jpg,a picture of a person with a hat on
image_4380.jpg,a man sitting at a table with a laptop
image_4381.jpg,` ` ` ` ` ` ` ` ` ` ` ` ` ` ` ` ` ` ` ` ` ` ` ` ` ` ` ` ` ` ` ` ` ` ` ` ` ` ` ` ` ` ` `
image_4382.jpg,two people sitting at a table with plates of food
image_4383.jpg,"a man in a maroon hoodie with the capt that says, ' i ' m '"
image_4384.jpg,"a man laughing in front of a tree with the capt that says, ` ` ` ` ` ` ` ` ` ` ` ` ` ` ` ` ` ` ` ` ` ` ` ` ` ` ` ` ` ` ` ` ` ` ` `"
image_4385.jpg,a picture of a man in a suit and tie
image_4386.jpg,a woman sitting at a table in front of a microphone
image_4387.png,a man holding up a piece of paper with a picture of him
image_4388.jpg,a sponge sponge sponge sponge sponge sponge sponge sponge sponge sponge sponge sponge
image_4389.jpg,a man in a gray shirt is smiling and waving
image_439.jpg,a black and white poster with an image of a person sitting at a desk
image_4390.jpg,a group of people standing in front of a wall
image_4391.png,a man laughing with the capt that reads you can ' t - mark zuberg on facebook
image_4392.jpg,a sponge sponge sponge sponge sponge sponge sponge sponge sponge sponge sponge
image_4393.jpg,a picture of minions from the minions movie
image_4394.jpg,a lizard drinking water from a bottle in the grass
image_4395.png,a man in a suit talking to a woman in a suit
image_4396.png,an image of a man in a suit and tie
image_4397.png,a man in a suit and tie standing next to an american flag
image_4398.jpg,a man sitting at a desk in front of a computer
image_4399.png,"a star destroyer ship with the capt that reads, ` is living away 4 star destroyers at midnight just"
image_44.jpg,two pictures of a man and a woman in the same picture
image_440.jpg,a black and white photo of a man with a mustache
image_4400.jpg,a picture of a man looking out the window of an airplane
image_4401.jpg,a man in a suit and tie sitting in front of a crowd
image_4402.jpg,earth ' s not dangerous reptiles
image_4403.png,a man standing in front of a screen with the words mark zuberg on it
image_4404.png,a man in a gray shirt holding a microphone
image_4405.png,a man in a suit and tie sitting at a table
image_4406.png,me i promised won ' t a political drink later
image_4407.jpg,i ' m always a suiter coffee mug
image_4408.jpg,a man in a gray shirt is laughing
image_4409.jpg,a man holding a microphone in front of a blue background
image_441.jpg,this is bill sticker
image_4410.jpg,"an image of a man with long hair and a text that reads, what if i ' d like to"
image_4411.png,a group of people on the beach with a surfboard
image_4412.png,"a cartoon image of two monkeys with the capt that reads, now asge was wasted to share information mark"
image_4413.jpg,a black and white photo of a man giving the thumbs
image_4414.jpg,an image of a man in a suit sitting at a table
image_4415.png,a picture of a man with the words mark zuberg on his face
image_4416.png,a cartoon character holding a paper with the words mark zuberg
image_4417.png,"a tweet with the text that reads, ' people who get to get their own '"
image_4418.jpg,a man in a gray shirt and black shirt is holding up a white sign with the words yo like
image_4419.jpg,an image of a man in a black hoodie and a man in a black hoodie
image_442.jpg,a picture of a person walking in the rain
image_4420.png,"an image of a man in a suit and tie with the capt that says, what are you??"
image_4421.jpg,a man standing in a kitchen with a plate of food
image_4422.jpg,uses twitter to ask the inventor of facebook - uses twitter to ask the inventor of facebook black guy
image_4423.jpg,an image of a computer screen with the words mark zuberg on it
image_4424.png,a man in a tuxed tuxed tuxed tuxed tuxed tuxed tuxed
image_4425.jpg,an image of a man in a suit and tie
image_4426.jpg,a group of children dancing in the dirt
image_4427.png,a cat laying in a box on the floor
image_4428.jpeg,a man sitting in front of a computer
image_4429.jpg,an image of a man in a suit smoking a cigarette
image_443.jpg,a man with a beard and the capt that reads can you pay telephone bills? maybe they can ' t
image_4430.jpg,a man in a suit and tie is looking at the camera
image_4431.jpg,deadpool - i ' m sorry for what i said
image_4432.jpg,the big bang bang bang bang bang bang bang bang bang bang bang
image_4433.jpg,"when you ' re, you ' re, you ' re, you ' re, you re, you re, you re, you re"
image_4434.png,a seal sitting on top of a rock in the water
image_4435.jpg,i want to go out but i want to stay in
image_4436.jpg,a man and woman sitting on a couch talking to each other people
image_4437.jpg,an image of a man looking at a giant dinosaur
image_4438.png,the man is wearing a green suit
image_4439.jpg,"the lord in the lord ' s house harry potter, harry potter, harry potter, harry potter, harry"
image_444.jpg,a group of people playing a game in a bar
image_4440.png,a man in a tuxed suit holding a gun
image_4441.jpg,a kitten that is laying down on a blanket
image_4442.jpg,a man dressed as the joker with his hands up
image_4443.jpg,a picture of a man in a car with the capt that says i ' ll ' d right back
image_4444.jpg,a black and white cat with green eyes
image_4445.jpg,person and person in the ho ho ho ho ho ho ho ho ho ho ho ho ho ho ho ho
image_4446.jpg,an image of a man in a suit pointing at the camera
image_4447.jpg,a baby sitting on top of a bed
image_4448.jpg,it ' s outrageous it ' s unfair how can i be a person?
image_4449.jpg,it ' s simple we kill bachman - it ' s simple we kill bachman joker
image_445.jpg,"a black and white drawing of a man with a text that reads, ` ' this bill started to work"
image_4450.jpg,"good morning have a beautiful monday good morning quotes, good morning quotes, good morning pictures, good morning images, good morning images, good morning"
image_4451.png,joker mememe memememememememememememememememememememememememememememememememememememememememememememememe
image_4452.png,two men standing next to each other man
image_4453.jpg,two minions minions minions minions minions minions minions minions minions minions minions minions
image_4454.jpeg,a man in a suit and tie next to another man in a suit
image_4455.jpg,a man in a suit and sunglasses pointing at the camera
image_4456.jpg,"a man in a captain costume standing in front of a car with the capt that reads, there ' s"
image_4457.jpg,a man in a suit is talking to someone
image_4458.png,a black and white photo of a woman in a dress
image_4459.jpg,a man and woman hug in the middle of a room
image_446.jpg,a black and white poster with an image of a person wearing a hat
image_4460.png,an image of a woman laughing with the capt
image_4461.jpg,a group of men standing in front of a bar
image_4462.jpg,a group of people with their faces in the middle
image_4463.jpeg,a woman is standing in front of a couch
image_4464.jpg,a man looking up at the camera with his hands on his face
image_4465.jpg,two men in suits talking to each other men
image_4466.png,a picture of a woman crying in front of a casket
image_4467.png,a man in a suit is looking at a mirror
image_4468.jpg,mammoth - can ' t tell difference between memes and nones
image_4469.jpg,"a picture of a minion with a quote on it that says, ` i don ' t understand why"
image_447.jpg,a black and white drawing of a person sitting at a desk with the words bill on it
image_4470.jpg,a black and white poster with an image of a hand holding a laptop
image_4471.png,a car that is sitting on the back of a truck
image_4472.png,a man in a tuxed tuxed tuxed tuxed tuxed tuxed tuxed
image_4473.png,a picture of a man wearing a cowboy hat
image_4474.jpg,i need feminism because i need feminism because i need feminism because i need feminism because i need feminism because
image_4475.jpg,a picture of the joker in the dark knight movie
image_4476.png,two pictures of a man and woman hugging each other people
image_4477.jpg,a man in a suit and tie smiles at the camera
image_4478.png,a man holding a stuffed animal in front of him
image_4479.jpg,a picture of a man sitting at a desk
image_448.jpg,a picture of a man with a smile on his face
image_4480.jpg,a bird that is standing on top of a rock
image_4481.jpg,a black and white photo of a man smoking a cigarette
image_4482.png,i can ' t contain this orgm - i can ' t contain this orgm mis
image_4483.jpg,a man in a black shirt with the words i just have to act
image_4484.jpg,chuck norris can never fill up a online form
image_4485.jpg,a man sitting on top of a bench
image_4486.jpg,a man and a woman sitting on a horse
image_4487.jpg,a man in a suit and tie is looking at the camera
image_4488.jpeg,a picture of a cat sitting on top of a box
image_4489.jpg,"person, person, person, person, person, person, person, person, person, person, person, person, person, the lo"
image_449.jpg,a black and white image of a sports car
image_4490.png,a man sitting on top of a couch in front of a window
image_4491.jpg,a group of people sitting on top of a dirt field
image_4492.jpg,dead dead dead dead dead dead dead dead dead dead dead dead dead dead dead dead dead dead dead dead dead
image_4493.jpg,a minion wearing a sombre hat and holding a gun
image_4494.jpg,a man standing on top of a boat in the water
image_4495.jpg,a man in a white shirt is looking at the camera
image_4496.jpg,a man wearing a red hat and a brown jacket
image_4497.jpg,a man with red hair and a beard
image_4498.jpg,batman vs superman memes
image_4499.jpg,a man with a smile on his face
image_45.jpeg,"the avengers avengers memes, avengers memes, avengers memes, avengers memes, avengers memes"
image_450.jpg,"a cartoon drawing of a man in a baseball cap with the capt that says, ' this is bill '"
image_4500.jpg,two pictures of a girl and a boy with the words ' worst divorce ever '
image_4501.png,steve steve steve steve steve steve steve steve steve steve steve steve steve steve
image_4502.jpg,a cat that is looking at the camera
image_4503.png,an image of a frog with its tongue sticking out
image_4504.png,a man laying on a couch using a laptop
image_4505.png,a man in a suit and tie with his hands up
image_4506.jpg,a man and woman walking down the street
image_4507.jpg,deadpool deadpool deadpool deadpool deadpool deadpool deadpool deadpool
image_4508.jpg,a cartoon character crying with the words can ' t live without technology
image_4509.jpg,a picture of a minion with a card in his hand
image_451.jpg,"a cartoon drawing of a man in a suit and tie, with the capt that says, ` ` ` ` ` ` ` ` ` ` `"
image_4510.jpg,chuck norris on cake in the freeze
image_4511.jpg,a man standing on top of a mountain looking out over a lake
image_4512.jpeg,a yo yo yo yo yo yo yo yo yo yo yo yo yo yo yo yo yo yo yo yo
image_4513.jpg,the different types of head
image_4514.jpg,a quote on a pink background with red roses
image_4515.jpg,a man in a white jacket holding a knife
image_4516.jpg,two men standing next to each other men
image_4517.jpg,the big bang bang bang bang bang bang bang
image_4518.jpg,a woman wearing a red hoodie and a red hoodie
image_4519.jpg,a man with glasses and a quote on his face
image_452.jpg,a cartoon character with headphones on his head
image_4520.png,a man kissing a woman in the middle of the screen
image_4521.png,a picture of a man in a white shirt and black jacket
image_4522.jpg,a cat that is sitting on top of a table
image_4523.jpg,a man in a gray shirt is pointing at the camera
image_4524.jpg,a black and white quote on a white background
image_4525.jpg,an older couple sitting on a couch in front of a fireplace
image_4526.jpg,a man standing at a podium in front of a microphone
image_4527.jpg,an image of a cat with a hat on it ' s head
image_4528.png,a boy in a suit holding a gun and pointing at the camera
image_4529.jpg,a woman in a blue shirt and a man in a blue shirt
image_453.jpg,a cartoon of a man with a hat on his head
image_4530.jpg,a cartoon of two dinosaurs talking to each other dinosaur
image_4531.jpg,a man and a woman sitting in front of a computer
image_4532.jpg,a seal that is looking up at the camera
image_4533.jpg,"two pictures of one direction and one direction, one direction, one direction, one direction quotes, one direction"
image_4534.png,a picture of a man holding a bottle
image_4535.png,a child sitting on a throne with the capt that reads chuck ors was a bass for long time
image_4536.png,hillary mememememememememememememememememememememememememememememememememememememememememememememememememe
image_4537.jpg,a woman sitting next to a man in a suit
image_4538.png,an image of a man in a suit holding a microphone
image_4539.jpg,you can always tell women they ' re from being fat
image_454.jpg,one does no simply yet you no register first - one does no simply yet you no register first one does no
image_4540.png,"an image of a man in a purple suit and hat, with the capt that reads, i ' m"
image_4541.png,a young boy in a grey shirt with the words i see you are reving mes so naturally
image_4542.jpeg,my crystal ball is telling me that a frog
image_4543.jpg,a man and woman kissing in front of a fence
image_4544.png,a pair of blue high heels with a cartoon character on the heel
image_4545.png,a man with a beard wearing a turtle neck sweater
image_4546.jpg,"game of thrones, game of thrones, game of thrones"
image_4547.jpg,"when you ' re, you ' re, you ' re, you ' re, you re, you re, you re, you re"
image_4548.png,a black and white photo of two people
image_4549.jpg,"game of thrones, game of thrones, game of thrones"
image_455.jpg,a group of people sitting around a table
image_4550.png,a young boy is yelling at the camera
image_4551.jpg,game of thrones
image_4552.jpg,a group of people standing in front of a building
image_4553.jpg,a man in a suit standing next to a door
image_4554.png,"a spider with the capt that reads, this is actually a spider - manhead now"
image_4555.jpg,a man in a black and white shirt with his fist up
image_4556.jpg,"person, person, and person in star trek the original series star trek the original series, star trek, person, star trek, person, person, person, person, person, person, person, person, person, person, person, person,"
image_4557.png,an image of a lion and a man in a suit
image_4558.jpg,a man in a white tank top with chains around his neck
image_4559.jpg,when you try to do your homework and the whole could help
image_456.jpg,a picture of a boy with a smile on his face
image_4560.png,a man in a pirate costume and a woman in a pirate costume
image_4561.png,an image of a man with long hair and a woman with long hair
image_4562.jpg,a woman with her arms up in the air
image_4563.png,a cartoon character with an american flag on his head
image_4564.jpg,an image of a man with a sword in his hand
image_4565.jpg,a man sitting at a table with a bottle of beer
image_4566.jpg,a man with glasses and a red shirt in front of a crowd
image_4567.jpg,a ship sinking in the ocean with people watching it
image_4568.jpg,a man in uniform talking to another man in uniform
image_4569.jpg,a picture of a man talking on a cell
image_457.jpg,a man driving a car with a cup in his hand
image_4570.jpg,a man in a black and white shirt is pointing at the referee
image_4571.jpg,a man with a hat on his head smiles at the camera
image_4572.jpg,a group of football players in the middle of a game
image_4573.jpeg,i love you this much
image_4574.jpg,a man in a suit and tie standing in front of a white house
image_4575.png,the avengers movie memes
image_4576.jpg,an image of a man with a baseball cap on his head
image_4577.png,a bunch of people sitting at desks in an office
image_4578.jpg,a baby sitting on top of a table with the capt that says you mean that one day will be to
image_4579.jpg,a man in a suit sitting in a chair
image_458.jpg,the big bang bang bang bang bang bang bang bang bang bang bang bang bang bang bang bang bang bang bang
image_4580.jpg,"chuck norris has a crazy beard in his room it ' s not dead, just afraid to move"
image_4581.jpg,a man proposing a woman on the street
image_4582.jpg,the big bang bang bang bang bang bang bang bang bang bang
image_4583.jpg,a man holding a baby gorilla in his arms
image_4584.jpg,game of thrones game of thrones game of thrones game of thrones game of thrones game of thrones game of thrones game of throne
image_4585.jpg,a toy with a green hair holding a hammer
image_4586.jpg,an image of a man in a white shirt and blue shirt
image_4587.jpg,a minion with the words you never told to do good stuff
image_4588.png,an image of a man with a smile on his face
image_4589.jpg,a man in a suit and tie smiles at the camera
image_459.jpg,a man wearing a green lantern t - shirt
image_4590.jpg,a balloon in the middle of a bed
image_4591.png,crooked hillary - crooked hillary
image_4592.png,a painting of a ship in the ocean at night
image_4593.jpg,a cat sitting on top of a cat tree
image_4594.jpg,a woman in a banda banda banda banda banda banda banda banda banda banda banda banda banda banda banda banda banda
image_4595.jpg,a black and white photo of a man reading a newspaper
image_4596.jpg,a man in a suit shaking another man ' s hand
image_4597.jpg,a picture of a man in a plaid shirt with the words ' when i ' m '
image_4598.png,a man and a woman walking down the street
image_4599.jpg,an image of a cartoon character with a rainbow in the background
image_46.jpg,iron man and iron man in avengers
image_460.jpg,what did the big bang was reston for a previous universe that i used p - conspiracy kid
image_4600.jpg,are there drugs in this burger? no just a few million eyes
image_4601.png,no man can kill run into the woman on the battlefield
image_4602.jpeg,so they said no this little pig is going to the bar
image_4603.png,two people are in the water with life jackets
image_4604.jpg,a man in a denim jacket and sunglasses is looking at the camera
image_4605.jpg,a man and woman standing next to each other people
image_4606.jpg,a meme of the joker in the dark knight movie
image_4607.png,"an image of a girl with a crown on her head and the words, ' when i ' m '"
image_4608.jpg,a man in a tuxed tuxed tuxed tuxed tuxed tuxed tuxed
image_4609.jpg,a black cat wearing a bow tie sitting on a rug
image_461.jpg,"a guy with a hat that says, i miss the big theory ' s parties can come from nothing"
image_4610.png,a man wearing a tie
image_4611.jpg,a minion with a quote on it that says i ' m ' m ' m ' m ' m
image_4612.jpg,"a minion with a quote on it that says, ' today tomorrow tomorrow tomorrow tomorrow tomorrow tomorrow tomorrow"
image_4613.jpg,an image of a man with long hair looking at the camera
image_4614.jpg,the big bang bang bang bang bang bang bang bang bang bang bang bang bang bang bang bang bang bang
image_4615.jpg,a black and white photo of a man in a suit
image_4616.png,deadpool deadpool deadpool deadpool deadpool deadpool deadpool deadpool deadpool
image_4617.jpg,two chiy monkeys sitting on top of a tree
image_4618.png,a man in a suit and tie is on the news
image_4619.jpg,"text that reads, ` ` ` ` ` ` ` ` ` ` ` ` ` ` ` ` ` ` ` ` ` ` ` ` ` ` ` ` ` ` ` ` ` ` ` ` `"
image_462.jpeg,a man in a blue shirt is looking at the camera
image_4620.jpg,a woman laying in bed with her head on her hand
image_4621.png,a picture of a cat with the capt on it
image_4622.png,why why why why why why why why why why why why why why why why why why why why why
image_4623.jpg,hillary mememememememememememememememememememememememememememememememememememememememememememememememememe
image_4624.jpg,a man in a suit and tie with the capt that says i ' m ' t racist some of my
image_4625.png,a man in a blue shirt is walking down the street
image_4626.jpg,a woman walking down the street with a hat on
image_4627.jpg,two pictures of a man and a woman in the same school day
image_4628.jpg,a bunch of memes and batman memes
image_4629.jpg,a man in a suit sitting at a desk
image_463.jpg,a man sitting at a desk in front of a computer
image_4630.jpg,a man sitting on top of a bench next to a woman
image_4631.JPG,a cat laying on top of a couch
image_4632.jpeg,a cartoon character flying through the air
image_4633.jpg,the face of a man that says you have a case of intrale misy
image_4634.jpg,"an image of a man in sunglasses with the capt that reads, ' at school, i ' m '"
image_4635.jpg,a man swimming in the ocean
image_4636.jpg,a cat that is sitting on top of a car
image_4637.png,a man in an orange jacket is talking on the phone
image_4638.jpg,a picture of a man in a military uniform with a bandage on his head
image_4639.jpg,an image of a cartoon character and a picture of a cartoon character
image_464.jpg,a man in a red shirt sitting on a couch
image_4640.png,two men shaking hands in front of flags
image_4641.jpg,a man sitting in a chair with the capt on his face
image_4642.jpg,a person with a clown face on it ' s face
image_4643.png,a group of birds that are standing in the dirt
image_4644.jpg,a man with blonde hair and a white shirt is smiling at the camera
image_4645.png,not sure it ' s a bros - charge game or scene from the movie ne
image_4646.jpg,an image of a man in a plaid shirt and a woman in a plaid shirt
image_4647.jpg,a man in a suit is talking to another man in a suit
image_4648.png,a man with long hair wearing a black coat
image_4649.png,a man in a tuxed tuxed tuxed tuxed tuxed tuxed tuxed tuxed
image_465.jpg,the big bang bang bang bang bang bang bang bang bang bang bang bang bang bang bang bang bang bang
image_4650.jpg,a man in a suit and tie is smiling at the camera
image_4651.jpeg,a man in a military uniform hugging another man in a military uniform
image_4652.jpg,oh my gondado we ' ret that handbag?
image_4653.jpg,"a man in a white shirt and blue shirt holding a microphone with the words, ` ` ` ` `"
image_4654.png,a cat that is sitting on top of a building
image_4655.jpg,a group of penguins standing next to each other penguins
image_4656.jpg,a woman in a fur coat with the words i love playing with snowballs
image_4657.jpg,a man sitting at a table talking on a phone
image_4658.jpg,conspiracy conspiracy conspiracy conspiracy conspiracy conspiracy conspiracy conspiracy conspiracy conspiracy conspiracy conspiracy
image_4659.jpg,a little boy sitting in the snow next to a polar bear
image_466.jpeg,the flash and the flash in the flash suit
image_4660.jpg,a man in a hat and sunglasses driving a car
image_4661.jpg,game of thrones is listed as the best game of thrones game of thrones is listed as the best game of thrones game of thrones is listed as the best game of thrones game of thrones game of thrones game of throne
image_4662.jpg,a woman holding a microphone with a quote on it
image_4663.jpg,a woman with long white hair wearing glasses and looking at the camera
image_4664.jpg,a man in a suit sitting at a desk
image_4665.png,a poster with a picture of president obama and president obama
image_4666.png,a cat with its mouth open sitting on the floor
image_4667.jpg,knowledge is power and love corrupts so study hard and be evil
image_4668.png,a man in a suit and tie is looking at the camera
image_4669.jpg,a woman standing in front of an american flag
image_467.jpeg,a man in a blue shirt standing in front of a computer
image_4670.jpg,the dark knight batman memes
image_4671.png,an image of a man in a suit and tie
image_4672.jpg,a man in a suit sitting at a desk talking on a cell
image_4673.jpg,a picture of a man with a red circle on his head
image_4674.jpg,an old man with glasses and a red and green background says microwave microwave microwave microwave microwave microwave microwave microwave microwave
image_4675.png,an image of a tennis player with a tennis racket
image_4676.png,"a picture of an old man with the capt that reads it ' s no more dv congress, ap"
image_4677.jpg,an image of a man talking on the phone
image_4678.jpg,a man in a black shirt standing on top of a basketball court
image_4679.jpg,a woman pointing her finger at the camera
image_468.jpg,watch big bang they and star wars omgise in the ne queen - watch big bang
image_4680.jpg,a cat sitting in the back of a boat
image_4681.jpg,dart baker you don ' t know the lord of the dark side
image_4682.jpg,"a black and white photo of a man sitting in a car with the capt that says, ` ` ` ` ` ` ` ` ` ` ` ` ` ` ` ` ` ` ` ` ` ` ` ` ` ` ` ` ` ` ` `"
image_4683.jpg,a baby holding a teddy bear in his arms
image_4684.jpg,"a stick figure with the words, this is what everyone is doing"
image_4685.jpg,a man with long hair in a suit and tie
image_4686.jpg,a man in a suit and tie sitting on a chair
image_4687.jpg,a picture of a man in a suit and tie
image_4688.jpg,two men standing next to each other men in suits
image_4689.jpg,a woman sitting next to a child in a room
image_469.jpg,a man sitting in front of a laptop computer
image_4690.jpg,a man wearing a cowboy hat and holding a gun
image_4691.png,spider and dead spider
image_4692.jpg,a man in a spider suit talking to another man
image_4693.png,a man in a suit and tie holding a piece of paper
image_4694.jpg,"a picture of a man in a suit and tie, with the capt that reads, when you ' re"
image_4695.jpg,a man in a suit sitting in front of an american flag
image_4696.jpg,a black and white photo of a man in a suit
image_4697.jpeg,a man in a suit holding a glass of wine
image_4698.jpg,a cat that is sitting in the middle of a room
image_4699.jpg,a man in a suit and tie with his mouth open
image_47.jpg,an image of loki and loki in the avengers movie
image_470.jpeg,a man in a blue shirt sitting on a couch
image_4700.jpg,a black and white photo of a cat
image_4701.jpg,a picture of an elf holding a can of beer
image_4702.jpg,a baby sitting in a high chair eating something
image_4703.jpg,` ` ` ` ` ` ` ` ` ` ` ` ` ` ` ` ` ` ` ` ` ` ` ` ` ` ` ` ` ` ` ` ` ` ` ` ` ` ` ` ` ` `
image_4704.jpeg,a family posing in front of a white fence
image_4705.png,"sorry, you blew your whole paycheck on rent utilities"
image_4706.png,an image of a man holding a baseball bat
image_4707.png,"a picture of a man in a suit and tie with the capt that reads, i ' m ' er"
image_4708.png,donald trump memememememememememememememememememememememememememememememememememememememememememememememememe
image_4709.jpg,two men standing next to each other man
image_471.jpg,the big bang bang bang bang bang bang bang bang bang bang bang bang bang bang
image_4710.jpg,a baby is looking at the camera with a capt
image_4711.jpg,a screenshot of a cartoon character on a twitter account
image_4712.png,a man in a red shirt with his hand on his chin
image_4713.jpg,a man with his mouth open and the words dogs when they sing
image_4714.jpg,a man in a white shirt and blue jeans is holding his hand up to his face
image_4715.jpg,a cat that is sitting in the grass
image_4716.png,"a picture of the capitol with a capt that reads, if it ' s washington"
image_4717.jpg,a man sitting at a desk with his head in his hands
image_4718.jpg,a woman sitting in the back seat of a car
image_4719.jpg,a woman is putting her lips with a brush
image_472.jpg,an image of a man sitting in a chair
image_4720.jpg,a man in a suit and tie pointing at the camera
image_4721.png,"my mom thinks my friends are bad influences, but i ' m usually one going up with the ideas"
image_4722.jpg,a man in a suit sitting down with his hand on his chin
image_4723.jpg,harry potter and the death of harry potter
image_4724.png,a man sitting in the back seat of a car
image_4725.png,"a group of kids dancing in the dirt with text that reads, don ' t have xbx 50"
image_4726.jpg,the joker and the joker in the dark knight
image_4727.jpeg,a man in a suit and tie walking down the street
image_4728.jpg,a little girl with a big smile on her face
image_4729.jpg,"a black background with a white text that reads, i don ' t sign my pay"
image_473.jpg,a group of people sitting around a table
image_4730.jpg,game of thrones memes
image_4731.jpg,i saw with mom at night i think i ' d like to have a baby
image_4732.jpg,two women sitting next to each other women
image_4733.jpg,a man in a suit is talking on the phone
image_4734.jpg,` ` ` ` ` ` ` ` ` ` ` ` ` ` ` ` ` ` ` ` ` ` ` ` ` ` ` ` ` ` ` ` ` ` ` ` ` ` ` ` ` `
image_4735.jpg,harry potter memes for kids
image_4736.png,happy friday wat sorry it ' s monday
image_4737.png,the avengers movie memes
image_4738.jpg,you don ' t die your facebook from me i already everything about you
image_4739.jpg,a man in a tuxed tuxed tuxed tuxed tuxed tuxed
image_474.jpg,in a parallel universe
image_4740.jpg,a man in a tuxed tuxed tuxed tuxed tuxed tuxed tuxed tuxed tuxed tuxed tuxed tuxed
image_4741.jpeg,a cartoon frog with a gun and another frog holding a gun
image_4742.jpg,a cartoon cat and mouse with the words take one and past
image_4743.jpg,a picture of a man in a suit and tie
image_4744.png,i think i ' m sorry but i ' m sorry but i ' m sorry but i ' m sorry
image_4745.jpg,a man in a suit pointing his finger at the camera
image_4746.jpeg,a black and white photo of the lyrics for the song
image_4747.jpg,an image of a man holding a gun
image_4748.jpg,two men standing next to each other man
image_4749.png,a man in a suit and tie pointing his finger at the camera
image_475.jpg,you can ' t make half sandwich it ' s not a whole sandwich
image_4750.jpg,a picture of a man with a beard and mustache
image_4751.jpg,a cat sitting on top of a cat bed
image_4752.png,a picture of a person with a hat on
image_4753.jpg,a man in a suit and tie holding a fire exor
image_4754.jpg,a picture of a green tile with the words what ' s the color?
image_4755.jpg,a man sitting in front of a laptop computer
image_4756.jpg,a woman standing in front of a tv screen
image_4757.jpg,a person jumping with an umbrella in the air
image_4758.jpg,a minion sitting in front of a barbell
image_4759.jpg,a picture of a spider and a dead spider
image_476.jpg,a man wearing a red shirt with the words on it
image_4760.jpg,game of thrones game of thrones game of thrones game of throne
image_4761.jpg,an image of a blue fish with the words ' that is something i never got to from '
image_4762.jpg,a baby sitting on top of a table with a toy
image_4763.jpg,a picture of a man in a suit and tie
image_4764.jpg,a man sitting at a desk talking on the phone
image_4765.jpg,a black and white photo of a man in a suit
image_4766.jpg,a woman in a t shirt with the words equality means
image_4767.jpg,"a man in a wrestling ring with the capt that says, join john ' s happy birthday"
image_4768.png,mr beary - catch ultra pokemon
image_4769.jpg,a man wearing a blue t - shirt
image_477.jpg,a man in a car with a watch on his wrist
image_4770.png,text that reads that awkward moment that awkward moment that awkward moment that awkward moment
image_4771.jpg,the logo for beauty products
image_4772.jpg,a col col col col col col col col col col col col col col col col col col col col col col col col col col col col col
image_4773.jpg,a man and woman are talking in front of a mirror
image_4774.png,president obama and first lady michelle bach with a cat
image_4775.jpg,a man in a suit and tie is laughing at another man
image_4776.jpg,a picture of a man with an evil face
image_4777.png,a little boy sitting on the ground with his mouth open
image_4778.png,a man in a tuxed tuxed tuxed tuxed tuxed
image_4779.jpg,a wall with pictures of people hanging on it
image_478.jpg,a man in a blue jacket and a woman in a white top
image_4780.jpg,a black and white photo of a man in a suit sitting on a chair
image_4781.jpg,a woman holding up a sign in a hospital hallway
image_4782.jpg,a woman in a blue dress and a blue hat
image_4783.jpg,"a stick figure with a hat and text that says, ` this is illegal '"
image_4784.png,actual picture of the assassination of the queen of hungary mr ben you were close
image_4785.jpg,batman mememe | i believe in that mat harvey | image tagged
image_4786.jpg,a man in a tuxed tuxed tuxed tuxed tuxed tuxed tuxed
image_4787.jpeg,a woman holding a baby in her arms
image_4788.jpg,two and a half men
image_4789.png,a man holding an american flag in front of a house
image_479.jpg,the big bang bang bang bang bang bang bang bang bang bang bang bang bang bang bang bang bang bang bang
image_4790.png,eye patch technology has not advanced in thousands
image_4791.jpg,"an image of a man with a beard and a text that reads, ' cool cower wannar?"
image_4792.jpg,a man and woman sitting in bed looking at each other people
image_4793.jpg,tries to make really fun socially awkward penguin me text blocks the penguin face
image_4794.jpg,a man in a suit and tie sitting on a chair
image_4795.jpg,the industrial revolution where there is better technology
image_4796.jpg,person my name is person but everybody call me person
image_4797.jpg,a black and white photo of an old man with a cigarette in his hand
image_4798.png,what happened? 10 years ago in india
image_4799.jpeg,a man in a suit talking to another man in a suit
image_48.jpg,a col col col col col col col col col col col col col col col col col col col col col col col col col col col col col col
image_480.jpg,a man sitting in front of a computer
image_4800.jpg,a man in a suit and tie speaking into a microphone
image_4801.jpg,a man sitting at a table with an american flag in front of him
image_4802.png,hillary mememememememememememememememememememememememememememememememememememememememememememememememememe
image_4803.jpg,a man is sitting on the ground with his dog
image_4804.jpeg,a white bird wearing a blue shirt in the woods
image_4805.png,the amazing spider - man from spider - man
image_4806.png,memesal team six memesal team six
image_4807.jpg,an image of a penguin and a penguin with the words same energy
image_4808.png,a woman in a red dress standing in front of a mirror
image_4809.jpg,a girl pointing her finger at the camera
image_481.jpg,a woman in a white shirt and a man in a purple shirt
image_4810.jpg,i share at women ' s day an people think no - i share at women ' s day an people think no jim
image_4811.jpg,a man and woman sitting on a bed with the text me christmas without pigs in blankets
image_4812.jpeg,a group of men in military uniforms standing around a table
image_4813.jpg,a man sitting at a table with a cup of coffee
image_4814.jpg,a man in a red shirt pointing at the camera
image_4815.jpg,a picture of a man with glasses and a green background
image_4816.jpg,a man with a long beard wearing a hat
image_4817.jpg,"game of thrones, game of thrones memes, game of thrones memes, game of thrones memes"
image_4818.png,feminist feminist feminist feminist feminist feminist feminist feminist feminist feminist feminist feminist feminist feminist feminist feminist feminist feminist feminist feminist feminist
image_4819.jpg,a girl with red hair and an american flag in the background
image_482.jpg,a picture of a man in a suit and tie with a big bang theory
image_4820.jpg,a meme with the capt that reads you think obama is the worst president ever
image_4821.jpg,"a slotty on a cruise ship with the capt that reads, i ride you like titanic"
image_4822.png,a man wearing glasses and a baseball hat
image_4823.png,an image of a frog with headphones on
image_4824.jpg,a monkey is sitting on top of another monkey
image_4825.jpg,a picture of a frog ' s face with different expressions
image_4826.jpg,a dog sitting on top of another dog
image_4827.png,a man and a woman walking down a street
image_4828.jpeg,"a spider in the middle of a city with a capt that reads, if i wanted your opinion"
image_4829.jpg,"a graduation cap that says, ` ` ` ` ` ` ` ` ` ` ` ` ` ` ` ` ` ` ` ` ` ` ` ` ` ` ` ` ` ` ` ` ` ` ` ` ` ` ` ` ` ` ` `"
image_483.jpg,two and a half men - still a better story than twilight
image_4830.jpg,a woman wearing a camouflage jacket and hat
image_4831.png,a man in a cowboy hat with the words what did you today?
image_4832.jpg,a cat that is sitting on top of a table
image_4833.png,an image of a man talking on the phone
image_4834.jpg,an image of a girl with a butterfly on her head
image_4835.png,a man with long hair wearing a red shirt
image_4836.png,i ' m getting the joker to kill as soon as we lead the cash
image_4837.jpg,"an image of a man in a suit and tie, with the capt that reads aliens"
image_4838.jpg,person and person in harry potter potter potter potter potter potter potter potter potter potter potter potter potter potter potter potter
image_4839.jpg,"a black man in a suit and tie with the capt that says, what was supposed to be on the"
image_484.jpg,a movie poster with a bunch of people in the background
image_4840.jpg,a picture of a man sitting in a chair
image_4841.png,this woman makes the voice of howard ' s mother the big brother
image_4842.jpg,a glass filled with liquid sitting on top of a table
image_4843.jpg,a seal seal with the capt that says you me with the seal thing on a real
image_4844.jpg,a man in a white robe holding a sword
image_4845.png,a woman with red hair and glasses sitting on a bench
image_4846.jpg,a woman sitting on top of a tire
image_4847.jpg,a man sitting at a table with a bottle of beer
image_4848.jpg,"a black and white photo of a man in a suit and tie, with the capt that reads, ' not standing or anthem please or country"
image_4849.jpg,a man talking on a cell phone
image_485.jpg,a woman in a blue dress holding a cell
image_4850.jpg,harry and hermik
image_4851.jpg,a cat sitting on top of an open book
image_4852.jpeg,two people in a room one is holding the other
image_4853.jpg,the four bjps are seen in this video
image_4854.jpg,a bike with a box on the back of it
image_4855.png,a man sitting next to a baby on a bus
image_4856.png,a picture of two men sitting at a table
image_4857.jpg,a man in the back seat of a car with an angry expression
image_4858.jpg,a picture of a woman talking on a cell
image_4859.jpg,the face of a man with glasses that says you watch me? why not watch me?
image_486.png,a man sitting at a table with a cup in his hand
image_4860.png,a black and white photo with text that reads what i look when i smile at someone
image_4861.png,a group of children running down a dirt road
image_4862.jpg,a man with long hair and beards holding a microphone
image_4863.jpg,a man sitting on a couch holding a glass of wine
image_4864.jpg,"a cartoon frog with the capt that says, ` ` ` ` ` ` ` ` ` ` ` ` ` ` ` ` ` ` ` ` ` ` ` ` ` ` ` ` ` ` ` ` ` ` ` ` ` ` ` ` `"
image_4865.jpg,a large body of water
image_4866.png,the big bang on the big bang show
image_4867.jpg,"a cartoon character holding up a card with the capt that reads, when you have to teach kids that '"
image_4868.png,"a man in a suit and tie smiles at the camera with the capt that reads, it ' s not"
image_4869.jpg,i guess you could say that had lived my life to the mac - schrk
image_487.jpg,a group of people standing in front of a brick wall
image_4870.jpg,"a minion with a quote on it that reads sometimes, sometimes, sometimes, sometimes, sometimes"
image_4871.jpg,i hate science but i love technology
image_4872.png,i ' m kind of lady you fuck up you didn ' t
image_4873.png,the joker meme
image_4874.png,dead dead dead dead dead dead dead dead dead dead dead dead dead dead dead dead dead dead dead dead dead
image_4875.jpeg,a dead dead dead dead dead dead dead dead dead dead dead dead dead dead dead dead dead dead dead dead dead dead dead dead dead dead dead dead dead dead dead dead dead
image_4876.jpg,game of thrones house tarrynn
image_4877.png,a woman with a funny expression on her face
image_4878.png,a facebook page with a photo of deadpool
image_4879.jpg,an image of a man in a suit talking to another man
image_488.jpg,the big bang on the big bang show
image_4880.jpg,a man in a yellow shirt with a thought bubble above his head
image_4881.jpg,a cat that is laying down on the ground
image_4882.jpg,a woman with her face in the middle of the image
image_4883.jpg,an image of a woman in the middle of a field of leaves
image_4884.jpg,a sea otter with a green cup in its mouth
image_4885.jpg,oh boy here we go - oh boy here we go
image_4886.jpg,"three minions minions minions, minions quotes, minions birthday, minions party, minions party, minions birthday, minions"
image_4887.jpg,a baby with a rope around his neck
image_4888.jpg,a man in a black sweater talking on a cell
image_4889.jpeg,a man in a suit and tie with a smile on his face
image_489.jpg,the big bang on the big bang show
image_4890.png,a man wearing a hat and sunglasses with the capt that says he looks like i ' m ' m '
image_4891.jpg,an image of a cartoon character in a hat
image_4892.jpg,a man in a suit pointing his finger at the camera
image_4893.jpg,an image of a man with a hat on
image_4894.jpg,a picture of a person with a brain in the middle
image_4895.jpg,a man in a suit hugging another man in a suit
image_4896.jpg,a man in a suit and tie with a quote on it
image_4897.jpg,a woman holding a cell phone in her hand
image_4898.png,hillary mememememememememememememememememememememememememememememememememememememememememememememememememe
image_4899.jpg,a man in a tuxed tuxed tuxed tuxed tuxed tuxed tuxed tuxed tuxed tuxed tuxed tuxed
image_49.png,an image of a movie with the capt that reads breaking avengers ending is complete
image_490.jpg,the big bang bang bang bang bang bang bang bang bang bang bang bang bang bang bang bang bang bang bang
image_4900.png,i ' m not racist my shadow is black - i ' m not racist my shadow is black grandma
image_4901.png,spiderman never heard her
image_4902.jpg,a man in a suit sitting at a table with a plate of food
image_4903.png,a cat that is sitting on top of a book
image_4904.jpg,an office space with a man wearing suspends and drinking coffee
image_4905.jpg,a couple kissing on the balcony of buckingham palace
image_4906.jpeg,a picture of a person dressed as the joker
image_4907.jpg,a cartoon drawing of a person sitting at a desk
image_4908.jpg,a picture of a man talking to another man
image_4909.jpg,a man laying on a bed with the capt that says what do we do????
image_491.jpg,love is in the air
image_4910.jpg,the amazing spider from spiderman
image_4911.png,a penguin that is laying down on the ground
image_4912.jpg,a man with glasses smiles at the camera
image_4913.png,a woman in a green suit squats on the floor
image_4914.jpg,a basketball player standing in front of a crowd
image_4915.jpg,a man in a tuxed tuxed tuxed tuxed
image_4916.jpg,harry and hermik in harry and hermik
image_4917.jpg,a man in a suit and tie is looking at the camera with a capt that says he ' s black
image_4918.jpg,finding dory dory dory dory dory dory dory dory dory dory dory
image_4919.png,it ' s always better than to have the complicated discussion
image_492.jpg,the big bang on the big bang show
image_4920.jpg,a man and woman sitting at a table talking to each other people
image_4921.png,a man in a white shirt and a brown hat
image_4922.jpeg,a sea otter sitting on a rock in the water
image_4923.png,"an image of a girl in a black dress and sunglasses with the capt that reads, ' no you are"
image_4924.jpg,a cat that is looking up at the camera
image_4925.png,a picture of a man with a microphone in his hand
image_4926.jpg,a man in a yellow car driving down the street
image_4927.jpg,an image of a cat and a mouse in a bowl
image_4928.jpg,a picture of a man with no shirt on
image_4929.jpg,you mexican go back to mexico but chinese don - donald
image_493.png,i ' ve probably posted this before i ' ve probably posted this before i ' ve probably posted
image_4930.jpg,hillary mememememememememememememememememememememememememememememememememememememememememememememememememe
image_4931.jpg,a man in a tuxed tuxed tuxed tuxed tuxed tuxed tuxed tuxed
image_4932.jpg,a man in a tuxed suit smoking a pipe
image_4933.png,a cartoon picture of a mouse and a molecule
image_4934.jpg,a man wearing a cowboy hat and holding a guitar
image_4935.png,this is racism he got kicked out a plane for speaking arabic this is so sad
image_4936.jpg,a woman talking to a child who is holding a game
image_4937.jpeg,"a baby in a green shirt with the capt that says, contact me from baby brother survived"
image_4938.jpeg,a man in a tuxed tuxed tuxed tuxed tuxed tuxed tuxed
image_4939.png,a picture of a man with a hat on his head
image_494.jpg,a woman in a yellow dress talking to a man
image_4940.jpg,a girl laughing with the capt that says it ' s you? say i ' m lucky to have a
image_4941.jpeg,so you ' re so you ' re so you ' re so you ' re so you ' re so you ' re so you ' re
image_4942.jpg,an image of a woman standing in front of a city
image_4943.jpg,oh you ' re - oh you ' re - oh you ' re - oh you ' re - oh you ' re - oh you re
image_4944.jpg,a cat sitting at a table reading a newspaper
image_4945.jpg,i was the first transgender
image_4946.jpg,a group of friends are always
image_4947.jpg,a picture of a boy with a knife in his mouth
image_4948.jpg,one does not simply - one does not simply one does
image_4949.jpg,dwight the office space meme
image_495.png,a group of people sitting at a table in a restaurant
image_4950.png,pep pep pep pep pep pep pep pep pep pep pep pep pep pep pep pep pep pep pep pep pep
image_4951.jpg,a couple of cats playing with each other cats
image_4952.jpg,a man pointing a gun at the camera
image_4953.jpg,a man in a suit and tie with the words stop calling me orange
image_4954.png,an image of a man with long hair and a beard
image_4955.jpg,the avengerss are in the avengers universe
image_4956.jpg,a picture of a man in a suit and sunglasses
image_4957.jpg,that moment | that moment | that moment | image tagged
image_4958.jpg,a group of men in military uniforms sitting at a desk
image_4959.jpg,a baby sitting at a table with a bottle of wine
image_496.png,a woman in a red dress standing next to a man in a suit
image_4960.jpg,a man sitting at a table with a card in his hand
image_4961.jpg,a man in a pink shirt holding a golf ball
image_4962.jpg,a man with a beard holding a microphone in front of him
image_4963.jpg,a man in a sombre hat with a mexican saying on it
image_4964.jpg,an image of a man in a tuxed suit is painted on the side of a building
image_4965.jpg,a man in a suit and tie with the capt that says when you become me on your platform
image_4966.png,a man standing in front of a phone booth
image_4967.jpg,a man in a white shirt speaking into a microphone
image_4968.jpg,a man sitting on top of a desk in an office
image_4969.png,a man in a black shirt sitting at a table
image_497.jpg,a man in a blue jacket and tie standing in front of a blue background
image_4970.jpg,a person holding a car key in their hand
image_4971.png,an image of a man in a suit and tie
image_4972.jpg,a man in a white shirt is pointing his finger at the camera
image_4973.jpg,the many faces of spider and venom
image_4974.jpg,a cat that is sitting on top of a table
image_4975.jpg,a man and woman are sitting on a couch with their mouths open
image_4976.jpg,a man laying in bed with his head in the air
image_4977.jpg,"an image of a man in a suit and tie, with the capt that reads ` ` ` ` ` ` ` ` ` ` ` ` ` ` ` ` ` ` ` ` ` ` ` ` ` ` ` ` ` ` ` ` ` `"
image_4978.png,a man and woman walking down the street
image_4979.jpg,a brick wall with a sign that says ohvet it ' s vals re
image_498.jpg,a man sitting in a chair with a bottle of water
image_4980.jpg,a baby sitting at a table with a glass of beer
image_4981.jpg,a woman with long blonde hair and a white t - shirt
image_4982.jpg,a minion with an umbrella in the rain
image_4983.jpg,a group of people standing next to each other people
image_4984.jpg,a man in a black shirt with his hands crossed
image_4985.jpg,a baby in a tuxed tuxed tuxed tuxed tuxed tuxed
image_4986.jpg,a picture of harry and hermi
image_4987.jpg,a man sitting in a chair holding a guitar
image_4988.jpg,a cat that is sitting in a tree
image_4989.jpg,a man holding guns in front of an american flag
image_499.png,a girl with glasses pointing at the camera
image_4990.jpg,a cartoon image with the capt that reads everyone who won? may leave every day
image_4991.jpg,how women ' s emotions should you be?
image_4992.jpg,a man in a fur coat holding a sword
image_4993.png,a man in a suit sitting at a table with a quote on it
image_4994.jpg,a col col col col col col col col col col col col col col col col col col col col col col col col col col col col col col col col col col col col col col col col col col col col col
image_4995.jpg,a woman in a black dress holding a microphone
image_4996.jpg,a woman sitting at a table with a child
image_4997.jpg,game of thrones memememememememememememememememememememememememememememememememememememememememememememememe
image_4998.jpg,a man in a suit and tie sitting at a table
image_4999.jpg,a person in a green sweater pointing at a white board
image_5.png,10 year challenge challenge challenge challenge challenge challenge challenge challenge challenge challenge challenge challenge
image_50.jpg,hawke is important in infinity war
image_500.png,a picture of a man talking on a phone
image_5000.png,a baby orang monkey in a hospital bed
image_5001.jpg,a cat sitting on top of a table next to a sign
image_5002.jpg,"a girl on the beach with the capt that says, ` ` ` ` ` ` ` ` ` ` ` ` ` ` ` ` ` ` ` ` ` ` ` ` ` ` ` ` ` ` ` ` ` ` ` ` ` ` `"
image_5003.jpg,a tweet with the text ` sometimes really like i ' m being watched because i ' m '
image_5004.jpg,"an image of a man in a purple suit and top hat, with the capt that says, ` `"
image_5005.png,a man in a suit and tie holding his hands up
image_5006.jpg,a woman in a red shirt and a man in a blue suit
image_5007.jpeg,a black and white photo of a man in a car
image_5008.jpg,my girlfriend is in days and she ' ll ' d i ' d ' d i ' d ' d
image_5009.jpg,a cat laying on top of a bed
image_501.jpg,the big bang bang bang bang bang bang bang bang bang bang bang bang bang bang bang bang bang bang bang
image_5010.jpg,"hey girl i had hammer, i smashed the patriarch"
image_5011.jpg,a man in a suit and tie is looking at the camera
image_5012.jpg,a man holding a baby in his arms
image_5013.jpg,an old woman sitting at a desk with a laptop
image_5014.png,a man in a white shirt smiling at the camera
image_5015.jpg,a cat laying on top of a couch next to another cat
image_5016.jpg,a man in a suit and tie with a quote on it
image_5017.jpg,a black and white quote on a white background
image_5018.jpg,and the truth shall you re - and the truth shall you re
image_5019.jpg,"an image of a man with his mouth open and the capt reads, come on man, just you think"
image_502.jpg,the big bang bang bang bang bang bang bang bang bang bang bang bang bang bang bang bang bang bang bang
image_5020.jpg,"a minion with a quote on it that says, ' when you ' re, when you ' re"
image_5021.jpg,a man in a suit sitting at a desk
image_5022.jpg,"a cartoon character with a sad expression and text that says, ` ` ` ` ` '"
image_5023.jpg,a man sitting on top of a bench next to a child
image_5024.jpg,a picture of a woman with a hat on
image_5025.jpg,a cat wearing a cowboy hat and looking at the camera
image_5026.jpg,thor thor thor thor thor thor thor thor thor thor thor thor thor thor thor thor thor thor thor thor thor
image_5027.jpg,the big bang bang bang bang bang bang bang bang bang bang bang bang bang bang bang bang bang bang bang
image_5028.jpg,a man wearing a hat and holding a microphone
image_5029.jpg,"a man in a suit and tie with the capt that reads, i ' m gonna you stop laughing in"
image_503.jpg,a man in a green shirt with a pencil in his mouth
image_5030.jpg,a baby sitting on top of a beach next to the ocean
image_5031.jpg,the face you make after reading information
image_5032.jpg,a cartoon of a woman holding a man ' s hand
image_5033.png,two pictures of an older woman looking at her reflection in the mirror
image_5034.jpg,a man in a suit and tie is looking at the camera
image_5035.jpg,a man with a beard and a black t - shirt
image_5036.jpg,a picture of a man with his hand on his face
image_5037.jpg,a man walking on the beach next to a dog
image_5038.jpg,a picture of a man with a red and yellow flag in the background
image_5039.jpg,"tom and person, tom and person, tom and person, tom and person, tom and person, tom and person, tom and person, person, tom and person, person, person, person, person, person, person, person, person,"
image_504.png,a group of people with the names of their favorite characters
image_5040.png,an image of a basketball player with the words when you realize it was right
image_5041.jpg,fu fu fu fu fu fu fu fu fu fu fu fu fu fu fu fu fu fu
image_5042.jpg,a man in a fur coat holding a microphone
image_5043.jpg,a baby in a tuxed suit sitting in a chair
image_5044.jpg,a man in a red vest and plaid shirt
image_5045.jpg,an image of a man in a space suit eating food
image_5046.jpg,a guy with a hat that says i saw in the bak bin meme day he ' s actually
image_5047.jpg,harry and hermik in harry potter
image_5048.png,the joker memememememememememememememememememememememememememememememememememememememememememememememememe
image_5049.png,memes about memes about loves all my friends memes about loves all my friends
image_505.png,a woman with long blonde hair and a blue shirt that says that moment
image_5050.jpg,a picture of donald trump and a picture of a woman
image_5051.jpg,an image of a man with his hand on his face
image_5052.png,a girl with a green shirt and a green shirt
image_5053.png,a man in a white shirt is looking at the camera
image_5054.png,a woman with long brown hair and a black tank top
image_5055.jpg,one day the world will understand | image tagged
image_5056.jpg,"i ' m not drunk, i ' m not drunk, i ' m not drunk, i ' m not drunk, i ' m not"
image_5057.jpg,an image of a man with a sword and a woman with a sword
image_5058.png,a man in a wet suit laying on the ground
image_5059.jpeg,a picture of a hockey player on the ice
image_506.png,a man in a blue shirt is talking to a woman in a blue shirt
image_5060.jpg,a person holding up a box with a toy in it
image_5061.jpg,a group of people standing in front of a crowd
image_5062.png,"a picture of a man with a capt that says damn, i ' m you ' re"
image_5063.jpg,a man sitting at a table talking on a cell phone
image_5064.jpg,a picture of the lord and his dragon
image_5065.jpg,a man standing in front of a tv screen
image_5066.png,"an image of a man lying on a couch with the capt that reads, ' a great movie story is"
image_5067.jpg,a woman with long brown hair and a smile on her face
image_5068.jpg,a man dressed as the joker with his hands in the air
image_5069.jpg,"a man with a beard, wearing a hoodie and looking at the camera"
image_507.png,a man in a tuxed tuxed tuxed tuxed tuxed tuxed tuxed tuxed
image_5070.png,an iceberg with the words i don ' t know
image_5071.jpg,the book of finding nemo mes and jokes
image_5072.jpg,a man standing in front of a body of water
image_5073.jpg,game of thrones memes
image_5074.jpg,a man holding a bottle of water in his hand
image_5075.png,"a picture of a man in a suit sitting at a desk with the capt that reads, i ' m"
image_5076.jpg,"two men sitting in the back of a car, one is looking at the camera and the other is staring"
image_5077.png,"the minions minions memes minions memes, minions memes, minions memes, minions memes,"
image_5078.png,a man in a suit and tie standing in front of a white house
image_5079.jpg,a group of children dancing in the dirt
image_508.png,the sun radio don ' t like the big bang
image_5080.png,a baby sitting on top of a wooden bench
image_5081.jpg,a cat that is sitting on top of a log
image_5082.png,"game of thrones, game of thrones, game of thrones, game of thrones"
image_5083.jpg,a cat sitting on top of a wooden floor
image_5084.png,a cat laying on the floor with its head on the floor
image_5085.jpg,"oh, so you drink starbucks??????????????????????"
image_5086.jpg,a minion holding a sign that says i ' m ' m ' m ' m ' m ' m
image_5087.jpg,a woman with curly hair and glasses smiles at the camera
image_5088.jpg,a minion sitting on top of a white wall
image_5089.jpg,when you see x happy so you have to speak back into life to run again
image_509.png,the only reason watch the big bang theory girl
image_5090.jpg,a little girl in a white dress is walking down the sidewalk
image_5091.jpg,deadpool deadpool deadpool deadpool deadpool deadpool deadpool deadpool deadpool deadpool deadpool deadpool deadpool deadpool
image_5092.jpg,a man sitting at a desk in front of a computer
image_5093.jpg,a man in a suit and tie looking at the camera
image_5094.png,an image of a man with a beard and a quote on it
image_5095.jpg,a dead dead dead dead dead dead dead dead dead dead dead dead dead dead dead dead dead dead dead dead
image_5096.png,a woman in a black tank top and a man in a black tank top and a woman in a black
image_5097.png,an image of a man in a suit and tie pointing at the camera
image_5098.png,a man holding up a bottle of alcohol
image_5099.jpg,a picture of a man with a smile on his face
image_51.jpg,"captain america, captain marvel and captain deadpool"
image_510.jpg,the big bang on the big bang show
image_5100.png,a man in a suit and tie is looking at the camera
image_5101.jpg,a dead dead dead dead dead dead dead dead dead dead dead dead dead dead dead dead dead dead dead dead
image_5102.jpg,"a picture of a person with a hat and text that reads, this baby isn ' t afraid to see"
image_5103.jpg,i am not a smart man - i am not a smart man
image_5104.png,a man in a grey shirt is holding up a beer
image_5105.jpg,a black and white photo of a man with glasses and mustaches
image_5106.jpg,a man in a suit and tie with a quote on it
image_5107.png,a picture of a stick figure with a hat on it ' s head
image_5108.jpg,a man in a white t - shirt and a black man in a white t - shirt
image_5109.jpg,a woman sitting on top of a bed next to a man
image_511.jpg,"a picture of people standing in front of a tv screen with text that reads, ` ` ` ` ` ` ` ` ` ` ` ` ` ` ` ` ` ` ` ` ` ` ` ` ` ` ` ` ` ` ` ` ` `"
image_5110.png,the big bang bang bang bang bang bang bang bang bang bang
image_5111.jpg,"two men, one pointing at the other, one pointing at the other"
image_5112.jpg,what did the lord say? - what did the lord say?????
image_5113.jpg,a man in a black shirt is standing next to another man in a black shirt
image_5114.jpg,an older woman is looking at the camera
image_5115.png,"an image of two men, one with the same face and one with the same face"
image_5116.jpg,a man in a spider suit standing on a stage
image_5117.jpg,a man in a suit pointing at the camera
image_5118.jpg,a group of people standing next to each other people
image_512.jpg,a man and woman sitting on top of a bed
image_5120.jpg,a man in a suit sitting at a table
image_5121.jpg,a baby sitting on the floor with his mouth open
image_5122.jpg,a minion with a quote on it
image_5123.jpg,a picture of deadpool and deadpool in deadpool
image_5124.jpg,a pile of newspapers sitting on top of a table
image_5125.png,"a picture of a man in a suit and tie, with the capt that reads, that look to give"
image_5126.jpg,` ` ` ` ` ` ` ` ` ` ` ` ` ` ` ` ` ` ` ` ` ` ` ` ` ` ` ` ` ` ` ` ` ` ` ` ` ` ` ` ` `
image_5127.jpg,a cat sitting on top of a blue couch
image_5128.jpg,spider spider spider spider spider spider spider spider spider
image_5129.jpg,a baby sitting at a table with a beer glass
image_513.jpg,the big bang on the big bang show
image_5130.jpg,a col col col col col col col col col col col col col col col col col col col col
image_5131.jpg,the big bang bang bang bang bang bang bang bang bang bang bang bang bang bang bang bang bang bang bang
image_5132.jpg,a woman talking on a phone next to a man in a suit
image_5133.png,a black and white photo of an old man in a suit
image_5134.jpg,a man sitting at a table with a bottle of beer
image_5135.jpeg,a person sitting at a desk with a computer
image_5136.jpeg,a seal that is sitting on the ground
image_5137.jpg,a troll troll troll troll troll troll troll troll troll troll troll troll troll troll troll troll troll troll troll troll
image_5138.png,a picture of a baby in a suit and tie
image_5139.jpg,"an image of a woman in a black dress with text that reads, when you ' re and there are"
image_514.png,an image of a man holding a rope
image_5140.jpg,a man sitting at a table with a cell in his hand
image_5141.jpg,two basketball players fighting for the ball in a game
image_5142.jpg,a man in a suit and tie holding his hands up
image_5143.png,a cartoon picture of a man in a green suit
image_5144.jpg,a man in a tuxed tuxed tuxed tuxed
image_5145.jpg,a col col col col col col col col col col col col col col col col col col col col col col col col col col col col col
image_5146.png,an image of a man holding up a sign
image_5147.jpg,an image of a man with a sword in his hand
image_5148.jpg,the avengers movie quotes
image_5149.png,a man in a suit with green hair and a face painted like a joker
image_515.jpg,a kitten sitting on top of a rug next to a cat
image_5150.png,a minion with a sy in it ' s mouth
image_5151.jpg,the woman who invented the phrase ` ` ` ` ` ` ` ` ` ` ` ` ` ` ` ` ` ` ` ` ` ` ` ` ` ` ` ` ` ` ` ` ` ` ` ` ` ` ` ` ` ` ` `
image_5152.jpg,a group of people wearing red hats and holding signs
image_5153.jpg,a man sitting in a chair with his hand on his face
image_5154.jpg,a photographer ' s pictures of people before and after person
image_5155.jpg,a woman in a white dress and a black woman in a white dress
image_5156.png,a man in a tuxed tuxed tuxed tuxed tuxed tuxed tuxed tuxed tu
image_5157.png,"i am the only one who believes that ye again, this guy is the show"
image_5158.jpg,a man in a suit and tie sitting at a table
image_5159.jpg,a man in a suit standing next to another man in a suit
image_516.jpg,a cat that is laying down on a blanket
image_5160.png,three men sitting on a red couch talking to each other men
image_5161.png,a screenshot of a tennis player with a quote on it
image_5162.png,happy new year 2019 - happy new year 2019 successful black man
image_5163.png,an image of a penguin sitting on the ground
image_5164.jpg,a girl that is smiling for the camera
image_5165.png,a black and white photo of a man in uniform
image_5166.jpg,a cat that is sitting on top of a fish
image_5167.jpg,two pictures of people sitting in a room with microphones
image_5168.jpg,a man holding a microphone next to a photo of a man
image_5169.jpg,a man sitting in the back of a car
image_517.jpg,a cat that is laying on top of a bed
image_5170.jpg,i watch you while you sleep
image_5171.jpg,a woman holding her head in front of her face with the capt that says i expect to buy my brother
image_5172.jpg,a cat sitting on top of a book
image_5173.jpg,avengers memes and captain america
image_5174.jpeg,"a meme with the capt that reads, when you ' re, when you ' re"
image_5175.jpg,a man in a grey sweater and black pants
image_5176.jpg,a girl with glasses and a guy with long hair
image_5177.jpeg,a man in a suit and tie sitting at a table with a sign that says we believe the people should
image_5178.jpg,a group of baseball players standing next to each other players
image_5179.jpg,a cat sitting on top of a wooden floor
image_518.jpg,a kitten that is sitting on top of a table
image_5180.jpg,a cat that is sitting on top of a table
image_5181.jpg,a black cat sitting on top of a dresser
image_5182.png,memememememememememememememememememememememememememememememememememememememememememememememememememe
image_5183.jpg,a man in a sweater talking to another man in a sweater
image_5184.jpg,an image of a map and a picture of a car
image_5185.jpg,a man in a suit and tie sitting on a chair
image_5186.jpg,a man in a military uniform standing in front of a crowd
image_5187.jpeg,a baby in a tuxed tuxed tuxed tuxed tuxed tuxed tuxed tuxed tuxed tuxed tuxed tuxed
image_5188.jpg,success kid memememememememememememememememememememememememememememememememememememememememememememememememe
image_5189.jpg,a man in a white shirt and tie holding a cup
image_519.png,a cat and dog laying on top of a bed
image_5190.jpg,two kittens laying on top of each other kittens
image_5191.jpg,me i dont country music song take meme country
image_5192.jpg,an image of an old man with a long white beard
image_5193.jpg,i dont always listen to country music but when - i dont always listen to country music but when
image_5194.png,a man in a tuxed tuxed tuxed tuxed tuxed
image_5195.jpg,"a seal with its mouth open and the capt says, sea you later"
image_5196.png,a picture of a man in a suit and tie
image_5197.jpg,a man in a red shirt pointing his finger at the camera
image_5198.png,a man in a white shirt is making food
image_5199.jpg,"harry potter, harry potter, harry potter, harry potter"
image_52.jpg,a col of captain america and the avengers
image_520.jpg,a cat that is laying down on a bed
image_5200.jpg,a woman in a sari sari sari sari sari sari sari sari sar
image_5201.jpg,a man in a blue shirt is looking at the camera
image_5202.jpg,a man with a cap on his head
image_5203.jpg,a man in a suit and tie pointing at the camera
image_5204.jpg,a baby sitting in a high chair next to two beer glasses
image_5205.jpg,a woman with a mustache and a man with a mustache
image_5206.jpg,awkward awkward awkward awkward awkward awkward awkward awkward awkward awkward awkward awkward awkward awkward awkward awkward awkward awkward awkward awkward awkward awkward awkward awkward awkward awkward awkward awkward
image_5207.jpg,two pictures of a woman with long hair and a man with long beard
image_5208.jpg,a man walking down the street with a quote on it
image_5209.jpeg,a man sitting at a table with a cigarette in his mouth
image_521.jpg,a cat that is sitting on top of a couch
image_5210.jpg,a man in a suit and tie sitting at a table
image_5211.jpeg,a man in a suit and tie smiles at the camera
image_5212.png,a small child sitting on a red chair
image_5213.jpg,princess lei lei lei lei lei lei lei lei lei lei lei lei lei lei lei lei lei lei lei lei lei lei lei lei lei lei lei lei lei lei lei lei lei lei lei lei lei lei lei lei lei lei lei lei lei lei lei lei lei
image_5214.jpg,a girl with red hair and glasses holding a cup
image_5215.jpg,an image of a man in a sweater looking at the camera
image_5216.jpg,a man in a suit sitting at a desk with a computer
image_5217.png,a picture of a couple kissing in the water
image_5218.png,a child talking on a cell phone
image_5219.jpg,a man in a white shirt is talking to another man in a white shirt
image_522.jpg,a black and white cat with the words 10 of the best cat names
image_5220.jpg,a man in a tuxed tuxed tuxed tuxed tuxed tuxed tuxed
image_5221.jpg,a man in a suit talking on a phone
image_5222.png,"an image of a cat with the capt that reads, this page is ultra gayyyyyy"
image_5223.jpeg,"a picture of a man with a goat on his head and the capt that reads, when you ' re"
image_5224.png,three men sitting at a table talking to each other men
image_5225.jpeg,a man in a suit and tie with an american flag behind him
image_5226.jpg,a man that is looking at the camera
image_5227.jpg,an image of a man and woman talking to each other people
image_5228.jpg,a cartoon picture of a man in a suit and tie
image_5229.jpg,a cartoon spider with the capt that says he ' s babies can ' t win
image_523.jpg,a black cat sitting on top of a pile of food
image_5230.jpg,a man in a trench coat standing next to a door
image_5231.jpg,a white and black cat standing on its hinds
image_5232.jpg,"a tweet with the capt that reads, ' i ' m ' tweet"
image_5233.png,a poster with two women and one man
image_5234.jpeg,a man in a white shirt and glasses sitting on a bench
image_5235.png,a picture of an older woman with the capt that reads it ' s been 4 years
image_5236.jpeg,a movie quote with a picture of a person in the background
image_5237.jpg,a man in a suit sitting at a table
image_5238.jpg,avengers memes avengers memes avengers memes avengers
image_5239.jpg,"a picture of a man with a beard and the capt that says, ` ` ` ` ` ` ` ` ` ` ` ` ` ` ` ` ` ` ` ` ` ` ` ` ` ` ` ` ` ` ` ` ` ` ` `"
image_524.jpg,a cat that is sitting in a bag
image_5240.jpg,a woman in a blue dress with a quote on it
image_5241.png,a squirrel that is looking up at the camera
image_5242.jpg,avengers avengers memes avengers memes avengers memes avengers memes avengers memes avengers memes
image_5243.jpg,i ' m looking for bill can ' t - a - ple
image_5244.jpg,"a minion in overalls with the words ' one annoying next to you, you are on facebook"
image_5245.JPG,a man standing on a stage with a microphone in front of him
image_5246.jpg,a man sitting in a chair with his hand on his face
image_5247.jpg,a man wearing a hat standing in a doorway
image_5248.jpg,a man in a cap is holding an apple
image_5249.png,a baby looking at the camera with a capt
image_525.jpg,a small kitten sitting on top of a wooden floor
image_5250.jpg,a black and white photo with the words dr show it ' s anyone screens to my boyfriend
image_5251.jpg,an image of a man sitting in front of a fireplace
image_5252.jpg,a man in an orange shirt standing in front of a door
image_5253.jpg,a basketball court with the words hard work is the key to success
image_5254.jpg,a man in a suit sitting at a desk
image_5255.png,"a picture of a man in a suit and tie with the capt that reads, ' do you have more"
image_5256.jpg,a black and white photo of a man in a military uniform
image_5257.png,a black and white photo of a man in a suit
image_5258.jpg,harry and hermik in harry ' s house
image_5259.jpg,the real reason titanic titanic titanic titanic titanic titanic titanic titanic titanic
image_526.jpg,a black cat sitting on top of a table
image_5260.jpg,a person holding a phone with a cigarette in their hand
image_5261.png,"an image of a person sitting at a table in front of a screen with the capt that reads, the"
image_5262.jpg,an image of a man in a life vest on a boat
image_5263.jpg,the trump wall is wrong now you need to be blind
image_5264.jpg,a picture of a man in a suit and tie
image_5265.jpg,a black and white photo of a man singing into a microphone
image_5266.jpeg,a group of people sitting at a table eating food
image_5267.jpg,the cathedral of glasgow
image_5268.png,a man in a tuxed tuxed tuxed tuxed tuxed tuxed tuxed tuxed tuxed tuxed tuxed tuxed
image_5269.jpg,a black and white photo of a man in an old car
image_527.png,a cat wearing a santa hat standing on a wooden floor
image_5270.jpg,a man and woman kissing in front of a mirror
image_5271.png,home is where my cat is
image_5272.png,a black and white poster with two men shaking hands
image_5273.jpg,a man in a hat and sunglasses holding a fish
image_5274.jpg,a seal with a red line in its mouth
image_5275.jpg,"so, you ' reting me if you buy ice cream"
image_5276.jpg,a girl with long brown hair and blue eyes
image_5277.jpg,a crowd of people at a music festival
image_5278.png,"an image of a man in a hat with the words, i ' m ' m ' m ' m"
image_5279.jpg,a man sitting on a bench with a cell phone
image_528.jpg,a couple of cats sitting next to each other cats
image_5280.jpg,a minion with a quote that says don ' t ' n ' n ' t ' n ' n ' n ' t ' n ' n ' n
image_5281.jpg,a man in a suit sitting at a desk
image_5282.jpg,"a cartoon character with a capt that says, ` ` ` ` ` ` ` ` ` ` ` ` ` ` ` ` ` ` ` ` ` ` ` ` ` ` ` ` ` ` ` ` ` ` ` ` ` ` ` ` `"
image_5283.jpg,what if i told you that every hour is 4 0 somewhere in the world
image_5284.jpg,a col col col col col col col col col col col col col col col col col col col col col col col col col col col col
image_5285.png,"a tweet with the capt that reads, ' no holiday should not be the point where you get"
image_5286.png,a picture of a man with a goat on his shoulder
image_5287.png,"i don ' t understand computers but i have, yo - i don ' t understand computers but i have, yo"
image_5288.jpg,the difference between girlfriend and girlfriend
image_5289.jpg,a cartoon character with a dog in the background
image_529.jpg,two pictures of a cat looking at the camera
image_5290.jpg,a cat that is sitting in a tent
image_5291.jpg,a cartoon image of a man in a suit and tie
image_5292.jpg,a cat that is laying down on the floor
image_5293.png,a man and woman kissing in front of a brick wall
image_5294.jpg,a cartoon drawing of a person standing next to a frog
image_5295.jpg,a cartoon drawing of a man with a hat on
image_5296.jpg,a man in a suit standing in front of a bookcase
image_5297.png,an image of a man with blue eyes and a woman with blonde hair
image_5298.jpg,game of thrones memes
image_5299.jpg,an image of an old man with a beard and glasses
image_53.jpg,black panther movie memes
image_530.jpg,a black cat sitting on top of a bed
image_5300.png,an image of a man with tattoos and a picture of a woman
image_5301.jpg,a man and woman are looking at each other people
image_5302.jpg,a man in a suit and tie with the words don ' t lucky made my luck
image_5303.jpg,a man in a suit sitting at a desk
image_5304.jpg,a black and white photo of a man with glasses
image_5305.jpg,a man in a suit and tie pointing at the camera
image_5306.jpg,a man standing next to a statue in a museum
image_5307.jpg,a man in a blue shirt and vest standing in front of a refrigerator
image_5308.jpg,a person holding a bottle of liquid in their hands
image_5309.jpg,a kid in a green shirt and white shirt with the words to you forgets from her no trip
image_531.jpg,a cat with two different eyes and one is looking at the camera
image_5310.jpeg,a man in a suit and tie standing in front of an american flag
image_5311.jpg,a col of a man and woman with different faces
image_5312.png,a picture of a man in a police uniform
image_5313.jpg,the joker and person in the dark knight
image_5314.jpg,the evolution of spider man
image_5315.png,"a girl in a fur coat with the capt that says, ` ` ` ` ` ` ` ` ` ` ` ` ` ` ` ` ` ` ` ` ` ` ` ` ` ` ` ` ` ` ` ` ` ` ` ` ` `"
image_5316.jpg,a picture of a man with a green light in his hand
image_5317.jpg,a man in a suit and tie sitting at a table
image_5318.jpg,a cat laying on top of a window sie
image_5319.jpg,des des des des des des des des des des des des des des des des des des des des des
image_532.jpg,a painting of a cat looking out the window
image_5320.png,"four pictures of a seal with the words happy, happy, happy and happy"
image_5321.jpeg,a man and woman sitting in the back seat of a car
image_5322.jpg,a man in a red shirt standing next to a white object
image_5323.jpg,what if i do what if i do what if i do what if i do what if i do what
image_5324.jpg,game of thrones quotes
image_5325.png,"an image of a woman with long red hair and a quote that reads, heavene never a person"
image_5326.jpeg,"a sign that says, ` ` ` `"
image_5327.jpg,a mug shot of a man with the capt that says he did my daughter iming years
image_5328.jpg,a man and woman in a car with the capt of a song
image_5329.jpg,walking away from negative people
image_533.png,when your manager asks you to cancel your pm meeting
image_5330.jpeg,a woman talking to a child in front of a fence
image_5331.jpg,a black and white photo of a man in a suit
image_5332.jpg,a seal with the capt that says when your friends say to you and you are sitting at home with no
image_5333.png,hitler hitler hitler hitler hitler hitler hitler hitler hitler hitler
image_5334.jpg,a man and woman standing next to each other people
image_5335.jpg,a man in a suit sitting at a table with a microphone
image_5336.jpg,a man sitting at a table with an apple on his face
image_5337.jpg,"a baby in a washing machine with the capt that says, ` you want to me soon? '"
image_5338.jpg,a video game with a penguin in the middle of it
image_5339.png,"a man in a red shirt with the capt that reads, i wish that was your end? because you"
image_534.JPG,a black and white cat sitting on top of a couch
image_5340.png,a woman with a gun in her hand and a man in a car behind her
image_5341.jpg,a cat sitting on top of a wooden floor
image_5342.jpg,a man wearing a suit
image_5343.jpg,game of thrones meme | if you think it ' s gay | image tagged | image tagged | image tagged | image tagged
image_5344.jpg,the big bang bang bang bang bang bang bang bang bang
image_5345.png,a baby with the capt that says i came out of were
image_5346.jpg,a man in a suit and tie with a hat on
image_5347.jpg,"a twitter post with the capt that reads, ' i ' m ' tweeing down the milwaukee bucks"
image_5348.png,an image of a soccer player being hugged by a camera
image_5349.jpg,"a collection of minions minions, minions quotes, minions pictures, minions pictures, minions pictures, minions pictures,"
image_535.jpg,a gray cat laying on top of a couch
image_5350.jpg,"a baby sitting in a chair with the capt that says, ` ` ' ph noles? do i"
image_5351.png,a man in a top hat with the words r p gen wider you will miss
image_5352.jpg,a couple of people standing in front of a crowd
image_5353.png,two men standing next to each other man
image_5354.png,a movie poster with a man holding a gun
image_5355.jpeg,a col of the many faces of a man
image_5356.jpg,a cartoon picture of a frog with a capt
image_5357.jpg,"a man talking on a cell phone with the capt that reads, ' i will in you and wait my"
image_5358.jpg,she liked my picture on ins so i guess you could ' t - she liked my picture on ins so
image_5359.jpg,"the avengers avengers memes, avengers memes, avengers comics, avengers memes, avengers memes,"
image_536.jpg,a white cat with a black and white face
image_5360.jpeg,a man leaning over a pool table with a quote on it
image_5361.jpeg,a cartoon character with a mustache on his face
image_5362.jpg,a woman sitting at a table with a bottle of wine
image_5363.jpg,a cartoon picture of a spider running through a brick wall
image_5364.jpg,game of thrones game of thrones
image_5365.jpg,a bunch of shoes sitting on top of a wooden shelf
image_5366.png,"harry potter, harry potter potter potter potter potter potter potter potter potter potter potter potter"
image_5367.png,today today today today today today today today today today today today today today today today today today today today today
image_5368.jpg,a woman with her hand on her face
image_5369.jpg,"5 people, 1 thing common"
image_537.jpg,a cat that is sitting in a car
image_5370.jpg,two men shaking hands in front of flags
image_5371.JPG,a man in a suit and tie standing in front of a crowd
image_5372.jpg,a man in a kitchen with a bottle of beer
image_5373.png,"an image of a person in a bathroom with the capt that reads, we have to say to each other"
image_5374.jpg,a man in a tuxed tuxed tuxed tuxed tuxed tuxed tuxed tuxed tuxed tuxed tuxed tuxed
image_5375.jpg,two harry potters sitting at a table with a glass ball in front of them
image_5376.jpg,a man in a red shirt is pointing at the camera
image_5377.jpeg,a minion with a gun in his hand
image_5378.jpg,a picture of a woman in a white dress and a man in a suit
image_5379.jpg,a man with tattoos on his chest is looking at the camera
image_538.jpg,a cat that is laying down on the floor
image_5380.jpg,two men shaking hands in front of flags
image_5381.jpg,a man in a red shirt pointing at the camera
image_5382.png,a seal sitting on the ground next to a body of water
image_5383.jpg,` ` ` ` ` ` ` ` ` ` ` ` ` ` ` ` ` ` ` ` ` ` ` ` ` ` ` ` ` ` ` ` ` ` ` ` ` `
image_5384.png,a man in a suit and tie sitting at a table with a microphone in front of him
image_5385.jpg,a baby looking at the camera with a funny expression
image_5386.jpg,a baby in a towel with the capt you need to get some clothes
image_5387.jpg,"an image of a man in a restaurant with the capt that says, ' i ' m '"
image_5388.png,an image of a man in a suit and tie
image_5389.png,"a yellow smiley face with a black background and text that reads, when we ' re, we ' re"
image_539.jpg,a cat that is standing in the grass
image_5390.jpg,a man in a suit and tie holding a microphone
image_5391.jpg,a man with long hair wearing armor and holding a sword
image_5392.png,joker mememememememememememememememememememememememememememememememememememememememememememememememememe
image_5393.jpg,a man with glasses sitting in front of a book shelf
image_5394.jpg,"a picture of a door with the capt that says, ' i would '"
image_5395.png,a cartoon drawing of a man with his hands in the air
image_5396.png,a man in a white robe standing next to a group of zombies
image_5397.jpg,a black and white quote on a white background
image_5398.jpg,a minion with a quote that says i hate people at your house
image_5399.png,how to be right
image_54.jpg,the many faces of the characters in star wars
image_540.jpg,two kittens sitting on top of each other kittens
image_5400.jpg,the big bang bang bang bang bang bang bang bang bang bang bang bang bang bang bang bang bang
image_5401.jpg,two people standing next to each other person
image_5402.jpg,the face of a man with a mustache on his head
image_5403.jpg,there is no kitty on zul
image_5404.jpg,a cat sitting on top of a wooden table
image_5405.png,avengers meme viik with 3 hours and 4 hours
image_5406.jpg,i do you 5 minutes of time google maps said it takes 2 who is she?
image_5407.jpg,a man with glasses and a hat in front of a tree
image_5408.png,a cat that is standing next to another cat
image_5409.jpg,a cat playing with a video game controller
image_541.jpg,two cats sitting on top of each other cats
image_5410.png,"harry potter, harry potter potter potter potter potter potter potter potter potter potter"
image_5411.jpg,"game of thrones, game of thrones"
image_5412.jpeg,a picture of a man in a red shirt
image_5413.jpg,"an image of a man with a beard and text that says, i ' m ' t i ' m"
image_5414.jpg,sees me on tuble to make friends has no friends - sees me on tuble to make friends has no friends scr
image_5415.png,a man in a suit standing in front of a bar
image_5416.jpg,an image of a cartoon cat and a mouse
image_5417.jpg,a man in a suit leaning against a wall
image_5418.png,a black and white poster with a picture of a man in a suit
image_5419.jpg,an image of a man with a smile on his face
image_542.jpg,a white cat sitting on top of a blue blanket
image_5420.png,"an image of a cat with the capt that reads, when you ' ret, but you ' re"
image_5421.jpg,what if i told to you my mom is the one who saved me - what if i told to you my mom is the one who saved
image_5422.jpg,a man sitting at a desk with his hand on his chin
image_5423.jpg,person when a guy asks you for your name a girl has no name
image_5424.jpg,` ` ` ` ` ` ` ` ` ` ` ` ` ` ` ` ` ` ` ` ` ` ` ` ` ` ` ` ` ` ` ` ` ` ` ` ` ` ` ` `
image_5425.jpg,a group of people standing next to each other people
image_5426.jpg,a man in a suit and tie pointing at the camera
image_5427.jpg,hey hey hey hey hey hey hey hey hey hey hey hey hey hey hey hey hey hey hey hey hey
image_5428.jpg,donald trump memememememememememememememememememememememememememememememememememememememememememememememememe
image_5429.jpg,hey hey hey hey hey hey hey hey hey hey hey hey hey hey hey
image_543.jpg,a cat with blue eyes sitting on top of a bed
image_5430.jpg,dead dead dead dead dead dead dead dead dead dead dead dead dead dead dead dead dead dead dead dead dead
image_5431.jpg,"a monkey in a pink shirt with the capt that reads, ' when you sleep at his head in the"
image_5432.jpg,i told myself i ' d be productive today they ' re - i told myself i ' d be productive today they ' re
image_5433.jpg,a man in a suit and tie pointing at the camera
image_5434.jpg,"an image of a man with a capt that reads, can we take money to realize that the fourth"
image_5435.jpg,the face you make when you don ' t pay electric
image_5436.jpg,there is a special place for women to be poster
image_5437.jpg,a cat that is sitting on top of a wall
image_5438.jpg,waiting for a new game of thrones - waiting for a new game of thrones ned frost
image_5439.png,a man in a suit holding a teddy bear
image_544.jpg,a cat wearing glasses sitting on top of a table
image_5440.jpg,a man in a tuxed tuxed tuxed tuxed tuxed tuxed tuxed tuxed tuxed tuxed tuxed tuxed
image_5441.jpg,a cat that is sitting on the ground
image_5442.jpg,a man in a suit is talking to someone
image_5443.jpg,a man in a suit and tie giving a speech
image_5444.jpg,a man in a suit and hat standing in a field
image_5445.jpg,a man sitting at a table in front of a computer
image_5446.jpg,an image of a seal with the capt in german
image_5447.jpg,dead dead dead dead dead dead dead dead dead dead dead dead dead
image_5448.jpg,a bunch of harry potters
image_5449.png,"a man sitting in front of a wall with the capt that says, i don ' t"
image_545.jpg,a cat sitting in a cardboard box on the floor
image_5450.png,an image of two men laughing and laughing
image_5451.jpeg,a picture of a girl with braids on her head
image_5452.png,a woman is talking to a young boy
image_5453.jpg,"a picture of a man with white hair and a text that reads, what????"
image_5454.jpg,an image of a wizard holding a wand
image_5455.png,break up with your girlfriend
image_5456.jpg,a group of people sitting around a campfire
image_5457.png,a couple sitting on a couch next to each other people
image_5458.png,a cat that is brushing its hair with a brush
image_5459.jpg,a black and white fish swimming in an aquarium
image_546.jpg,a cat sitting on top of a red couch
image_5460.jpg,there ' s a space computer in central library
image_5461.jpg,a man in a suit shaking another man in a suit
image_5462.jpg,spider and spider are trying to get out of the box
image_5463.jpg,a cartoon picture of a cat and a mouse
image_5464.jpg,a man in a tuxed tuxed tuxed tuxed tuxed tuxed tuxed tuxed tuxed tuxed tuxed tuxed
image_5465.jpg,a boy laying on the ground with his feet up
image_5466.png,a deer laying on the side of a road
image_5467.png,a man sitting on top of a rock near the ocean
image_5468.jpg,minions minions minions minions minions minions minions minions minions minions minions minions minions minions minions
image_5469.jpg,a penguin that is standing in the snow
image_547.jpg,a cat that is looking up at the camera
image_5470.png,a man getting his tattoo done by a tattoo artist
image_5471.jpg,a man in a suit sitting at a desk
image_5472.jpg,"a baby sitting in a high chair with the capt that says, ` ` ' so suck on that and"
image_5473.png,an image of a man in a minecraft minecraft minecraft minecraft minecraft minecraft
image_5474.png,a child wearing a pair of glasses with a green light on it
image_5475.jpg,an image of a woman with a hat on her head
image_5476.png,what ' s the female equivalent of bronce?
image_5477.jpg,i ' m hungry but my bowl ' s only full
image_5478.jpg,the avengers meme and the avengers memes
image_5479.jpeg,a picture of a man with a beard and a woman with a beard and a man with a beard and
image_548.jpg,a cat that is sitting on top of a couch
image_5480.jpg,"a black and white quote with the words, ` ` ', ' ' ' ', ' ', ', ', ', ', ', ', ', ', ', ', ', ', ', ', '"
image_5481.png,an image of a girl with long brown hair and a text that reads logan logan logan logan logan logan logan
image_5482.jpg,a man sitting at a desk talking on the phone
image_5483.png,a man in a suit and tie is smiling at the camera
image_5484.jpg,a man and woman looking at each other woman ' s face
image_5485.jpg,happy 7th birthday i ' m enjoy colorado - happy 7th birthday i ' m enjoy colorado ski instructor
image_5486.png,a black and white cat laying on the ground
image_5487.jpg,"i ' m sorry that didn to you a darker me, young ro - i ' m sorry that didn to you a darker me"
image_5488.jpg,a cartoon of a cat chasing a mouse
image_5489.jpg,a picture of a cat sitting on a table
image_549.png,a white cat sitting on top of a bed
image_5490.jpg,a man in a black sweater talking on a cell
image_5491.jpg,waits whole life for zombie apocalypse gets in his sleep
image_5492.png,a man in a suit and tie holding an oscar statue
image_5493.JPG,a frog that is laying down on the ground
image_5494.jpg,a comic strip strip strip strip strip strip strip strip strip strip strip strip strip strip strip strip strip strip strip
image_5495.jpg,i hate all minions mes i hate all minions mes i hate all minions
image_5496.jpg,a man sitting at a desk in front of a computer
image_5497.jpg,a group of children dancing on a dirt road
image_5498.jpg,a seal that is sitting on the ground
image_5499.png,so you want to be a navy seal?
image_55.jpg,avengers meme mememe mememe mememe memememememememememememememememememememememememememememememememememememememe
image_550.png,a cat is sitting in front of a birthday cake
image_5500.jpg,hillary mememememememememememememememememememememememememememememememememememememememememememememememememe
image_5501.jpg,a man and a woman sitting in front of a wall
image_5502.jpg,a man holding up a picture of himself
image_5503.jpg,a baby sitting on the beach with the capt that says it ' s over tomorrow instead worrying about what happened
image_5504.jpg,des des des des des des des des des des des des des des des des des des des des des
image_5505.jpg,a cat sitting on top of a cat tree
image_5506.jpg,kim jong - looking at sun only falls on kim jong
image_5507.jpg,a cat with a tia on its head
image_5508.jpg,a man in a suit and tie is looking at the camera
image_5509.jpg,game of thrones memes
image_551.jpg,a cat with a birthday hat on it ' s head
image_5510.jpg,a man sitting in a chair with his hands on his face
image_5511.jpg,a woman wearing glasses and a black shirt
image_5512.jpg,a girl with long hair and a flower crown on her head
image_5513.jpg,a man in an office with a cup of coffee
image_5514.jpeg,a girl with glasses and text that says who ' s the way? i ' m huge batman fan
image_5515.jpeg,a poster with the quote eat drinks like you for second breakfast
image_5516.png,a man holding a woman in his arms
image_5517.jpg,yo yo yo yo yo yo yo yo yo yo yo yo yo yo yo yo yo yo yo yo yo
image_5518.png,a man in a suit and tie standing at a podium
image_5519.jpg,a picture of a spider crawling on a wall
image_552.jpg,a cat that is laying down on the ground
image_5520.png,an image of a penguin and a penguin in the same picture
image_5521.jpg,a group of harry potters sitting at a table with a ball in front of them
image_5522.jpg,a man in a white shirt and tie is looking through a window
image_5523.png,a small kitten is laying in a basket
image_5524.jpg,an image of a clown with the capt that says have you seen on???
image_5525.png,a man sitting on top of a mini car
image_5526.png,a man in a suit talking to another man in a suit
image_5527.jpg,i must go to the kitchen now it ' s the only my house we can ' t even
image_5528.png,this is a picture of an elephant seal in 1936
image_5529.jpg,a man in a white shirt and sunglasses on a boat
image_553.jpg,a cat laying on its back on a couch
image_5530.png,a man in a suit and tie holding a microphone
image_5531.jpg,a picture of a minion with the words ' teacher '
image_5532.png,a girl from and she says no she can ' t - a girl from and she says no she can
image_5533.jpg,a smiling shark with the words hello my name ' s nice
image_5534.jpg,a white cat with blue eyes and the words cat memes
image_5535.png,a picture of a man in a suit and tie
image_5536.jpg,a man in a suit and tie is talking to another man
image_5537.jpg,a man in a black shirt and hat with a cigarette in his hand
image_5538.jpg,a picture of the avengers movie characters
image_5539.jpg,a penguin sitting on top of a snow covered ground
image_554.jpg,a cat sitting on the floor with its mouth open
image_5540.png,a black and white photo of a man in a suit and tie
image_5541.jpg,an image of a woman with red hair and glasses
image_5542.jpg,a col col col col col col col col col col col col col col col col col col col col
image_5543.png,hey hey hey hey hey hey hey hey hey hey hey hey hey hey hey hey hey hey hey hey hey
image_5544.jpg,a cat sitting on top of a baby
image_5545.jpg,a baby sitting at a table with a glass of beer
image_5546.png,an image of a man in a suit with his hand up
image_5547.jpg,a group of people sitting around a table eating food
image_5548.jpg,looking for a fuck to give you a friend says so much
image_5549.jpg,the face you make when someone calls you
image_555.jpg,a cat that is looking at the camera
image_5550.png,a man standing in front of a fire
image_5551.jpg,a man in a suit and tie standing next to another man in a suit
image_5552.png,a man that is looking at the camera
image_5553.jpg,a man in a cowboy hat with his mouth open
image_5554.jpg,a square with a smiley face in the middle of it
image_5555.jpg,what if i told you the question is the red pill
image_5556.jpg,the big bang on the big bang show
image_5557.jpg,a man in a suit and tie looking through a pair of glasses
image_5558.jpg,person that face you make when you ' ret
image_5559.jpg,a man in a tuxed tuxed tuxed tuxed tuxed tuxed tuxed tuxed tuxed tuxed tuxed tuxed
image_556.jpg,this is my opinion of urpin
image_5560.jpg,a man in a suit holding up a card
image_5561.jpg,a man in a suit and tie with the words sanctionss are coming
image_5562.jpg,the legs of a man
image_5563.jpg,a black and white poster with an image of a person wearing a hat
image_5564.jpg,an image of a man and woman sitting on a bench
image_5565.png,an image of than than than than than than than than than than than than than
image_5566.jpg,i ' m ' s pudingwekjoneyy - i ' m ' s pudingwekjoneyy
image_5567.jpg,an image of a man in front of a statue
image_5568.jpg,a black and white poster with the words reason 4 why i love essentials
image_5569.jpg,a group of sesame characters standing in front of a building
image_557.jpg,a kitten sitting in the snow looking up at the camera
image_5570.png,"a picture of a man with a light saber in his hand, and the capt reads normal soldier german soldier"
image_5571.png,a man sitting at a table with a bottle of beer
image_5572.png,an image of a man and woman talking to each other people
image_5573.jpg,a man in a white shirt holding a remote control device
image_5574.jpg,guns don ' t kill people
image_5575.jpeg,an image of a woman in a dress that says it ' s just small together me
image_5576.jpg,it ' s friday we make it
image_5577.jpg,"a picture of a man in a white shirt with text that reads, i don"
image_5578.jpg,an image of a man with a sword in his hand
image_5579.jpg,an image of a man in a suit and tie
image_558.jpg,two cats are sitting in the grass and one is looking at the camera
image_5580.png,spider spider spider spider spider spider spider spider spider spider spider spider
image_5581.jpg,a great white shark jumping out of the water
image_5582.jpg,"an image of a cartoon character with a capt that reads, ` ` ' ' ' ' ' ' ' ' ' ' ' ' ' ' '"
image_5583.png,a man in a suit pointing his finger at the camera
image_5584.jpg,a rhino in the middle of a field
image_5585.jpg,a poster with a cat wearing sunglasses and the words what to you
image_5586.jpg,person a nutn walks into a bar and asks me for a drink the bartender tells for you to care
image_5587.jpg,a woman with long hair and a red lipstick
image_5588.png,spider and that ' s how i became me
image_5589.jpg,"two men with green squares on their faces, one is smiling and the other is smiling"
image_559.jpg,a cat that is laying down on the floor
image_5590.jpg,an image of a girl and a seal seal
image_5591.jpg,an image of a man with a smile on his face
image_5592.jpg,a black and white photo of a man in a tuxed tuxed tuxed tuxed tuxed tuxed tuxed tuxed tuxed
image_5593.jpg,a man in a suit and tie standing next to a rocket
image_5594.jpg,a troll troll troll troll troll troll troll troll troll troll troll troll troll troll troll troll troll troll troll troll
image_5595.jpg,a man in a suit talking to another man in a suit
image_5596.png,a man in a suit and tie is laughing at another man
image_5597.png,"a picture of batman and joker, with the capt that reads, if you were superheros and you '"
image_5598.jpg,an image of a sesame character talking to a sesame character
image_5599.jpg,a cat laying on top of a couch
image_56.jpg,a man in a hat standing in front of a door
image_560.png,a cat that is laying on the ground
image_5600.jpg,an image of a man with a beard and glasses
image_5601.jpg,a group of cats playing with each other cats
image_5602.jpg,a picture of a man with glasses and a quote on it
image_5603.jpg,hey hey hey hey hey hey hey hey hey hey hey hey hey hey
image_5604.png,"an image of a man sitting in a chair with the capt that reads, ' me trying to explain why"
image_5605.jpeg,two pictures of a man holding a teddy bear and a bear cub cub cub cub cub cub cub cub cub
image_5606.jpg,a man sitting at a desk talking on a cell
image_5607.png,a cartoon picture of a spider and a man in a suit
image_5608.jpg,a minion with a quote on it that reads sugar sugar sugar sugar sugar sugar sugar sugar
image_5609.png,a man holding an apple with a face drawn on it
image_561.jpg,a cat with green eyes and a hood on it ' s head
image_5610.jpg,a man in a tuxed tuxed tuxed tuxed tuxed
image_5611.jpg,a black and white photo of a person wearing a beanie
image_5612.png,"trump, donald, and trump trump trump trump trump trump"
image_5613.jpg,dead dead dead dead dead dead dead dead dead dead dead dead dead
image_5614.png,"two women wearing t - shirts with the words, today is national best friends day"
image_5615.jpg,i care about the unfortunate - i care about the unfortunate hips guy
image_5616.jpg,a man standing in front of a red wall
image_5617.jpg,deadpool deadpool deadpool deadpool deadpool deadpool deadpool deadpool
image_5618.jpg,a cartoon with the words country music is just an me
image_5619.jpg,i play fort can build walls for free
image_562.jpg,a black and white cat standing on its hinds
image_5620.jpeg,me jokes about par suicide kids on the school drive
image_5621.jpg,a man in a suit and tie holding his hands up
image_5622.jpg,a little girl sitting in the back seat of a car
image_5623.png,and it ' s where i ' m oar now that i ' m o - and it ' s where i ' m oar now
image_5624.jpg,a man in a suit wiping his face with a tissue
image_5625.jpg,a black cat wearing a tie with the words cal support my mouse dead
image_5626.jpg,an image of a purple bird with a purple feather on it ' s head
image_5627.png,a man sitting on top of a couch holding a skateboard
image_5628.jpg,a man in a suit talking on the phone
image_5629.png,a woman with headphones and a microphone
image_563.jpg,a small kitten sitting on top of a person ' s lap
image_5630.jpeg,"an image of a cat with a capt that reads, when he ' s trying to get out of his"
image_5631.jpg,a woman holding a sign that says this is what feminist looks like
image_5632.jpg,me on the first week of the month me on the last week of the month me on the first week of the month me me on the
image_5633.jpg,"a picture of a man with a beard and a capt that says, ` one fard '"
image_5634.jpg,an image of a minion with a quote on it
image_5635.JPG,"a woman with blonde hair and a smile on her face, says i ' m favorite person, have a"
image_5636.jpg,a man in a suit and tie standing in front of an american flag
image_5637.jpg,a man in a purple suit talking to another man
image_5638.jpg,a group of kids sitting at a table with cotton
image_5639.png,a group of men standing next to each other men
image_564.jpg,hey hey hey hey hey hey hey hey hey hey hey hey hey hey hey hey
image_5640.jpg,dead dead dead dead dead dead dead dead dead dead dead dead dead dead dead dead dead dead dead dead dead
image_5641.jpg,a man in a suit and tie with the words hey hey hey hey hey hey hey hey hey hey hey
image_5642.jpg,one does not simply have a few drinks on their birthday
image_5643.jpeg,a man in a suit and tie sitting next to a man in a suit
image_5644.png,an image of a man in a top hat and bow tie
image_5645.jpg,a woman in a silver dress with stars on it
image_5646.jpg,a man holding a flag in front of a fire
image_5647.png,harry and hermie harry and hermie harry and hermie harry and hermie
image_5648.jpg,a man in a suit and tie standing at a podium
image_5649.jpg,"person, person, and person in the avengers avengers memes, avengers memes, avengers memes,"
image_565.jpg,a cat sleeping in a bowl on the counter
image_5650.png,an image of a cartoon character running down the street
image_5651.jpg,fu fu fu fu fu fu fu fu fu fu fu fu fu fu fu
image_5652.jpg,winter is coming bracer bracer bracer bracer bracer bracer bracer bracer bracer
image_5653.png,a man in a black shirt is holding his hands to his chest
image_5654.jpg,an image of a cartoon character looking out the window
image_5655.jpg,i ' m not saying you should vote for bernie sanders
image_5656.jpg,a man in a suit is making a face with his hands
image_5657.png,two birds are standing in front of a mirror
image_5658.png,"an image of a dragon with the capt that says, ` you ' re '"
image_5659.jpg,a penguin standing on top of a rock
image_566.jpg,a white and orange cat sitting on the floor
image_5660.jpg,the life of a college student
image_5661.png,"a man and woman sitting on a couch with the capt that reads, me as girlfriend you ' reting"
image_5662.jpg,a cartoon character with a spider in the background
image_5663.png,sh sh sh sh sh sh sh sh sh sh sh sh sh sh sh sh sh sh sh sh sh sh sh sh sh sh sh sh sh sh sh sh sh sh sh sh sh sh sh sh sh sh sh sh sh sh sh
image_5664.jpg,a woman and two children pose for a photo with a seal
image_5665.jpg,a girl and a boy are smiling for the camera
image_5666.jpg,a man in a suit sitting at a desk
image_5667.jpg,a black and white photo of a man with a mustache
image_5668.jpg,look at all of the scars i don ' t ha - look at all of the scars i dont ha
image_5669.png,"a cartoon character reading a book with the capt that reads, when i ' m ' m ' m ' m ' m"
image_567.jpg,a cat is touching the finger of a person
image_5670.png,a man in a military uniform holding a cup of coffee
image_5671.jpg,a cat that is inside of a shell
image_5672.jpg,a man and woman kissing in the snow
image_5673.jpg,a cat sitting on a couch next to a calcula
image_5674.jpg,a kid in a green shirt holding a banana
image_5675.jpg,an image of the face of a man with his eyes closed
image_5676.jpg,a cat standing in front of a christmas tree
image_5677.jpg,a man and a woman looking at each other man ' s face
image_5678.jpeg,a man standing in front of a large wave
image_5679.png,a man in a suit and tie is looking at the camera
image_568.jpg,a kitten sitting on top of a wooden table
image_5680.jpg,a man with a smile on his face
image_5681.jpg,a man in a suit pointing at someone
image_5682.jpg,"an image of a man in a red uniform with the capt that says, ` i am a woman president"
image_5683.jpg,a man in a suit and tie with an egg on his head
image_5684.jpg,a man in a red uniform sitting on a chair
image_5685.jpg,a group of people standing in front of a military vehicle
image_5686.jpg,my reaction when i get it class
image_5687.jpg,a man in an orange shirt is giving a speech
image_5688.jpg,a minion with a quote on it
image_5689.png,a man sitting at a table with a bottle of beer
image_569.jpg,i ' m thirsty but don ' t like the water in my bowl
image_5690.png,a man sitting at a table with a bottle of beer
image_5691.jpeg,an image of an old man with a beard and glasses
image_5692.jpg,a woman holding a glass of wine in her hand
image_5693.jpg,a person holding a cat in their hand
image_5694.jpg,a man in a suit and tie standing next to another man in a suit
image_5695.jpg,two men standing next to each other man
image_5696.jpg,an old man sitting at a table with a bottle of beer
image_5697.jpg,can ' t get rap condo - can ' t get rap condo sudden guy
image_5698.jpg,the president is holding a baby in his arms
image_5699.jpg,a group of people sitting around a table
image_57.jpg,"a col with the capt that reads they wear masks, everyone knows them"
image_570.jpg,a white cat laying on top of a bed
image_5700.png,an image of a man in a suit and tie
image_5701.jpg,can ' t leave the light on right? i want to be able to watch you sleep
image_5702.jpg,a man holding a basketball ball in his hand
image_5703.png,"a scene from the lord ' s tale, with a quote from the lord ' s tale"
image_5704.png,a picture of two people with the words who is he?
image_5705.jpg,a couple of minions hugging in front of a ship
image_5706.png,i don ' t always eat but when it ' s not
image_5707.jpg,a man in a red shirt is sitting down and looking at the camera
image_5708.jpg,a man in a suit and tie with the words real? i look it ' s chuck norris
image_5709.jpg,i ' m the king of the world aaah woooooooooooooooooooooooooooooooooooooooooooooooooooooooooooooooooooooooooooooooo
image_571.jpg,an orange and white cat sitting on top of a box
image_5710.jpg,a cat that is standing on the floor
image_5711.jpg,i ' m going for the rest of my fucking life
image_5712.jpg,the big bang bang bang bang bang bang bang bang bang bang bang bang bang bang
image_5713.jpg,a woman with long hair wearing a white turtle neck sweater
image_5714.jpg,disaster kid - when a muslim student enters enter your classroom
image_5715.jpg,two pictures of a man and a woman sitting on a couch
image_5716.jpg,a black and white photo of a man in a suit holding a stick with the words don ' t me
image_5717.jpg,a cartoon of a person holding a piece of food
image_5718.png,game of thrones game of thrones
image_5719.jpg,"i love lord of the rings it has wizards, elves, dwarves, nais"
image_572.jpg,a cat that is sitting on top of a bed
image_5720.jpg,finding dory - happy birthday nemo
image_5721.png,a man standing in front of a television screen
image_5722.jpeg,person was dumb before it was cool
image_5723.jpg,a man holding his head in front of his face
image_5724.jpg,a woman in a black dress dancing with other people
image_5725.jpg,a man in a red shirt pointing his finger at the camera
image_5726.png,remember me my name is 2016 - remember me
image_5727.jpg,a man in a blue shirt and tie pointing at the camera
image_5728.jpg,a man in a suit and tie speaking into a microphone
image_5729.jpeg,a black and white photo of a man in a suit
image_573.jpg,a cat that is looking at the camera
image_5730.png,a man pointing a finger at another person
image_5731.jpg,a man in a suit sitting at a desk with a computer
image_5732.png,an image of a man in a purple shirt with the words did you know??
image_5733.jpg,a man in a suit with his mouth open
image_5734.png,a woman holding her head in front of her face
image_5735.jpg,a cat standing on its hinds in front of a television
image_5736.jpg,a man in a suit standing next to another man in a suit
image_5737.png,a man in a suit and tie is looking at the camera
image_5738.png,a cartoon picture of a man laying on a bed
image_5739.png,a picture of a man with long hair and beards
image_574.jpg,a black kitten sitting in a green bowl
image_5740.png,"a minion sitting in front of a window with the capt that reads, they said cold anything so cold"
image_5741.jpeg,a picture of a ship in the middle of the ocean
image_5742.jpg,an image of a man in a purple suit and hat
image_5743.jpg,a picture of a person with a hat on
image_5744.jpg,the amazing spider - man and his friends
image_5745.png,mememeweak memeweak memeak memeak memeak memeak memeak memeak memeak memeak memeak memeak memeakmeakmeakmeakmeak
image_5746.jpg,"a minion with a capt that says, ` ' ' ' ' ' ' ' ' ' ' ' ' ' ' ' ' ' ' ' ' ' ' ' ' ' ' ' ' ' ' ' ' ' ' ' ' ' ' ' '"
image_5747.jpg,a minion with the words i ' m ' s pushing and handling
image_5748.jpg,before my cup of coffee
image_5749.jpg,"a quote from the minions minions quotes, minions quotes, minions birthday, minions party, minions party, minions"
image_575.jpg,a close up of a cat ' s face
image_5750.jpg,can i have a light show brother?
image_5751.jpg,a man with green hair wearing a suit and tie
image_5752.jpg,a man in a suit holding a baseball bat
image_5753.png,an image of a man in a suit with the capt that reads exting technology can produce electricity
image_5754.png,a man in a suit and tie standing in front of a camera
image_5755.jpg,a man holding a soccer ball next to another man
image_5756.png,two pictures of a man smoking a cigarette
image_5757.png,a picture of a man with money in his hand
image_5758.jpg,the titanic is an unnible ship the titanic
image_5759.jpg,dead deadpool deadpool deadpool deadpool deadpool deadpool deadpool deadpool deadpool deadpool
image_576.jpg,a cat in a hoodie is looking at the camera
image_5760.png,an image of a penguin and a picture of a man
image_5761.jpg,a monkey sitting at a desk with a computer
image_5762.jpg,a minions minion with a quote on it
image_5763.jpg,"a woman with red hair, glasses and a man in a suit"
image_5764.png,a man with long hair wearing a fur coat
image_5765.png,a man laughing with the words why is cancering so reliable?
image_5766.jpg,a group of people standing next to each other people
image_5767.jpg,a minion with a baseball bat in his hand
image_5768.jpg,obama runs for spook mes - obama runs for spook mes
image_5769.jpg,a man in a suit and tie is pointing at the camera
image_577.jpg,a cat laying on its back on a couch
image_5770.png,a man and woman are smiling at the camera
image_5771.jpg,a man in a white shirt with his hands up to the camera
image_5772.jpg,a man in uniform talking to another man in uniform
image_5773.jpg,a girl in a pink shirt is looking at the camera
image_5774.jpg,a minion with a hat and a quote on it
image_5775.jpg,two pictures of a man in a suit and tie
image_5776.jpg,"an image of a man with long hair and a beard that says, mom understanding technology? what is it"
image_5777.jpg,a man in a suit holding up a sign
image_5778.jpg,a cartoon character in a red shirt with the capt that says i ' m expect better dad mes than
image_5779.jpg,a woman in a blue shirt holding a gun
image_578.jpg,a cat laying on top of a bed
image_5780.jpg,what if i told you potato - what if i told you potato scr
image_5781.jpg,"a minion with a quote that says, sometimes i ' m ' m ' m ' m ' m"
image_5782.jpg,breaking news it ' s a minion
image_5783.jpg,"an image of a man in a black t - shirt with the capt that reads, when you ' re"
image_5784.jpg,a man in a suit and tie on a twitter account
image_5785.jpg,but i ' m such a nice guy - but i ' m such a nice guy 1990s
image_5786.png,deadpool christmas movie review
image_5787.jpg,a picture of a man with a smile on his face
image_5788.jpg,dead dead dead dead dead dead dead dead dead dead dead dead dead dead
image_5789.jpeg,"a man in a suit and tie sitting on a chair with the capt that reads, when you ' re"
image_579.png,a black and white cat sitting on top of a chair
image_5790.jpg,"an image of a man in a suit with the capt that reads, how do you think? how do"
image_5791.jpg,a ham is sitting in a yellow chair
image_5792.jpg,a man in a suit standing next to another man in a suit
image_5793.jpg,chocolate? it ' s talkin ' the hersy highway
image_5794.jpg,a man sitting at a desk in front of a computer
image_5795.jpg,a baby in a tuxed tuxed tuxed tuxed tuxed tuxed
image_5796.jpg,a group of people walking down the street
image_5797.jpg,a man and woman talking to each other people
image_5798.jpg,"kim jong approves unted, against, we play eu"
image_5799.jpg,a man in a red shirt holding a tablet
image_58.jpg,the avengers movie memes
image_580.png,a cat sitting on top of a couch
image_5800.jpg,a man in a suit is talking to someone
image_5801.png,a black and white photo of a man in a black shirt
image_5802.png,a squirrel laying on the side of a road
image_5803.jpg,first we have to make it crack
image_5804.jpeg,avengers memes and captain america
image_5805.jpg,"a picture of a man in the water with a capt that says, i ' m girl i still have"
image_5806.jpg,"a man drinking a cup of coffee with the capt that says, ` ` ` ` ` ` ` ` ` ` ` ` ` ` ` ` ` ` ` ` ` ` ` ` ` ` ` ` ` ` ` ` ` ` ` ` `"
image_5807.jpg,a picture of a man with a beard
image_5808.jpg,hello hello hello hello hello hello hello hello hello hello hello hello hello hello hello hello hello hello hello
image_5809.jpg,the moment of the moment of the moment of the moment
image_581.jpg,a cat that is laying down on the floor
image_5810.png,success success success success success success success success success success success success success success success
image_5811.png,"a photo of two men in suits and ties, one is laughing at the other man"
image_5812.jpg,batman slappings a girl
image_5813.jpg,an image of a man with a beard and a picture of a man with glasses
image_5814.jpg,avengers memes and the avengers movie
image_5815.jpeg,a picture of a man in a suit and tie with two different faces
image_5816.jpg,dead dead dead dead dead dead dead dead dead dead dead dead dead dead dead dead
image_5817.png,an image of the face of a man with long hair and beards
image_5818.jpg,a man in a suit and tie next to another man in a suit
image_5819.jpeg,a woman in a red dress next to an alien
image_582.jpg,a cat that is sitting in the snow
image_5820.jpg,the big bang bang bang bang bang bang bang bang bang bang bang bang bang bang bang bang bang bang bang
image_5821.jpg,a cat that is laying down in the grass
image_5822.jpg,a cat that is standing in the snow
image_5823.png,a man in a fur coat looking at the camera
image_5824.jpg,a man with a smile on his face
image_5825.jpg,"a picture of two men in suits, one is talking to the other man"
image_5826.jpg,a woman in a fur coat with the words best tv character
image_5827.jpg,two pictures of a girl with black hair and a white shirt
image_5828.jpg,a picture of the president smoking a cigarette
image_5829.jpg,pep the turtle who
image_583.jpg,a cat that is looking at the camera
image_5830.jpg,a man in a suit and hat sitting next to another man
image_5831.jpg,i ' m just going to say we will never have president as a president
image_5832.png,a man sitting on the ground in front of a crowd
image_5833.jpeg,a picture of a cat and a baby
image_5834.jpg,a man in a suit and tie standing next to a car
image_5835.jpg,harry and hermik in harry ' s house
image_5836.png,a person with a smile on their face
image_5837.jpg,two men standing next to each other man
image_5838.png,"a picture of a man in a black leather jacket with the capt that reads, how do you ' re"
image_5839.jpg,an image of a man in a top hat
image_584.jpg,a black and white cat
image_5840.jpg,"a black shirt with an image of a minion with the words, i ' m ' m ' m"
image_5841.jpg,a cat with a clown face on it ' s face
image_5842.jpg,sandwich sandwich sandwich sandwich sandwich sandwich sandwich sandwich sandwich sandwich sandwich sandwich sandwich sandwich sandwich sandwich sandwich sandwich sandwich sandwich sandwich sandwich sandwich sandwich sandwich sandwich sandwich sandwich sandwich sandwich sandwich sandwich
image_5843.jpg,a man in a suit and tie standing with his arms crossed
image_5844.jpg,a group of children dancing on a dirt road
image_5845.jpg,deadpool deadpool deadpool deadpool deadpool deadpool deadpool deadpool deadpool deadpool deadpool deadpool deadpool deadpool
image_5846.jpg,a minion with the words breaking news on it
image_5847.png,a poster with four photos of the same people
image_5848.png,an image of a man in a red shirt pointing at the camera
image_5849.jpeg,"a picture of a man with long hair and a text that reads, i don ' t say it '"
image_585.jpg,a cat with the capt that says you love anime?
image_5850.jpg,a little boy is standing in front of a mirror
image_5851.jpg,president obama and first lady michelle bach
image_5852.jpg,a house with halloween decorations on the windows
image_5853.jpg,you have phds that ' s great try looking forward for me - you have phds that ' s great try looking forward
image_5854.png,an image of a man with glasses on his face
image_5855.png,a man in a suit sitting at a desk
image_5856.jpg,a dog that is looking up at the camera
image_5857.jpg,a cat that is laying down on a wooden floor
image_5858.jpg,an old photo of a woman with a surprised look on her face
image_5859.jpg,"i ' m sorry kids, but i love harry potter"
image_586.jpg,a cat laying on top of a blanket
image_5860.jpg,a black and yellow birthday card with the words happy birthday
image_5861.png,a man sitting in front of a laptop computer
image_5862.jpg,a minion with the words i ' m ' m ' m ' m ' m ' m ' m
image_5863.jpg,me with a tidyin mouth the ring session
image_5864.jpg,a man sitting in a chair with a cat on his lap
image_5865.jpeg,a man sitting at a table with a microphone in front of him
image_5866.jpg,a man in a suit and tie sitting in a chair
image_5867.jpg,dead dead dead dead dead dead dead dead dead dead dead dead dead dead dead dead dead dead dead dead dead
image_5868.png,a man in a suit and tie speaking into a microphone
image_5869.jpg,a pair of scissors sitting on top of a table
image_587.jpg,"a person petting a cat with the words hey, i ' m ' a guy"
image_5870.jpg,minions minions minions minions minions minions minions minions minions minions minions minions minions minions
image_5871.jpg,a group of people sitting in the back of a car
image_5872.jpeg,a man in a suit and tie laughing with another man in a suit
image_5873.jpg,a stick figure holding up a camera
image_5874.jpg,a man sitting in the back seat of a car
image_5875.jpeg,a man holding a stick in front of a tree
image_5876.jpg,a little boy with a book in his hands
image_5877.png,a mememe memememe memememememememememememememememememememememememememememememememememememememememememe
image_5878.jpg,a man in a suit sitting on the beach
image_5879.png,a baby sitting at a table with a glass of beer
image_588.jpg,a group of cats standing in front of a door
image_5880.png,"the chocolate factory, the chocolate factory, and the chocolate factory"
image_5881.png,the big bangy funny moments
image_5882.jpg,a man in a green jacket holding a gun
image_5883.jpg,a cat that is sitting on the floor
image_5884.jpg,harry potter ' s ultimate guide to harry potter
image_5885.jpg,a man with glasses that says i am i am
image_5886.jpg,a black and white photo of two men sitting at a table
image_5887.jpg,an image of a person with a creepy look on their face
image_5888.jpg,a man in a suit and tie is looking at the camera
image_5889.jpg,a group of cartoon characters standing next to each other characters
image_589.png,a cat that is looking up at the camera
image_5890.jpg,an image of a man with glasses and a suit
image_5891.jpg,a man with a slice of pizza in his mouth
image_5892.png,a man in a suit and sunglasses talking to another man in a suit
image_5893.jpg,"a picture of a meme with the capt that says, i ' mh like button for ultra golden"
image_5894.jpg,an orange and white cat sitting in a clear box
image_5895.jpg,a baby sitting on the beach with a capt
image_5896.jpg,the big bang on the big bang show
image_5897.jpg,a drawing of a man in a suit and tie
image_5898.jpg,a black and white photo with a quote on it
image_5899.jpg,an old man sitting at a desk with a laptop
image_59.jpg,a man in a suit talking to another man in a suit
image_590.png,a cat that is sitting on the floor
image_5900.jpg,a man in a suit sitting at a desk
image_5901.jpg,an image of a woman holding her head in her hands
image_5902.jpg,a man in a blue shirt is holding a cup
image_5903.jpg,a man in a suit drinking a glass of beer
image_5904.png,a man with a beard sitting on top of a car
image_5905.png,a man climbing on a wall with the capt that reads mexicans rain for donald trump trump trump trump trump
image_5906.png,sorry you sustained injuries after slipping on your feet
image_5907.jpg,mes girl on the internet breaks up with him
image_5908.jpg,a man in a suit smoking a cigarette
image_5909.jpg,a man in a suit standing next to another man in a suit
image_591.jpg,a cat sitting on top of a table with a camera
image_5910.jpg,"game of thrones, game of thrones, game of thrones"
image_5911.jpg,a man with a beard and a tweet on his face
image_5912.jpg,a man in a suit smiling at the camera
image_5913.jpg,a couple of cats laying on top of a bed
image_5914.jpg,a man standing in front of a computer
image_5915.jpg,a man in a red shirt holding a confederate flag
image_5916.jpg,a man talking to a woman in front of a car
image_5917.jpg,an image of a shirtless man in the middle of a movie
image_5918.jpg,i always beat my wife a aches - i always beat my wife a aches successful black man
image_5919.jpg,"a picture of a man in the back seat of a car with the capt that reads, i will never"
image_592.png,a cat that is looking at the camera
image_5920.png,the difference between the difference between the difference and the difference between the difference
image_5921.jpg,a cartoon picture of two cats playing with each other cats
image_5922.jpg,a man and woman sitting at a table with their hands in the air
image_5923.jpg,a penguin with a sword and a capt that reads when you post a picture of a penguin with a sword
image_5924.jpg,a woman is being held by police officers
image_5925.jpg,a white cat sitting on top of a wooden table
image_5926.jpg,"the avengers avengers memes, avengers memes, avengers comics, marvel memes, avengers memes,"
image_5927.jpg,a man holding a gun in the water
image_5928.jpg,a cat that is sitting in front of a green background
image_5929.jpg,a baby with the capt that says you mean to me
image_593.jpg,a cat sitting in a basket on a table
image_5930.jpg,"a girl with long blonde hair wearing a hat, says this me is sex and wrong"
image_5931.png,a picture of a basketball player with a quote on it
image_5932.jpg,a picture of two angels with palm trees in the background
image_5933.jpg,a man in a tuxed suit holding a microphone
image_5934.png,a picture of a man in a black shirt with the capt that reads lucifer president this country is going to
image_5935.png,a man in a suit sitting at a table
image_5936.jpg,a cartoon picture of a man driving a car with a woman behind him
image_5937.jpg,a woman in a white shirt and black jacket pointing at the camera
image_5938.jpg,a cat sitting on top of a cardboard box
image_5939.jpg,a cat that is sitting on a person ' s lap
image_594.jpg,a cat that is looking at the camera
image_5940.jpg,i ' ll start a fight when you ' re - i ' ll start a fight when you ' re i ' ll start a fight when
image_5941.jpg,calling issues like domestic disprovely women is sex - calling issues like domestic disprovely women is sex idiot
image_5942.jpg,a birthday card with an image of a person wearing a party hat
image_5943.jpg,shut your days are numbered - shut your days are numbered good guy
image_5944.jpg,a woman holding a sign in front of a building
image_5945.png,a baby in a pink shirt sitting on the floor
image_5946.jpg,a cat sitting on top of a cat tree
image_5947.png,all i want for christmas is jew hitler meme - bing bing
image_5948.jpg,a man holding a bottle of beer in his hand
image_5949.jpg,a man kissing another man ' s face with the capt that reads ` ` ` ` ` ` ` ` ` ` ` ` ` ` ` ` ` ` ` ` ` ` ` ` ` ` ` ` ` ` ` ` ` ` ` ` `
image_595.png,an image of a cat wearing glasses and a bow tie
image_5950.jpg,a woman sitting in a chair with her hands up and the capt says keep all emails on a private server
image_5951.jpg,a penguin standing in the snow with an iceberg behind it
image_5952.jpg,braces braces braces braces braces braces braces
image_5953.jpg,"a picture of a man with the capt that says, you ' ree ends where my community stands"
image_5954.png,"an image of a man and a woman in a car with the capt that reads, me origins wolverine has"
image_5955.jpg,a man in a suit and tie is looking at the camera with a capt that reads trump once called the
image_5956.jpg,a painting of a man with a bird in his hand
image_5957.png,a man in a suit holding up a trophy
image_5958.jpg,hillary mememe | i ' d not have textual relationss with that server | image tagged | image tagged | image tagged
image_5959.jpeg,a man sitting in a chair with headphones on
image_596.jpg,a cat that is laying down on the floor
image_5960.jpg,a man holding a microphone in his hand
image_5961.jpg,an image of a man with a stick in his hand
image_5962.jpg,two men sitting at a bar talking to each other man
image_5963.jpg,"an older woman with a capt that reads, ' talking to my kids about never '"
image_5964.jpeg,a cartoon character sitting in front of a computer
image_5965.jpg,a clown clown clown clown clown clown clown clown clown clown clown clown clown clown clown
image_5966.jpg,a man and a woman in the water
image_5967.png,a photo of a man in a suit sitting on a chair
image_5968.jpg,a seal with the capt that says when i ' m ' t mes written on it
image_5969.jpg,a picture of a man holding a cat
image_597.jpg,a person holding a kitten in their hands
image_5970.jpg,a man in a blue shirt talking to another man in a red shirt
image_5971.jpg,a woman in a black dress standing in front of a door
image_5972.jpg,"a cartoon minion with glasses and a quote that says, ` if i ' m ' m ' m"
image_5973.png,a man in an orange jacket talking on the phone
image_5974.jpg,a cat with the capt that says i ' m ' d mes that i haven ' m ' d
image_5975.png,a man in a suit and tie sitting in the back of a car
image_5976.jpg,person oh damn that ' s a start
image_5977.png,a black and white photo of a man in the middle of a race
image_5978.jpg,a man in a hoodie and a woman in a hoodie
image_5979.jpeg,"a picture of a smiling face with the capt that says, ` ` ` ` ` ` ` ` ` ` ` ` ` ` ` ` ` ` ` ` ` ` ` ` ` ` ` ` ` ` ` ` ` ` ` ` ` `"
image_598.jpg,a cat sitting on top of a pile of papers
image_5980.jpg,deadpool deadpool deadpool deadpool deadpool deadpool deadpool deadpool deadpool deadpool deadpool deadpool deadpool deadpool
image_5981.jpg,a man in an orange hoodie is talking to the camera
image_5982.jpg,a woman with pink hair wearing a pink wig
image_5983.jpg,a girl kissing a boy in front of a bookshel
image_5984.png,"an image of a man in a suit with the capt that reads, when your body looks like it"
image_5985.png,a man with a beard looking at another man with a beard looking at another man with a beard
image_5986.jpg,"an image of a woman standing in front of a sign that says, ' only respect women are attracted to"
image_5987.jpg,a man in a tuxed tuxed tuxed tuxed tuxed tuxed tuxed tuxed tuxed tuxed tuxed tuxed
image_5988.jpg,a white zipper pouch with the words don ' t have goals on it
image_5989.png,morus searching for neo the matrix 2 years old
image_599.png,a cat sitting on top of a wooden bench
image_5990.png,a cat sitting on top of a sink in a bathroom
image_5991.jpg,an image of a man in a suit with his hands up
image_5992.jpg,a col col col col col col col col col col col col col col
image_5993.jpg,"a black and white photo of a man in a military uniform, with the capt that reads ` ` ` ` ` ` ` ` ` ` ` ` ` ` ` ` ` ` ` ` ` ` ` ` ` ` ` ` ` ` ` `"
image_5994.png,a group of avengerss standing in front of a building
image_5995.jpg,a man in a suit and tie with a mustache
image_5996.jpg,a stick figure with a hat on it ' s head
image_5997.jpg,a group of people with their hands up in the air
image_5998.jpg,"a minion with a quote on it that says, you can ' t be a woman by her hands"
image_5999.jpg,a col col col col col col col col col col col col col col col col col col col col
image_6.jpg,"a black background with a white text that reads, ` ' don ' t"
image_60.jpg,captain marvel movie memes
image_600.jpg,a cat that is laying on top of a dog
image_6000.jpg,a stick figure with a hat on it ' s head
image_6001.jpg,"a british flag with the capt that says, ` ' come to the world complain about migrants ' '"
image_6002.jpg,a young boy sitting on the floor in front of a window
image_6003.png,"an image of a text that reads, i ' m being taken call meson"
image_6004.jpg,tom and jerry had the rest of all time never a word it was just a word tom and jerry had the rest of all time never a
image_6005.jpg,` ` ` ` ' ` ` ` ` ` ` ` ` ` ` ` ` ` ` ` ` ` ` ` ` ` ` ` ` ` ` ` ` ` ` ` ` `
image_6006.jpg,a girl that is smiling for the camera
image_6007.png,two men in suits sitting at a table
image_6008.png,the actuality of men that will come out soon
image_6009.jpg,a man in a suit and tie is standing next to another man in a suit
image_601.jpg,a cat that is laying down on the ground
image_6010.jpg,a man in a suit and tie is talking to someone
image_6011.png,a group of people sitting next to each other people
image_6012.jpg,a man that is looking at the camera
image_6013.jpg,obama and bider talking to each other people
image_6014.jpg,a man in a suit pointing his finger at the camera
image_6015.jpg,"a quote that says, ` ` ` ` ` ` ` ` ` ` ` ` ` ` ` ` ` ` ` ` ` ` ` ` ` ` ` ` ` ` ` ` ` ` ` ` ` ` ` ` ` ` ` ` `"
image_6016.jpg,two pictures of bernie sanders and bernie sanders
image_6017.png,a man in a suit and tie with a red marker on his forehead
image_6018.png,a group of people standing in front of a tv
image_6019.jpg,a black and white photo of a man in a suit
image_602.jpg,a cat sitting on top of a couch
image_6020.jpg,a man in a suit and tie holding his hands up
image_6021.jpg,a man dressed as a joker with his hands in the air
image_6022.jpg,dead dead dead dead dead dead dead dead dead dead dead dead dead dead dead dead dead dead dead dead dead dead dead dead dead dead dead dead dead dead dead dead dead dead dead dead dead dead dead dead dead dead dead dead dead dead dead dead dead dead
image_6023.jpg,a man in a black shirt holding an apple
image_6024.jpg,` ` ` ` ` ` ` ` ` ` ` ` ` ` ` ` ` ` ` ` ` ` ` ` ` ` ` ` ` ` ` ` ` ` ` ` ` ` ` ` ` ` ` `
image_6025.png,a black and white cat laying on the floor
image_6026.jpeg,a picture of a person with their eyes closed
image_6027.jpg,the muppets meme meme meme meme meme
image_6028.jpg,a man with a beard sitting on top of a horse
image_6029.jpg,i ' m to boy to speak play pokemon with donald
image_603.jpg,a cat and a dog are looking at each other cats
image_6030.jpg,happy birthday i hope you can just chill today happy birthday i hope you can just chill today the post happy birthday i hope you can just chill
image_6031.jpg,a man in a suit and tie sitting at a table
image_6032.jpg,"a seal with a capt that says, when you ask where the party is on facebook and you ' re"
image_6033.jpg,two stickers with the words bill and bill on them
image_6034.jpg,a stick figure with a hat on it ' s head
image_6035.jpg,a picture of a man with a flower in his mouth
image_6036.png,a cat laying on top of a bed with a bottle of wine
image_6037.png,an image of a man looking out from behind a wall
image_6038.png,a man in a suit is kissing a trump
image_6039.jpg,an image of a cartoon character with the words ' this is liverpool '
image_604.jpg,a cat with a slice of bread on it ' s face
image_6040.jpg,two people sitting at a table in a restaurant
image_6041.png,"an image of a man in a suit and tie, with the capt that reads, when you ' re"
image_6042.jpg,an image of a man hugging a woman in the middle of a room
image_6043.png,keep calm keep calm keep calm keep calm keep calm keep calm keep calm keep calm keep calm keep calm keep calm keep calm keep calm keep calm
image_6044.jpg,a woman holding a sign that says how do feminists?
image_6045.jpg,a black and white cat sitting on top of a couch
image_6046.png,a picture of donald the trump
image_6047.jpg,a man in a suit drinking water from a glass
image_6048.jpg,a black and white photo of a man in a suit
image_6049.jpeg,a man with no shirt and no shirt is looking at the camera
image_605.jpg,a cat that is looking at the camera
image_6050.jpg,"a pink and blue background with a quote that says, ' being single is deep part of my identity that"
image_6051.jpg,a woman holding up a sign in an office
image_6052.jpg,a picture of a man in a green background with the words real bitch
image_6053.jpg,a man in a red shirt is pointing at the camera
image_6054.jpg,a man holding two guns in his hands
image_6055.jpg,a man holding a sign that says i need brains
image_6056.jpg,a man in a plaid shirt looking at another man
image_6057.jpg,a man in a red jacket is talking on the phone
image_6058.png,a man and woman are sitting down on a television set
image_6059.jpg,are you laughing? cz that ' s not funny? - are you laughing? cz thats not funny?
image_606.jpg,a cat that is sitting at a desk
image_6060.jpg,a man in a suit and tie standing at a podium
image_6061.jpg,"x - men, x - men memes, x - men, x - men memes, x - men, x - men memesmesmesmesmesmesmesmesmesmesmesmesmesmesmesmesmesmesmesmesmesmes"
image_6062.jpg,a man in a police uniform is talking on the phone
image_6063.png,a man in a suit with his hands on his chest
image_6064.jpg,a cat sitting on top of a purple background
image_6065.jpg,an image of a man holding a ball
image_6066.jpg,taking notes in the 21st century - taking notes in the 21st century high school
image_6067.jpg,an image of a man with a baseball bat in his hand
image_6068.png,a man in a suit and tie is looking at the camera
image_6069.png,a black and white photo of a woman walking down the street
image_607.jpg,teaching kittens how to look at the camera
image_6070.jpeg,a man in a suit standing in front of a camera
image_6071.png,a man in a suit and tie looking at another man in a suit
image_6072.jpg,two and a half men - you dont watch friends?
image_6073.jpg,four different faces of president obama and president trump
image_6074.png,a penguin standing in the snow with a capt that reads when i grow up i ' m long kill the
image_6075.jpg,"an image of a man with the capt that reads, when you ' re, what do you know?"
image_6076.png,an image of the text next challenge
image_6077.jpg,two pictures of an old woman and an older woman
image_6078.png,a person in a hoodie with the text is facebooking their recognition from the year challenge?
image_6079.png,"a screenshot of two men, one with a mustache and the other with a mustache"
image_608.png,i ' m gly and lonely can ' t be friends
image_6080.png,the world leader ' s challenge
image_6081.jpeg,a picture of a group of disney princesses
image_6082.jpg,me being married me after the film
image_6083.jpg,a crowd of people sitting in a stadium
image_6084.jpg,a man with long hair and beards sitting in front of a blackboard with writing on it
image_6085.png,"avengers memes, avengers memes"
image_6086.jpg,the avengers is what we believe we ' re
image_6087.jpg,a man in a suit and a man in a suit with a cape
image_6088.jpg,the many faces of spider - man
image_6089.jpg,two babies in tuxed tuxed tuxed tuxed tuxed tuxed tuxed tuxed tuxed tuxed tuxed tuxed tu
image_609.jpg,a couple of cats laying on top of each other cats
image_6090.jpg,a man in a suit and tie pointing at the camera
image_6091.jpg,a baby in a tuxed tuxed tuxed tuxed tuxed tuxed tuxed tuxed tuxed tuxed tuxed tuxed
image_6092.jpg,a baby in a tuxed tuxed tuxed tuxed tuxed tuxed tuxed tuxed tuxed tuxed tuxed tuxed
image_6093.jpeg,a dog that is standing in front of a castle
image_6094.jpg,a baby in a tuxed tuxed tuxed tuxed tuxed tuxed tuxed tuxed tuxed tuxed tuxed tuxed
image_6095.jpg,a baby wearing a hat and holding a can of soda
image_6096.png,a person holding a pair of scissors in their hand
image_6097.jpg,a blue background with the words kids have much energy because they spin out their parents like gas thieves
image_6098.jpg,a man in a suit and tie leaning against a wall
image_6099.jpg,a group of women sitting at a table in a bar
image_61.jpg,an image of a mouse in the middle of a movie
image_610.jpg,a cat that is laying down on the floor
image_6100.jpg,a man in a suit sitting at a table talking to another man
image_6101.png,a man in a suit talking to a woman in a green dress
image_6102.jpg,a man in a suit and tie holding a pipe
image_6103.png,a man in a yellow jacket talking to another man in a yellow jacket
image_6104.jpg,the face you make when your mouth is open and somebody sneed
image_6105.jpg,a man in a suit and tie sitting at a desk
image_6106.jpg,a man in a suit standing on the beach sticker
image_6107.png,mr bear is not a bear
image_6108.png,a man in a suit and a man in a suit with a tie
image_6109.png,a drawing of the joker
image_611.jpg,a cat that is looking up at the camera
image_6110.jpg,"an image of a man with a beard, and the capt reads, ' i know what we are all"
image_6111.png,i was looking for a mr bean avatar formus did not expect its
image_6112.png,a man sitting on a bed holding a teddy bear
image_6113.png,an image of a man with a hat and a cup
image_6114.jpg,a man and woman are posing for a picture with a baby
image_6115.jpg,a man in a tuxed tuxed tuxed tuxed tuxed
image_6116.jpg,a man riding on the back of a car
image_6117.png,"an image of two people sitting in a crowd, one is holding a book and the other is holding a"
image_6118.png,an image of a man with a surprised look on his face
image_6119.jpg,a child with an alien head looking at the camera
image_612.jpg,a person holding a kitten in their hand
image_6120.jpg,` ` ` ` ` ` ` ` ` ` ` ` ` ` ` ` ` ` ` ` ` ` ` ` ` ` ` ` ` ` ` ` ` ` ` ` ` ` ` ` ` ` ` `
image_6121.jpg,what if i said - what if i said
image_6122.jpg,a man in a white shirt and sunglasses with his hand up
image_6123.jpg,"a black and white photo with the words, ' my flow pros '"
image_6124.jpg,a man in a chef ' s uniform holding a knife
image_6125.jpg,a group of people standing in front of a painting
image_6126.jpg,y listen y listen y listen y listen y listen y listen y listen y listen y listen y listen y listen y listen y listen y listen
image_6127.jpg,a cat sitting on top of a table next to a chalk board
image_6128.jpeg,a man in a suit and tie is looking at an older man ' s face
image_6129.png,"an image of a dog in the back of a car with the capt that reads, best of 28 august"
image_613.jpg,a cat that is holding a glove in its hand
image_6130.jpg,a group of dinosaurs walking through a forest
image_6131.png,i ' m obsessed with these mes - stock image
image_6132.png,"an image of a woman holding a sword with the capt that reads, they are prepared before they ' re"
image_6133.png,"a picture of a man with long hair and a beard that says, what ' s your name? aqua"
image_6134.jpg,a cartoon drawing of a man holding a woman ' s hand
image_6135.jpg,a cartoon drawing of a man with a hat on his head
image_6136.jpg,a man in a leather jacket holding a microphone
image_6137.jpg,an image of a naked man in the middle of a room
image_6138.jpg,a group of people sitting next to each other people
image_6139.jpg,a black and white image of a person wearing a hat
image_614.jpg,a white cat sitting on top of a table
image_6140.jpg,an old man with glasses and a smile on his face
image_6141.jpg,a black and white drawing of a truck
image_6142.png,a black and white poster with an image of a person sitting at a desk
image_6143.jpg,a cat sitting on top of a pile of money
image_6144.jpg,a cartoon drawing of a person sitting at a desk
image_6145.jpg,a group of bills fans cheering in the stands
image_6146.jpg,bill rees to belt up dead daylight
image_6147.jpg,a man with a cell phone in his hand
image_6148.jpeg,a man wearing a red hat and a black shirt
image_6149.png,this is a bill on facebook
image_615.jpg,do you have a minute to talk about our lord and person
image_6150.png,a black and white image of a desk with a computer on it
image_6151.jpg,a black and white poster with an image of a person sitting at a desk
image_6152.jpg,a cartoon picture of a group of people
image_6153.jpg,a man in a blue shirt sitting at a table
image_6154.jpg,a man in a red shirt is looking at the camera
image_6155.jpg,a man in a green shirt sitting at a computer
image_6156.png,the big bang bang bang bang bang bang bang bang bang bang bang bang bang
image_6157.png,a cartoon drawing of the beatles ' s faces
image_6158.jpg,the big bang on the big bang show
image_6159.png,a woman in a white tank top standing in front of a refrigerator
image_616.jpg,a white cat sitting on top of a wooden floor
image_6160.jpg,two pictures of a white cat with its mouth open
image_6161.jpg,a kitten that is sitting on top of a table
image_6162.jpg,a cat that is sitting on the floor
image_6163.jpg,a dog laying on top of a bed
image_6164.jpg,two cats laying on top of each other cats
image_6165.jpg,a cat that is looking up at the camera
image_6166.jpg,a grey cat sitting on top of a scratching board
image_6167.jpg,a cat is jumping in front of a mirror
image_6168.jpg,a cat that is laying down on a bed
image_6169.jpg,"two pictures of a cat and a cat with the capt that says, i love you tomorrow"
image_617.jpg,a cat that is looking at the camera
image_6170.png,cat mes in 28 cat mes in 28
image_6171.jpg,a kitten playing with a toy on the floor
image_6172.jpg,a black cat wearing a suit and tie
image_6173.jpg,a cat sitting on top of a boat next to a shark
image_6174.jpg,a cat that is laying down on the floor
image_6175.jpg,the cat is grey and white
image_6176.jpg,a cat that is sitting on top of a couch
image_6177.jpg,a dog standing on top of another dog
image_6178.jpg,a cat sitting on top of a couch
image_6179.jpg,a cat with a pizza hat on it ' s head
image_618.jpg,a cat sitting on top of a wooden post
image_6180.jpg,a cat that is laying down under a blanket
image_6181.jpg,a cat that is sitting on top of a door
image_6182.jpg,a cat that is looking at the camera
image_6183.jpg,an image of a white bird with its hands up
image_6184.jpg,a white cat with blue eyes sitting on top of a laptop
image_6185.jpg,a man sitting on a couch talking on a cell phone
image_6186.jpg,a man and woman in a kitchen talking to each other people
image_6187.jpg,a picture of a woman and a man in a room
image_6188.jpg,a man sitting on a couch next to another man
image_6189.jpg,the big bang bang bang bang bang bang bang bang bang bang bang bang bang bang bang bang bang bang bang
image_619.jpg,a black and white cat sitting on top of a bed
image_6190.jpg,a picture of a man in the middle earth with a quote on it
image_6191.png,a purple background with a white polka dot pattern and a quote that reads i hate chandler
image_6192.jpg,a picture of a man wearing a cowboy hat
image_6193.jpg,a picture of a man with a knife in his hand
image_6194.jpg,a black and white photo of a man with a beard
image_6195.png,a man sitting in front of a blackboard
image_6196.jpg,a man with long hair and a black shirt is looking at the camera
image_6197.jpg,a picture of a man wearing a cowboy hat
image_6198.png,a picture of a man talking on a phone
image_6199.jpg,"chuck norris 20 years ago, death is just the courage to tell"
image_62.jpg,an image of a man holding a glove
image_620.png,two cats sitting next to each other cat
image_6200.jpg,i ' m sorry you have the wrong number no you picked up the wrong phone
image_6201.jpg,a man in a military uniform holding a knife
image_6202.jpg,a man with a beard in the middle of a movie scene
image_6203.jpg,a man in a suit and tie with a lego brick
image_6204.jpg,a picture of a man in military uniform
image_6205.png,a man holding guns in front of an american flag
image_6206.jpg,"when you ' re, you ' re, you ' re, you re, you re, you re, you re"
image_6207.jpg,two people sitting on a couch talking to each other people
image_6208.jpg,two people standing next to each other person
image_6209.jpg,"a young boy in a yellow shirt with the capt that says, when it ' s christmas morning and says"
image_621.jpg,a white and orange cat sitting on top of a couch
image_6210.png,country girls country girls country girls country girls country girls country girls country girls country girls country girls country girls country girls country girls
image_6211.jpeg,"a woman in a blue shirt with the words, it ' s so hillary right now you can ' t"
image_6212.jpg,a man in a white shirt and black hat singing into a microphone
image_6213.jpeg,a man eating food with a knife in his mouth
image_6214.jpg,a woman singing into a microphone with an american flag on it
image_6215.jpg,country music hard case for iphone 4g
image_6216.jpg,homer - look large i ' m from the black country
image_6217.jpg,when you give up love and love ' s given up
image_6218.jpg,me i hate country music me i hate country music me i hate country music me i hate country music me i hate country music me i hate
image_6219.jpg,a man in a blue shirt and black pants
image_622.jpg,i want to play on the bed but no sleeping on it
image_6220.jpg,a black and white photo of a man playing a guitar
image_6221.jpg,a painting of a group of people holding hands
image_6222.jpg,"a man in a clown mask with the capt that reads, ` there ' s country music down here"
image_6223.jpg,a man with a beard wearing a cowboy hat
image_6224.jpg,a bird that is standing in the grass
image_6225.jpeg,a dead dead dead dead dead dead dead dead dead dead dead dead dead dead dead dead dead dead dead dead
image_6226.jpeg,a col col col col col col col col col col col col col col col col col col col col
image_6227.jpg,the first time person was spider man that he was spider man for the future
image_6228.jpg,red hood - congratulationss it ' s time to come chicago
image_6229.jpg,deadpool deadpool deadpool deadpool deadpool deadpool deadpool deadpool deadpool deadpool deadpool deadpool deadpool deadpool
image_623.jpg,a cat sitting in a plastic bag on the floor
image_6230.png,dead dead dead dead dead dead dead dead dead dead dead dead dead dead dead dead dead dead dead dead dead
image_6231.jpg,deadpool deadpool deadpool deadpool deadpool deadpool deadpool deadpool
image_6232.jpg,deadpool deadpool deadpool deadpool deadpool deadpool deadpool deadpool
image_6233.jpg,a dead dead dead dead dead dead dead dead dead dead dead dead dead
image_6234.jpg,dead dead dead dead dead dead dead dead dead dead dead dead dead dead dead dead dead dead dead dead dead
image_6235.jpg,deadpool deadpool deadpool deadpool deadpool deadpool deadpool deadpool
image_6236.jpg,a man in sunglasses is sitting on a boat
image_6237.jpg,a man in a suit sitting on a couch
image_6238.png,a man in a tuxed tuxed tuxed tuxed tuxed tuxed tuxed tuxed tuxed tuxed tuxed tuxed
image_6239.png,a black and white photo of a man in a cowboy hat
image_624.jpg,a cat that is sitting on a couch
image_6240.jpg,a man in a tuxed suit holding a wine glass
image_6241.png,a white dog laying on top of a green blanket
image_6242.jpg,bad luck kid mememememememememememememememememememememememememememememememememememememememememememememememe
image_6243.jpg,an image of a man in a suit holding a trophy
image_6244.jpg,a picture of a man with a goat on his shoulder
image_6245.png,an image of a man in a white shirt and tie
image_6246.png,two men are looking at the camera and one is looking at the camera
image_6247.png,a picture of a man in a suit and tie
image_6248.jpg,a picture of an older woman with the capt that says it ' s been years
image_6249.png,leonardo diaz winning the best actor oscars 2016
image_625.jpg,a black and white cat laying on top of a bed
image_6250.jpg,leonardo dicapo should win oscars
image_6251.jpg,a man in a suit and tie looking at his phone
image_6252.png,me with me meeping lordo
image_6253.png,a man laying on the ground with a soccer ball
image_6254.png,a cartoon drawing of a man leaning on a wall
image_6255.png,a man with a beard holding a cigarette
image_6256.jpg,a man in a suit talking to another man in a suit
image_6257.jpg,a man and woman looking at each other people on twitter
image_6258.png,a man and woman standing next to each other people
image_6259.png,a man in a black t - shirt talking to a group of people
image_626.jpg,a cat that is looking at the camera
image_6260.jpg,a man and woman walking down the street
image_6261.png,a man and woman are standing in the water
image_6262.jpg,a baby in a bear hat laying on a blanket
image_6263.jpg,a baby sitting at a table next to a beer
image_6264.jpg,"a baby sitting in a high chair with the capt that reads, what are i want to go grandmas"
image_6265.jpg,a black and white photo of a baby crying
image_6266.png,a man in a plaid shirt sitting in a chair
image_6267.jpg,a man in a suit sitting on a chair with his hands up
image_6268.jpg,do i make you horny baby do i believe
image_6269.jpg,a black and white image of a man with his hands in the air
image_627.jpg,two cats sitting in a cat bed with the words thanks
image_6270.png,a man with a ring on his finger
image_6271.png,"a man in a suit sitting at a table with the capt that reads, ' i ' m gonna to"
image_6272.jpg,one hundred million dollars | one hundred million dollars | image tagged - one hundred million dollars
image_6273.jpg,a man in a suit sitting down with a cigarette in his mouth
image_6274.jpg,a woman in a red shirt is standing in front of a rainbow colored background
image_6275.jpg,two pictures of men in military uniforms walking down a hallway
image_6276.jpg,a man in a suit sitting at a table
image_6277.jpg,a black background with a white nike logo on it
image_6278.jpg,a man in glasses with the words post - feminist mes all day because women are never going to touch
image_6279.jpg,an image of a man in a purple suit and top hat
image_628.png,a black and white cat sitting on a table
image_6280.jpg,"a man in a white t - shirt with the capt that reads, when you don ' t to make"
image_6281.jpg,a comic strip strip strip strip strip strip strip strip strip strip strip strip strip strip strip strip strip strip strip
image_6282.png,a woman with pink hair and a white t - shirt with the words white feminism feminist feminist feminist feminist feminist
image_6283.jpg,a woman in a red dress sitting on a chair
image_6284.jpg,a cartoon drawing of a person jumping over a cliff
image_6285.jpg,i like my women like i like my coffee
image_6286.jpg,a person holding up a bottle of liquid
image_6287.jpg,a woman with long blonde hair is smiling and looking at the camera
image_6288.jpg,a picture of a woman with long blonde hair
image_6289.jpg,what we do what we do what we do what we do what we do what we do what we do
image_629.jpg,a white cat with an orange egg on its head
image_6290.jpg,a woman in a white tank top holding a baby
image_6291.jpg,a man sitting at an outdoor table talking on his phone
image_6292.jpg,a black and white photo of a man in a suit
image_6293.jpg,a cartoon drawing of a man with an angry look on his face
image_6294.jpeg,a col col col col col col col col col col col col col col col col col col col col
image_6295.jpg,a woman with blonde hair and a grey sweater
image_6296.png,an image of a man in a business suit pointing at the camera
image_6297.jpg,"a cartoon character sitting at a desk with the capt that reads, ' you don ' t want looking at"
image_6298.png,"a picture of a man in a helmet with the capt that reads, when you ' ret your dog"
image_6299.png,a woman standing in front of a microphone
image_63.png,an image of a man with glasses on his face
image_630.jpg,a dog sitting on top of a bed next to a cat
image_6300.jpeg,three men standing in front of a red background
image_6301.png,a woman with long hair is looking at the camera
image_6302.jpg,a picture of a girl with a quote on her face
image_6303.jpg,an image of a cartoon character holding a flower
image_6304.jpg,my mother says the way to man ' s heart is through his stomach
image_6305.jpeg,a man is walking down the street with his phone
image_6306.jpeg,"a phone screen with the text, what are you always?????"
image_6307.jpg,two minions minions minions minions minions minions minions minions minions minions minions minions minions minions minions minions minions minions
image_6308.jpg,two and a half men
image_6309.jpg,a mushroom and a mushroom sitting next to each other mushrooms
image_631.jpg,a cat sitting on top of a bed looking at the camera
image_6310.jpg,a picture of two children playing with each other children
image_6311.png,a group of people dancing on a field
image_6312.jpg,a man in a suit pointing at the camera
image_6313.jpg,a woman with long blonde hair wearing sunglasses and a black jacket
image_6314.jpg,a man in a brown shirt smoking a cigarette
image_6315.png,a woman in a red dress talking to a man
image_6316.png,i ' m glad to see a sense of humor and understanding that i ' m slightly fine
image_6317.jpg,a man with a smile on his face and the capt that reads they said anything
image_6318.jpg,a yellow car in the middle of a desert
image_6319.png,a hand holding a remote control with words on it
image_632.jpg,a cat sitting at a table with a slice of pizza
image_6320.png,a man in a red shirt talking to someone
image_6321.jpg,no one ever asked how i was doing
image_6322.jpg,a man in a red shirt with spiked spikes on his head
image_6323.jpg,a green bird sitting on top of a white wall
image_6324.png,"an image of a tweet with the capt that reads, i have information that will not be in"
image_6325.jpeg,a picture of a man in a suit sitting on a chair
image_6326.jpg,a man in a brown jacket talking on a cell phone
image_6327.jpg,a black and white photo of a woman peeking out of a door
image_6328.jpg,a man in a purple suit sitting at a table
image_6329.jpg,you are the most amazing person i love you
image_633.jpg,two pictures of a cat and a dog
image_6330.jpg,a man holding a fire in his hand
image_6331.jpg,a woman sitting on top of a couch next to a cat
image_6332.png,a black and white photo of a man playing a guitar
image_6333.png,a painting of jesus and a woman in a field
image_6334.jpg,a poster with the words ' get things to your girlfriend '
image_6335.jpg,i fucking love my girlfriend - i fucking love my girlfriend african kid
image_6336.jpg,a man sitting at a table with a cigarette in his mouth
image_6337.jpeg,a man in a suit and tie pointing at the camera
image_6338.jpg,"a woman sitting at a table with her hand on her chin, and the capt says i don ' t"
image_6339.jpg,a woman that is looking at the camera
image_634.jpg,a group of cats playing with each other cats
image_6340.jpg,two pictures of a girl and a boy with text that reads ask to send me i think i think we
image_6341.jpg,a woman in a black shirt is posing for the camera
image_6342.jpg,"a man driving in a car with the capt that reads, crazy girlfriend got arrested today was good day"
image_6343.jpg,a man laying on top of a bed next to a woman
image_6344.jpg,a little girl in a pink shirt is pointing her finger at the camera
image_6345.jpg,a man in an astronaut suit is flying above the earth
image_6346.jpg,a man sitting on a couch with his head in his hands
image_6347.jpg,a man and woman kissing at a party
image_6348.jpg,a young boy holding a pot with a plant in it
image_6349.jpg,a picture of a girl that is looking at the camera
image_635.jpg,a baby laying on a couch next to a dog
image_6350.jpg,"two people sitting at a table with text that reads, ` when you ask about the day and tells you"
image_6351.png,my girlfriend and watch every harry potter movie back to back
image_6352.png,a mememe memememememememememememememememememememememememes
image_6353.jpg,a woman sitting in front of a computer
image_6354.jpg,a woman with blood all over her face
image_6355.png,a man in a white shirt with a microphone next to him
image_6356.png,a man holding a cat in his arms
image_6357.jpg,a man in a suit and tie standing in front of a building
image_6358.jpg,a picture of a man in a suit and tie
image_6359.png,"a picture of a soccer player with the capt that reads, how do you want to play?"
image_636.jpg,a cat with a mouse in its mouth
image_6360.jpg,a man is kissing a woman in the kitchen
image_6361.png,the many faces of a man in a suit
image_6362.jpg,"a picture of a man in a suit and tie with the capt that reads, what ' s this about"
image_6363.jpg,a man in a suit smoking a cigarette
image_6364.jpeg,a man in a suit and tie is looking at the camera
image_6365.jpg,a baby in a tuxed tuxed tuxed tuxed tuxed tuxed tuxed tuxed tuxed tuxed tuxed tuxed
image_6366.jpg,a baby sitting on the ground
image_6367.jpg,"a man in a black shirt with a quote on it that reads, ' mom said you guys have to"
image_6368.png,two men in suits with a quote on them
image_6369.png,a man in a tuxed tuxed tuxed tuxed tuxed tuxed
image_637.png,a cat that is laying down on the floor
image_6370.png,a man with a sign that says to me you are perfect
image_6371.png,thor thor thor thor thor thor thor thor thor thor thor thor thor thor thor thor thor thor thor thor thor
image_6372.jpg,a man in a fur coat holding a microphone
image_6373.png,a man in a black suit and white shirt
image_6374.jpg,a woman with red hair and blue eyes holding a bird
image_6375.jpg,game of thrones is listed as one of the best tv shows of all time game of thrones is listed as one of the best tv
image_6376.png,the guy she told you not to worry about you
image_6377.jpg,a man laying on top of a bed next to a pillow
image_6378.jpg,a man in a hat with a quote on it
image_6379.jpg,an image of a man with a beard and mustache
image_638.jpg,a group of dogs sitting on top of a couch
image_6380.jpeg,a man sitting at a table holding a piece of paper
image_6381.png,"game of thrones, game of thrones, game of thrones, game of thrones, game"
image_6382.jpg,"game of thrones, game of thrones memes, game of thrones memes"
image_6383.jpg,game of thrones is listed as the best game of thrones game of thrones is listed as the best game of thrones game of thrones is listed as the thrones is listed as the best game of thrones game of thrones is
image_6384.jpg,game of thrones game of thrones game of thrones
image_6385.jpg,a woman with long blonde hair and pink lipstick
image_6386.png,game of thrones memee with an extra
image_6387.png,a picture of a man in armor with text that says i heard the party debate let
image_6388.png,a tank that is sitting in the dirt
image_6389.jpg,a woman sitting at a table next to a man
image_639.jpg,a cat and a cat wearing party hats
image_6390.jpg,a woman riding a horse with a quote on it
image_6391.jpg,"a woman with her mouth open and the capt that reads, when you show your exs me"
image_6392.jpeg,a col col col col col col col col col col col col col col col
image_6393.png,pope mememememememememememememememememememememememememememememememememememememememememememememememememe
image_6394.jpg,"a man wearing a hat with the capt that reads, ' day he raised to the kee sam brother"
image_6395.png,a woman in a fur coat sitting on a swing
image_6396.png,the day you knew job the day u out
image_6397.png,a col col col col col col col col col col col col col col col col col col col col col col col col col col col col col col
image_6398.jpg,a woman standing in front of a table with candles
image_6399.jpg,a man wearing a red hat with the words ' we ' re all around the wilds they ' re
image_64.jpg,a black and white photo of a man with headphones
image_640.jpg,a cat sitting on top of a birthday cake
image_6400.jpg,"game of thrones, game of thrones memes"
image_6401.jpg,a little girl with a pink bow on her head
image_6402.jpg,make harry potter memes none of them are funny - make harry potter memes none of them are funny
image_6403.jpg,harry potter and the potter potter potter potter potter potter potter potter potter potter potter potter potter potter potter potter
image_6404.jpg,an image of a person holding a gun in front of a building
image_6405.jpg,a young girl with her hand up in the air
image_6406.png,an image of a man with long hair and a beard
image_6407.jpg,a group of young boys sitting at a table
image_6408.jpg,a man in a suit and tie with a smile on his face
image_6409.jpg,a man in a black robe standing next to a woman in a red dress
image_641.jpg,a cat that is sitting on top of a rock
image_6410.png,harry and hermik in harry ' s house
image_6411.jpg,a man with glasses is yelling at another man with glasses
image_6412.png,two boys standing next to each other boy
image_6413.jpg,harry and hermik in harry ' s classroom
image_6414.jpg,an image of a cartoon character and a picture of a cartoon character
image_6415.jpg,harry potter potter potter potter potter potter potter potter potter potter potter potter potter
image_6416.jpg,` ` ` ` ` ` ` ` ` ` ` ` ` ` ` ` ` ` ` ` ` ` ` ` ` ` ` ` ` ` ` ` ` ` ` ` ` ` ` `
image_6417.jpg,no one back don ' t go to the twilight
image_6418.jpg,an image of a man with his arms outstretched
image_6419.jpeg,several pictures of people sitting around a table
image_642.jpg,a cat that is laying down on the floor
image_6420.jpg,a picture of a man with long hair and a capt that says i accept that was my mistake please don
image_6421.jpg,two pictures of a man in a suit and tie
image_6422.jpeg,harry potter harry potter potter potter potter potter potter potter potter potter potter potter potter potter potter potter potter potter potter
image_6423.jpeg,a group of people standing next to each other people
image_6424.jpg,the three men are smiling and posing for the camera
image_6425.jpg,an image of a man with a long beard and a long beard in the middle of the image is a
image_6426.png,a man in a suit and tie standing on a stage
image_6427.jpg,a man sitting in a chair holding up a piece of paper
image_6428.png,a man in a leather jacket talking to another
image_6429.jpg,an old man with a big smile on his face
image_643.jpg,a dog and a cat playing in the grass
image_6430.jpg,an image of a man with a mustache and mustache
image_6431.png,a man in a suit and tie speaking into a microphone
image_6432.jpg,a man in a white suit holding a microphone
image_6433.jpg,text when your friends are roasting you having a lot of you remember that gotta pay more to get drunks you
image_6434.jpg,a man in a suit sitting at a desk
image_6435.jpg,a man holding a baby in his arms
image_6436.png,an older man and woman are laughing at each other people
image_6437.jpg,a picture of a man in the middle of the earth
image_6438.jpg,a white coffee mug with the words happy friday it ' s monday
image_6439.png,an image of a man in a suit and tie holding a card
image_644.png,a cat that is sitting in front of a fire
image_6440.jpg,a picture of jesus handing a bowl to a man in a crowd
image_6441.jpg,steve harvey without the mask
image_6442.png,you had one job
image_6443.jpg,a man with a mustache that says happy friday wat sorry it ' s monday
image_6444.jpg,an image of a man in a suit and tie
image_6445.jpg,a man in a tuxed tuxed tuxed tuxed tuxed tuxed tuxed tuxed tuxed tuxed tuxed tuxed
image_6446.jpg,a girl with a cat on her shoulder
image_6447.jpg,joker and the jokers are reading books together
image_6448.jpg,a man in a suit and tie is laughing
image_6449.jpg,i ' m saying that when it ' s not legal - i ' m saying that when it ' s not legal hillary
image_645.jpg,a black and white kitten sitting on top of a table
image_6450.jpeg,"a picture of hillary sanders with the words, she ' s dirty but idiots and people will vote her"
image_6451.jpg,a woman wearing a red hat and glasses
image_6452.jpg,a man in a sombre with a mexican hat
image_6453.jpg,a man in a suit and tie laughing at the camera
image_6454.jpg,a woman with blonde hair and blue eyes on the cover of a magazine
image_6455.jpg,a col col col col col col col col col col col col col col col col col col col col col col col
image_6456.jpg,"two pictures of donald and hillary, one with the same face"
image_6457.png,hillary mememememememememememememememememememememememememememememememememememememememememememememememememe
image_6458.jpg,hillary mememememememememememememememememememememememememememememememememememememememememememememememememe
image_6459.jpg,"a woman laying in a hospital bed with the capt that reads, ' my new health care plan '"
image_646.jpg,a cat that is laying down on the floor
image_6460.png,"a man in a suit and tie, with the capt that reads if had a brick for every hillary told"
image_6461.jpg,a man in a suit pointing at the camera
image_6462.jpg,a picture of donald and hillary
image_6463.png,is finally get a final presidential name it ' s hillary - is finally finally get a final presidential name it ' s hillary bad luck kid
image_6464.png,"hillary, hillary, and hillary when there ' s no ceilings the sky ' s the limit"
image_6465.jpg,i ' ll goe say the question most asked the search is
image_6466.jpg,a man in a suit and tie is pointing at the camera
image_6467.jpg,a man in a military uniform sitting at a desk
image_6468.jpg,a black and white photo of a man with a gun
image_6469.jpeg,a black and white photo of a man in uniform pointing at a crowd
image_647.png,two pictures of a cat playing with a fish
image_6470.jpeg,a black and white photo of a man with a mustache
image_6471.jpg,a black and white photo of a man in military uniform
image_6472.JPG,a man in a suit holding up a card
image_6473.jpg,a black and white photo of three men with mustaches
image_6474.jpg,a black and white photo of a man in front of a crowd
image_6475.jpg,a black and white photo of a man holding a cell
image_6476.jpg,` ` ` ` ` ` ` ` ` ` ` ` ` ` ` ` ` ` ` ` ` ` ` ` ` ` ` ` ` ` ` ` ` ` ` ` ` ` ` `
image_6477.jpg,a black and white photo of a man in a silver jacket
image_6478.jpg,a group of men sitting in a car
image_6479.jpg,a black and white photo of a man in uniform
image_648.jpg,a cat laying on top of a couch
image_6480.jpg,a black and white photo of people in an old car
image_6481.jpg,a man standing next to a group of anime characters
image_6482.jpg,a group of men in uniform talking to each other men
image_6483.png,a man with headphones smoking a cigarette
image_6484.jpg,a black and white photo of a man in a suit and tie
image_6485.jpg,a black and white photo of a man in uniform pointing at something
image_6486.png,an image of a cartoon character holding a hamburger in his hand
image_6487.png,"an image of a man in a suit sitting on a chair with the capt that reads, ' the model"
image_6488.png,a man in a suit and bow tie standing next to another man in a suit
image_6489.png,"two pictures of a person with the capt that reads, when you ' reated because of hit by a"
image_649.png,an image of a person jumping in the air
image_6490.png,a poster with a picture of a man in a suit and tie
image_6491.jpg,a man wearing sunglasses and a black suit
image_6492.jpg,a man with his mouth open and the capt says stop changing your profile
image_6493.jpg,a man sitting at a table in front of a computer
image_6494.png,a black and white photo of a man with a quote on it
image_6495.jpg,a man and woman are smiling for the camera
image_6496.jpg,i ' m looking at a single player in an clear pair of shots
image_6497.png,an image of a man in a suit and tie
image_6498.png,an image of a man with a green mask on his face
image_6499.png,which guy are you today?
image_65.jpg,a screenshot of captain america and the avengers
image_650.jpg,a dog laying on top of a couch next to a cat
image_6500.jpeg,two pictures of the joker and the joker
image_6501.jpg,the joker and the joker are you serious?????
image_6502.jpg,it ' s christmas why so serious - it ' s christmas why so serious joker
image_6503.jpeg,person it ' s not fun anymoree where are the real candidates?
image_6504.jpg,a man in a suit sitting in a chair with a green hair
image_6505.jpeg,a picture of a man with a mustache and a balloon
image_6506.jpg,the joker meme can ' t nobody it ' s everybody
image_6507.jpg,a group of people dressed up as superheros
image_6508.jpg,a woman with a microphone and a picture of the joker
image_6509.png,a picture of a storm trooper and a storm trooper
image_651.jpg,a black and white cat sitting on a table
image_6510.jpg,the joker meme memememememememememememememememememememememememememememememememememememememememememememememe
image_6511.png,a man and woman sitting at a table with food in front of them
image_6512.jpg,a man in a suit with a smile on his face
image_6513.png,the joker just called he wants his back
image_6514.png,you wake up as the joker whats the first thing you do?
image_6515.jpg,the face of a man in a red shirt and green hat
image_6516.jpg,an image of a man with spiked hair
image_6517.jpg,a group of men standing around a bed in a room
image_6518.jpeg,the world is really run by person
image_6519.jpg,two men are looking at something on a table
image_652.jpg,a couple of cats standing next to each other cats
image_6520.png,a man in military uniform standing next to another man in uniform
image_6521.png,respect respect respect respect respect respect respect respect respect respect respect respect respect respect
image_6522.jpg,a group of men in military uniforms looking at a computer
image_6523.png,a picture of a woman in a police uniform
image_6524.png,kim jong kim jong kim jong kim jong kim jong kim jong kim jong kim jong kim jong kim jong kim
image_6525.png,two young men are standing in front of a football field
image_6526.jpg,a picture of a man in a suit and tie
image_6527.png,one does simply - one does simply one does simply one does simply
image_6528.png,a poster with a picture of a man in a suit and tie
image_6529.jpg,a man in a black shirt talking on a cell
image_653.jpg,a cat sitting on top of a wooden chair
image_6530.jpg,a man sitting at a table with his hand on his face
image_6531.jpg,"a baby sitting on the beach with a capt that reads, i ' m going to please a scrf"
image_6532.jpg,a man sitting at a table with a bottle of beer
image_6533.png,an image of a woman with a cigarette in her mouth
image_6534.jpg,a man in a leather jacket holding a gun
image_6535.jpg,a man in a black shirt talking on a cell
image_6536.png,an image of a man in a white shirt and tie
image_6537.jpg,a young man wearing a striped shirt with the words gays no fashion
image_6538.png,a picture of two people talking to each other person
image_6539.jpeg,"an image of a woman singing into a microphone with the capt that says, ` ` ` ` ` ` ` ` ` ` ` ` ` ` ` ` ` ` ` ` ` ` ` ` ` ` ` ` ` ` ` ` ` ` `"
image_654.jpg,a cat standing next to a vase with flowers in it
image_6540.png,"a black and white photo with a quote that reads, ' i ' m ' n ' n ' n"
image_6541.png,a man in a suit and sunglasses is being escorted by two men
image_6542.jpg,a man sitting at a table with his hand on his face
image_6543.png,a man and a woman standing next to each other people
image_6544.jpg,a man in a suit and tie standing on a red carpet
image_6545.png,an image of a man talking on the phone
image_6546.png,a woman in a white dress and a man in a black suit sitting at a table
image_6547.png,"an image of a man ' s face with the words, when someone says i ' m ' m '"
image_6548.jpg,"an image of a man in a suit and tie with the capt that reads, i was asked to my"
image_6549.jpg,"a poster with the capt that reads, ' why doesn to me, why why why why why why why"
image_655.jpg,a cat that is looking at the camera
image_6550.jpg,the walking dead meme
image_6551.jpg,four different pictures of people eating and drinking
image_6552.png,"an image of a child looking at a glass with the capt that says, ` ` ` ` ` ` ` ` ` ` ` ` ` ` ` ` ` ` ` ` ` ` ` ` ` ` ` ` ` ` ` ` ` ` `"
image_6553.jpg,person drinking game take a big every the river does this
image_6554.jpg,an image of a cartoon character laying on the ground
image_6555.jpg,a man sitting in front of a camera and holding a book
image_6556.jpg,a man is walking next to a lizard
image_6557.jpg,mark zuberg ' s delivering busy trombonee if you ' re - mark zuberg ' s delivering busy trombonee if you ' re -
image_6558.jpg,a group of men in hard hats talking to each other men
image_6559.png,an image of a man with a smile on his face
image_656.jpg,a cat that is sitting on top of a shelf
image_6560.png,a man sitting at a desk with a laptop
image_6561.jpg,an image of a group of people that are laughing
image_6562.png,a man with a smile on his face
image_6563.jpg,a man in a suit and tie sitting at a desk
image_6564.png,two women are sitting on a couch and one is holding a cigarette
image_6565.png,a man with a tooth in his mouth
image_6566.png,a man in a suit and tie sitting at a table
image_6567.jpg,you ' re - time fuck punk time
image_6568.jpg,a man in a suit talking to another man in a suit
image_6569.jpg,a man in a leather jacket talking on a phone
image_657.jpg,a man holding a cat in his arms
image_6570.jpg,an image of a man in a suit and tie
image_6571.jpg,gan gan gan gan gan gan gan gan gan gan gan gan gan gan gan gan
image_6572.png,two men wearing glasses and capes standing next to each other man
image_6573.jpg,"an image of a woman with long hair and a man with long hair, both looking at the camera and"
image_6574.jpg,this guy never out of arn
image_6575.jpg,a man in a space suit with a helmet on his head
image_6576.jpg,a woman in an orange jacket is making a funny face
image_6577.jpg,a man in a fur coat holding a sword
image_6578.jpg,"the many faces of peter, peter, peter and peter"
image_6579.jpg,a tv screen with a picture of a man on it
image_658.jpg,a cat sitting on top of a wooden fence
image_6580.jpg,a cat sitting in front of a window reading a newspaper
image_6581.jpg,an image of the lord from the lord ' s house
image_6582.jpg,an image of an old man with a long white beard and glasses
image_6583.jpg,"a sign that reads, wouldny walk into mor for you"
image_6584.jpg,"an image of a man in a suit and hat with the capt that reads, ' i ' m '"
image_6585.jpg,an old man with long white hair and a beard
image_6586.jpg,a man with long hair and beards holding a knife in front of his face
image_6587.jpg,lord of the wings
image_6588.jpg,a group of people standing around a table
image_6589.jpg,"an image of a minion with the capt that says, i don ' t"
image_659.jpg,a cat with a no sign on it ' s face
image_6590.jpg,a minion with headphones sitting on top of it
image_6591.jpg,a minion holding a piece of paper with the capt that says everything is everything
image_6592.jpg,a minion with a quote on it that says i would be right but i hate losing
image_6593.png,des des des des des des des des des des des des des des des des des des des des des
image_6594.jpg,a minion holding a banana with the words who i love?
image_6595.jpg,a minion with a quote that says sorry to my sister
image_6596.jpg,a minion standing in front of a yellow background
image_6597.jpg,a cartoon minion with a tie and glasses
image_6598.jpeg,"a minion with a quote on it that says, ' my daughter is a minion, so i"
image_6599.jpg,a picture of a minion with a quote on it
image_66.jpg,a man in a captain costume is looking at the camera
image_660.jpg,a cat that is sitting in the grass
image_6600.jpg,two minions minions minions minions minions minions minions minions minions minions
image_6601.jpg,a minion with a quote on it that says people are unrated
image_6602.jpg,des des des des des des des des des des des des des des des des des des des des des
image_6603.png,"two minions minions the minion minions, transparent transparent transparent transparent transparent transparent transparent transparent transparent transparent transparent transparent transparent"
image_6604.jpg,a minion minion minion minion minion minion minion minion minion minion
image_6605.jpg,"three minions minions minions, minions memes, minions memes, minions memes, minions memes,"
image_6606.jpg,a couple of minions sitting on top of each other minions
image_6607.jpg,a minion holding a glass of beer
image_6608.jpg,"a minion with a purple hair and text that reads, behind every successful person is a substantial amount of"
image_6609.jpg,a minion with a quote on it
image_661.jpg,a white cat sitting on top of a wooden chair
image_6610.jpg,a minion with a quote on it that says i have to my mind
image_6611.jpg,a small yellow and blue minion with the words come baby blow up
image_6612.jpg,"you don ' t have to like me, i ' m ' m ' a facebook status"
image_6613.jpg,"a minion with the words work, really again, didn ' t do that yesterday?"
image_6614.jpg,a minion holding an umbrella with a quote on it
image_6615.jpg,a minion with a quote on it that says he ' s to her
image_6616.jpg,a picture of a minion with a quote on it
image_6617.jpg,a minion with a quote that says it was a bird i know who i would sit
image_6618.jpg,a minion with a quote on it that says people are so fluffy they should have their hands instead
image_6619.jpg,a minion with a quote on it
image_662.jpg,a woman holding a cat in her arms
image_6620.jpg,a minion with the words ' i tried to normal worst minutes of life '
image_6621.jpg,a minion with a quote on it
image_6622.jpg,des des des des des des des des des des des des des des des des des des des des des
image_6623.png,an image of a man in a cowboy hat
image_6624.jpg,a man in a suit sitting at a desk with his hands up
image_6625.jpg,a woman sitting on a bench in a gym
image_6626.jpg,a woman in a blue suit speaking into a microphone
image_6627.jpg,a little girl sitting in the back seat of a car
image_6628.jpeg,a girl pointing at the camera with text that says i ' m in the lord of things? total harry
image_6629.jpg,a man in a black shirt and sunglasses on a stage
image_663.jpg,hands up if you love fridays
image_6630.jpg,a woman sitting on top of a couch
image_6631.jpg,an image of an old man with a long white beard
image_6632.jpg,an image of a man in a suit and tie
image_6633.png,"a cartoon character standing in the snow with a capt that says, you ' re from america or australia you"
image_6634.jpg,a woman ' s face before and after her hair transplant
image_6635.png,an image of a man in a red shirt with the words ' not dead '
image_6636.jpg,you won ' t regret that extra push
image_6637.jpg,two pictures of a man and woman in a kitchen
image_6638.png,a girl sitting on the floor with her hand over her face
image_6639.png,"a black and white poster with the words i am not religion, i am am am am am am am"
image_664.jpg,the cat is wearing a sweater
image_6640.jpg,a kid with a capt that says i don ' t - a picture of a kid with a capt that
image_6641.jpg,a man in a suit and tie sitting in a chair
image_6642.jpg,a girl that is standing in front of a rainbow
image_6643.jpg,a dog that is looking at the camera
image_6644.jpg,a man with glasses and a mustache pointing at the camera
image_6645.jpg,"two men sitting in a crowd, one is laughing and the other is laughing"
image_6646.png,a man in a white shirt and sunglasses smoking a cigarette
image_6647.jpg,happy valentine day
image_6648.png,two men sitting at a table with the capt in front of them
image_6649.jpg,a man and woman talking to each other people
image_665.jpg,a cat that is laying down on the ground
image_6650.jpg,a man sitting at a table with a microphone in front of him
image_6651.png,a poster with the image of pm naji
image_6652.jpg,what if i said | what if i said | image tagged | image tagged | tagged | by @ @ @ @ @ @ @ @ @
image_6653.jpg,an image of a man with a beard and glasses
image_6654.jpg,an image of a man sitting in a chair
image_6655.png,a kid with a lightning in the background
image_6656.jpg,"two pictures of a boy and a girl, one is smiling and the other is laughing"
image_6657.png,bad bad bad bad bad bad bad bad bad bad bad bad bad bad bad bad bad bad bad bad bad
image_6658.png,a man pointing his finger at the camera
image_6659.png,a man sitting at a table with a bottle of beer
image_666.jpg,a cat standing on its hinds in front of a door
image_6660.jpg,a man standing in a doorway with a hat on
image_6661.jpg,a boy sitting at a table with a laptop
image_6662.png,an image of a man and woman in roman costumes
image_6663.jpg,a man sitting on a couch with a laptop
image_6664.jpg,a pie pie pie pie pie pie pie pie pie pie
image_6665.png,"a minion holding a cup of coffee with the capt that says i am not coffee, i ' m"
image_6666.jpg,a man with long hair and a beard
image_6667.jpeg,"an image of a kid with a capt that says, ' finally i ' m ' in the dictionary"
image_6668.jpg,a girl with long hair smiling and looking at the camera
image_6669.jpg,a bunch of birds sitting on top of a boat
image_667.jpg,a cat with its mouth open and tongue out
image_6670.jpg,"a blue fish in the ocean with a capt that reads, ` i should ' t i should ' t"
image_6671.jpeg,a picture of a fish swimming in the ocean
image_6672.jpg,a turtle that is swimming in the ocean
image_6673.jpg,a woman standing next to a large fish
image_6674.jpg,finding dory dory dory dory dory dory dory dory dory dory
image_6675.jpg,finding finding finding finding finding finding finding finding finding finding finding finding finding finding finding finding
image_6676.png,a man in a suit talking on a phone
image_6677.png,a picture of a man in a suit and tie
image_6678.jpg,a man wearing a hat with the words promise change
image_6679.jpg,a man in a tuxed tuxed tuxed tuxed
image_668.jpg,a cat laying down on the ground next to another cat
image_6680.png,a col of photos of president obama and vice bid
image_6681.jpg,a man with a smile on his face
image_6682.jpg,a man looking out of a window at a baby
image_6683.jpg,a woman in a dress and a man in a suit
image_6684.jpg,a woman sitting in front of a microphone talking on the phone
image_6685.jpg,a man in a suit and tie standing next to an american flag
image_6686.jpg,a man in a suit and tie standing next to a woman
image_6687.png,a man sitting in front of an open refrigerator
image_6688.jpg,a man standing in front of an american flag
image_6689.jpg,two men in suits
image_669.jpg,a white cat and a brown and white dog
image_6690.png,a man in a suit and tie pointing at the camera
image_6691.png,michelle michelle michelle michelle michelle michelle michelle michelle michelle michelle michelle michelle michelle
image_6692.jpg,a man in a suit and sunglasses sitting at a desk next to a woman in a suit
image_6693.jpg,a man in a black shirt and hat holding a cigarette
image_6694.jpg,a man in a white shirt and tie holding a cigarette
image_6695.jpg,a polar bear that is laying down in the snow
image_6696.jpg,a picture of a penguin on a white background
image_6697.jpg,make a penguin meme wrong penguin
image_6698.png,"an image of a cartoon character with the capt that reads, ' climate change could be as fast as it"
image_6699.jpg,homer homer homer homer homer homer homer homer homer homer homer homer homer homer homer homer homer homer homer homer homer homer homer homer homer homer homer homer homer homer homer homer homer homer homer homer homer homer homer
image_67.jpg,person and iron man in the avengers movie
image_670.jpg,i will dominate the world after my nap
image_6700.png,a cartoon penguin with a capt that reads when you don ' t know you ' re
image_6701.jpg,a penguin standing in front of a spiral background
image_6702.jpg,"a penguin with two different colors, one is black and the other is white"
image_6703.png,the two people who i like my penguin me
image_6704.png,a bear that is sitting on top of a log
image_6705.png,a group of penguins standing on top of a beach
image_6706.jpg,an image of a video game with a person in the background
image_6707.jpg,i ' m in that deep water
image_6708.png,socially socially socially socially socially socially socially socially socially socially socially
image_6709.png,"an image of a cartoon character with the capt that says, when you ' ret, you ' re"
image_671.png,a cat laying on top of a couch
image_6710.jpeg,"a cartoon frog sleeping in bed with the capt that reads, when you ' reting, you ' re"
image_6711.jpeg,a sesame sesame sesame sesame sesame sesame sesame sesame sesame sesame sesame sesame sesame sesame sesame sesame sesame sesame
image_6712.jpg,a cartoon picture of a frog holding a cd
image_6713.jpg,"a cartoon picture of a frog crying with the capt that reads, they always say weird but they ' re"
image_6714.png,pep pep pep pep pep pep pep pep pep pep pep pep pep pep pep pep pep pep pep pep pep
image_6715.png,a cartoon frog with a blue shirt and red shoes
image_6716.png,"a picture of an angry frog with the capt that says, i don ' t"
image_6717.jpg,pep the frog - pep the frog
image_6718.png,"me, me, and meme mememememememememememememe memememememememememememememememememememememememememememememe"
image_6719.png,a drawing of a cartoon character with the words poo can ' t
image_672.jpg,two black cats sitting on the floor next to each other cats
image_6720.png,an image of a frog reading a book
image_6721.jpg,a cartoon picture of a teenage teenage teenage teenage teenage teenage teenage teenage teenage teenage teenage teenage teenage teenage teenage teenage
image_6722.jpg,a man sitting in a chair with his hands on his face
image_6723.jpg,a man sitting in a chair with his hands on his face
image_6724.jpg,person don ' t wish for a happy birthday
image_6725.jpg,a young boy pointing a gun at the camera
image_6726.jpg,a man in a red shirt is pointing his finger at the camera
image_6727.jpg,a man in a red shirt sitting on a chair
image_6728.jpg,a woman pointing at a man who he has like that zombie apocalypse
image_6729.png,captain picard picking apples in orchard
image_673.png,a person holding a small kitten in their hand
image_6730.jpg,a picture of a man in a red suit sitting on a chair
image_6731.jpg,a man in a red shirt pointing at the camera
image_6732.jpg,a picture of a man in a graduation cap and gown
image_6733.jpg,a man in a red shirt pointing at the camera with a capt that says why why why why why why
image_6734.jpg,an image of a man in a red uniform
image_6735.png,the man is wearing a santa hat
image_6736.jpg,a man in a red shirt pointing his finger at the camera
image_6737.jpeg,a col of obama and other presidents
image_6738.jpg,a man holding a rifle in the grass
image_6739.jpeg,an image of a man in a bowl of chocolate
image_674.jpg,a black cat sitting on top of a bed
image_6740.jpg,a man in a suit and tie with sunglasses on his head
image_6741.jpg,a man in a suit and tie is looking at the camera
image_6742.jpg,a man sitting at a table in front of a russian flag
image_6743.png,a man in a suit pointing a finger at the camera
image_6744.png,"right to bear arms? i love russia, we have right to bear arms"
image_6745.jpg,a picture of a man in a suit and tie
image_6746.jpg,a man in a suit looking at another man in a suit
image_6747.png,"an image of a woman in a red dress and a man in a military uniform, with the words intelligence"
image_6748.png,a man in a boat looking out the window
image_6749.png,a man in a suit and tie sitting at a desk
image_675.jpg,a gray cat with green eyes
image_6750.jpg,"a picture of a man in a suit and tie with the capt that reads, look at the countries used"
image_6751.jpg,a man in a suit and sunglasses is holding his glasses
image_6752.jpg,a group of people standing next to each other people
image_6753.png,"a picture of a man in a suit and tie, with the capt that reads russia wants to be a"
image_6754.jpg,a man riding on the back of a brown horse
image_6755.jpg,a cat wearing a suit and bow tie
image_6756.jpg,a man in a military uniform is talking to someone
image_6757.png,a soldier with a gun in his hand
image_6758.png,an old woman with glasses saying black man asks for directions
image_6759.jpg,a picture of an old man with the capt that says damn is the day the only color thing they have
image_676.jpg,a cat that is sitting on top of a table
image_6760.jpg,a group of kids playing in the dirt
image_6761.jpg,a woman sitting at a table next to a sign
image_6762.jpg,three people standing in a line with the words ' there is no love here '
image_6763.jpeg,a woman holding a football ball in her hand
image_6764.jpg,an older woman sitting in a chair with a quote on it
image_6765.jpg,a man sitting in a train looking at his phone
image_6766.png,a black man in a suit and tie
image_6767.png,two women standing at a podium with the capt that says trump is racist it ' s racist and only wants
image_6768.jpg,a man wearing a straw hat and looking at the camera
image_6769.png,"a woman with glasses and a red background text reads, memes don ' t to critic the president"
image_677.jpg,a cat that is sitting on top of a box
image_6770.jpg,a man sitting at a table with a microphone in front of him
image_6771.jpg,"a man in a suit and tie with the capt that says, ` ' you can ' t be serious"
image_6772.jpg,a man sitting at a table with a microphone in front of him
image_6773.jpg,a picture of a man with a beard and glasses
image_6774.jpg,a man in a white shirt holding a microphone with the words happy birthday person
image_6775.png,two men sitting in chairs talking to each other people
image_6776.jpg,when life gives you lemons
image_6777.png,a person sitting at a desk with a laptop
image_6778.jpg,two people sitting on a stage talking to each other people
image_6779.png,a picture of a man in a suit and tie
image_678.jpg,a black and white cat sitting on the floor
image_6780.jpg,"the faces of president trump, kim jong, and kim jong"
image_6781.jpg,a stuffed animal sitting on top of a couch
image_6782.jpg,two pictures of donald and hillary on the same page
image_6783.jpg,a woman in a red dress is surrounded by a crowd
image_6784.jpg,a man in a suit and tie pointing at the camera
image_6785.jpg,"a picture of a person in a suit and tie with the capt that says, ` ` ` ` ` ` ` ` ` ` ` ` ` ` ` ` ` ` ` ` ` ` ` ` ` ` ` ` ` ` ` ` ` `"
image_6786.jpg,a man in a suit and tie with the words orange is the new black
image_6787.jpg,a woman in a suit and tie is yelling at the president
image_6788.jpg,a man in a suit and tie sitting on a chair
image_6789.jpg,happy birthday mememe | happy birthday sweetheart | image tagged - happy birthday | image tagged
image_679.jpg,a white cat laying on top of a tread tread
image_6790.jpg,happy birthday memememememememememememememememememememememememememememememememememememememememememememememememe
image_6791.jpg,a man in a suit talking on a cell phone
image_6792.jpg,a man and woman walking in the rain with an umbrella
image_6793.jpg,a man in a suit and tie walking down the street
image_6794.jpg,a man in a suit and tie sitting at a table
image_6795.jpg,a man in a suit and tie smiles at the camera
image_6796.jpg,a col col col col col col col col col col col col col col col col col col col col col col col col col col col col col col col col col col col col col col col col col col col col col col col col col
image_6797.jpg,"two pictures of donald and hillary, one is pointing at the other one"
image_6798.jpg,a man in a suit standing in front of a desk
image_6799.jpg,a baby in a green shirt and white shirt with the words that tail guy
image_68.jpg,a group of people sitting around a table
image_680.jpg,a cat sitting in front of an explosion
image_6800.png,"a quote that says, the child from the success is money"
image_6801.jpg,an old man in a red shirt pointing at the camera
image_6802.jpg,a wolf with its mouth open in the dark
image_6803.png,two pictures of a man and a baby
image_6804.jpg,a man with long hair and a white shirt
image_6805.jpg,a ra ra ra ra ra ra ra ra ra ra ra ra ra ra ra ra ra ra ra ra
image_6806.jpg,a white background with a black and white image of a man in a suit and tie
image_6807.jpg,a man in a military uniform is standing on the street
image_6808.jpg,an older woman sitting in a chair drinking from a cup
image_6809.jpg,a man sitting in a chair with his hands on his face
image_681.jpg,a couple of kittens sitting on top of a bed
image_6810.jpeg,a man sitting at a desk in front of a computer
image_6811.jpg,chuck norris - chuck norris virus antid
image_6812.jpg,a woman smoking a cigarette in front of a man
image_6813.jpg,a man with a beard sitting on a bench next to another man with a beard
image_6814.jpg,a woman sitting on a couch holding a cat
image_6815.jpg,two pictures of people standing in front of a car
image_6816.png,apple card the new mac
image_6817.jpg,a black and white photo of a cat with its mouth open
image_6818.jpg,a man in a suit sitting at a table with a beer
image_6819.jpg,a man with dread hair and a smile on his face
image_682.jpeg,a black cat sitting on top of a white shoe
image_6820.jpg,an image of a man with glasses and a quote on it
image_6821.jpg,a man sitting on a bench next to a little boy
image_6822.png,an old man in a hat and glasses holding a cell
image_6823.jpg,a man sitting at a desk in front of a computer
image_6824.jpeg,"not sure, not sure, not sure, not sure"
image_6825.jpg,a bear that is sitting on top of a log
image_6826.png,the number of people who refuse to golf their question is to damn high person
image_6827.jpg,a man in a red shirt is talking to another man
image_6828.jpg,a woman in a red dress is holding a microphone
image_6829.jpg,a baby sitting at a table with a glass of beer
image_683.jpeg,a cat that is looking up at the camera
image_6830.png,a picture of an old lady in a classroom
image_6831.jpeg,a man sitting at a table with a card in his hand
image_6832.png,skeptical kid - so you mean to tell me whoever is a game your country?
image_6833.jpg,a girl talking to a boy in front of her
image_6834.jpg,a group of gorillas running across a dirt field
image_6835.jpg,a woman sitting next to a little boy
image_6836.png,a kid holding a gun with the words go ahead me all your first world problems
image_6837.jpg,a group of young boys playing soccer in the dirt
image_6838.jpg,star wars the rise of skywalker star wars the rise of skywalker star wars the rise of skywalker
image_6839.png,a woman ' s heart is deep ocean secrets
image_684.jpg,a cat that is sitting on top of a bed
image_6840.png,a picture of a man with an iceberg on his face
image_6841.png,"a man in a blue shirt with the capt that says, i want to watch titanic"
image_6842.png,a man sitting in a chair talking to someone
image_6843.jpg,"game of thrones, game of thrones memes"
image_6844.jpg,a storm trooper standing in front of a computer
image_6845.jpg,a man holding an iphone in his hand
image_6846.jpg,a man with glasses and a quote on his face
image_6847.png,be yourself be yourself be yourself be yourself be yourself be yourself be yourself be yourself be yourself be yourself
image_6848.jpg,a man in a suit and tie smiles at the camera
image_6849.jpg,a man in a suit and tie is looking at the camera
image_685.jpg,the ultimate guide to the ultimate cat mes
image_6850.jpg,a man in a white shirt standing next to a man in a blue shirt
image_6851.jpg,a black and white photo of a man with glasses
image_6852.jpg,a large animal laying on the ground next to a person
image_6853.jpeg,a couple of sea lions sitting on top of a rock with the capt that says ` ` ` ` ` ` ` ` ` ` ` ` ` ` ` ` ` ` ` ` ` ` ` ` ` ` ` ` ` ` ` ` ` `
image_6854.jpg,a small brown animal sitting on the ground
image_6855.jpg,"a seal with its mouth open and the capt reads, ` ' on my way to work out a guy"
image_6856.jpeg,a group of people in a boat on the water
image_6857.jpg,wants to call someone - wants to call someone chooses saleme
image_6858.jpg,a cartoon picture of a man in a suit and tie
image_6859.png,a picture of a seal seal with its mouth open
image_686.jpg,a cat that is laying down on the floor
image_6860.jpg,a seal is standing in the water with its mouth open
image_6861.jpg,a couple of soldiers sitting on top of a boat
image_6862.jpg,two seals in the water with their mouths open
image_6863.jpg,i was to my class at any training - i was to my class at any training sc
image_6864.jpg,a seal sitting on top of a rock in the water
image_6865.png,a seal with its mouth open and the capt below
image_6866.jpg,a man holding a toy in his hand
image_6867.png,"a cartoon of a seal with the capt that reads, i ' m ' m ' m ' m '"
image_6868.png,a seal with its mouth open in the snow
image_6869.jpg,that ' s one way to discover victoria ' s secret
image_687.jpg,a cat that is sitting on top of a table
image_6870.jpg,two pictures of a man and woman with their hands over their eyes
image_6871.jpg,a man in a suit and tie making a funny face
image_6872.png,a painting of a naked man and a woman
image_6873.jpg,a man in a red shirt with a funny expression on his face
image_6874.jpg,an image of a man and woman kissing in the middle of a room
image_6875.jpg,an image of a man with long hair and a mustache
image_6876.jpg,a screenshot of a text message from person
image_6877.jpg,two men are laughing and eating food on the beach
image_6878.jpg,a woman sitting on top of a bed next to a dog
image_6879.png,a group of people standing in front of a train
image_688.jpg,a cat that is standing next to a sign
image_6880.jpg,girl that ' s not kitchen
image_6881.jpg,a baby sitting on top of a table with the capt that says you mean to tell i haven bein
image_6882.png,a baby is looking at the camera
image_6883.png,a baby that is laying down on the floor
image_6884.jpeg,` ` ` ` ` ` ` ` ` ` ` ` ` ` ` ` ` ` ` ` ` ` ` ` ` ` ` ` ` ` ` ` ` ` ` ` ` ` ` ` ` ` ` ` ` `
image_6885.jpg,a man in a suit talking to another man
image_6886.jpg,a man in a suit holding a glass of wine
image_6887.jpg,a man in a suit and tie is smiling
image_6888.jpg,a man in a suit and tie is looking at the camera
image_6889.jpg,a man in a suit and tie with the words happy birthday girl
image_689.jpg,the avengers movie meme
image_6890.jpg,a man in a suit and tie with a quote on it
image_6891.jpg,a man in a suit sitting at a bar with his hand on his chin
image_6892.jpeg,a spider flying through the air in front of a city
image_6893.jpg,it ' s simple we kill spider - man - it ' s simple we kill spider man joker
image_6894.jpg,spider - man just watched infinity war
image_6895.jpeg,"an image of a spider in the middle of a brick wall with the capt that reads, ` ' oh, why did the spider cry?"
image_6896.png,an image of a spider in a laboratory with the words stand back i ' m on it
image_6897.jpg,a man in a red jacket is standing on a rope
image_6898.jpg,a spider is standing on the floor next to a spider
image_6899.jpg,"a cartoon picture with the capt that says, i ' m ' n ' n ' n ' n ' n ' n ' n ' n"
image_69.jpeg,a woman holding a baby in her arms
image_690.jpg,a woman sitting in a chair with her hands up
image_6900.jpg,a man in a suit and a spider on the floor
image_6901.jpg,a col col col col col col col
image_6902.jpg,an image of a spider in a box
image_6903.jpg,dead dead dead dead dead dead dead dead dead dead dead dead dead dead dead
image_6904.jpg,spider man with iron man
image_6905.jpg,a spider and a man sitting at a desk
image_6906.jpeg,a cartoon character with the capt that says it ' s the time to act with salvador
image_6907.jpg,that ' ll ' ll ' ll ' ll ' ll ' ll ' ll ' ll ' ll ' ll ' ll ' ll i ' ll ' ll ' ll ' ll ' ll ' ll ' ll ' ll ' ll ' ll ' ll ' ll
image_6908.jpg,"a cartoon character with a capt that reads, my fagetor is off the charts"
image_6909.png,spider spider spider spider spider spider spider spider spider spider spider spider spider spider spider
image_691.png,the big bang on the big bang show
image_6910.jpg,a man sitting at a table with a book in front of him that says i like sports cold playing in
image_6911.jpg,"a man with a mohawk on his head and the capt that reads, ` ' just when i ' m"
image_6912.jpg,two soccer players fighting for the ball
image_6913.jpg,a man in a blue shirt with a basketball ball in his hand
image_6914.png,a man sitting on a couch holding a baby
image_6915.jpg,a group of soccer players standing next to each other players
image_6916.jpg,two pictures of soccer players playing in the snow
image_6917.jpg,a picture of a man with a hat and bow tie
image_6918.jpg,a picture of a baseball player holding a bat
image_6919.jpg,an image of a basketball player with a quote
image_692.jpg,a man in a bathtub with a woman in the tub
image_6920.jpg,a man in a suit and tie standing next to a fence
image_6921.jpg,a group of people watching a basketball game
image_6922.jpg,a cat sitting on top of a wooden floor
image_6923.jpg,an image of a cat sitting on a couch
image_6924.jpg,a man in a suit and tie holding a microphone
image_6925.jpg,a man in a white shirt is looking through a window
image_6926.jpg,a child sitting on a chair with his head in his hands
image_6927.jpg,how to be a desirable man
image_6928.jpg,an image of a man with a mustache and a man with a mustache
image_6929.jpg,a man in a suit and tie standing next to another man in a suit
image_693.jpg,the big bang bang bang bang bang bang bang bang bang
image_6930.png,a little boy with his head in his hands
image_6931.jpg,a meme of iron man from the avengers movie
image_6932.jpg,the avengers movie memes
image_6933.jpg,a man in a red shirt standing next to a woman
image_6934.jpg,thor thor thor thor thor thor thor thor thor thor thor thor thor thor thor thor thor thor thor thor thor
image_6935.jpg,a col of avengers and the avengers movie
image_6936.png,a man in a suit and tie with the capt that says i love you
image_6937.jpg,a man and woman kissing in a barn
image_6938.jpg,a man in a captain costume is sitting at a desk with his hand up to the camera
image_6939.jpg,avengers memes and avengers memes
image_694.jpg,a man and woman sitting at a table in a restaurant
image_6940.png,"an image of a man in a red jacket with the capt that reads, we are not the average movie"
image_6941.jpg,"a baby sitting in a chair with the capt that says, ` ` ' pho noles? do"
image_6942.jpg,a baby in a tuxed tuxed tuxed tuxed tuxed tuxed tuxed tuxed tuxed tuxed tuxed tuxed
image_6943.jpg,a baby in a tuxed tuxed tuxed tuxed tuxed tuxed tuxed tuxed tuxed tuxed tuxed tuxed
image_6944.jpg,a baby in a tuxed tuxed tuxed tuxed tuxed tuxed tuxed tuxed tuxed tuxed tuxed tuxed
image_6945.jpg,a baby in a tuxed tuxed tuxed tuxed tuxed tuxed tuxed tuxed tuxed tuxed tuxed tuxed
image_6946.jpg,a man wearing a white hat and black shirt
image_6947.jpg,a little boy is talking on the phone
image_6948.jpg,leave the gun take the ches - leave the gun take the ches
image_6949.png,a black and white photo of a man with a helmet on
image_695.jpg,a man sitting on a couch talking on a cell phone
image_6950.jpg,a baby in a tuxed tuxed tuxed tuxed tuxed
image_6951.jpg,a man in a suit holding a glass of champagne
image_6952.jpeg,a man in a suit leaning against a wall
image_6953.jpg,a man in a car giving the thumbs
image_6954.png,a man in a suit holding a cell phone
image_6955.jpg,a man in a suit and tie sitting on a chair
image_6956.png,a man in a suit and tie is talking to another man in a suit
image_6957.jpg,a man in a suit holding a glass of wine
image_6958.jpg,"a woman in a white shirt and a man in a black suit sitting on a couch text reads, `"
image_6959.jpg,the big bang bang bang bang bang bang bang
image_696.jpg,a col col col col col col col col col col col col col col col col col col col col col col col col col col col col col col
image_6960.jpg,a man in a suit and tie is posing for the camera
image_6961.jpg,a picture of a man in a suit and tie
image_6962.jpg,a picture of a man and a woman with the words nightmares
image_6963.jpg,a poster with a man in a suit and tie
image_6964.jpg,why why why why why why why why why why why why why why why why why why why why why why why why why why why why
image_6965.jpg,an image of a man in a suit and tie
image_6966.png,a baby with a fake face on it ' s head
image_6967.jpg,"a woman in a car with the capt that says, which can take??"
image_6968.png,a man in a suit standing on the beach
image_6969.png,kobe kobe kobe kobe kobe kobe kobe kobe kobe kobe kobe kobe kobe kobe kobe kobe kobe kobe kobe kobe kobe
image_697.jpg,a man sitting in a chair holding a book
image_6970.jpg,two men in military uniforms sitting next to each other men
image_6971.png,an image of the mona mona mona mona mona mona mona mona mona
image_6972.jpg,a man wearing a suit and tie with the words you face where ' s substitute in class?
image_6973.jpg,a man with a surprised look on his face
image_6974.png,an image of the faces of a man with different facial expressions
image_6975.png,an image of a man in a suit sitting on the ground
image_6976.png,these pics of mr bean photoshopped into culture moments are typical to every
image_6977.png,an image of a man with his hands in the air
image_6978.png,a man with a surprised look on his face
image_6979.png,a man in a suit and tie walking down a street
image_698.jpg,a col col col col col col col col col col col col col
image_6980.png,a man in a suit and tie standing next to a man in a vest
image_6981.png,one does the real mr bean - one does the real mr bean bo
image_6982.png,avengers memes tag friends on their phones
image_6983.jpg,a hand holding up a piece of paper with a picture of a man on it
image_6984.jpg,"a black and white photo with the words, ` ' no time to explain, grab, and off the"
image_6985.jpg,a young boy with a banda on his head
image_6986.jpg,a black and white quote on a white background
image_6987.jpg,"a black and white photo with a quote on it that says, if you ' re, you ' re"
image_6988.jpg,tuesday is valentine ' s friday is the new year canvas print
image_6989.jpg,"a movie poster with the capt that reads, ' must watch movies '"
image_699.jpg,"oh, my god, i ' m big - oh, my god, i ' m big two and a half men"
image_6990.png,"a pink poster with the words less, less and less"
image_6991.jpg,` ` ` ` ` ` ` ` ` ` ` ` ` ` ` ` ` ` ` ` ` ` ` ` ` ` ` ` ` ` ` ` ` ` ` ` ` ` ` ` `
image_6992.jpg,a woman jumping with an umbrella in front of a yellow wall
image_7.png,a black and white photo of a woman with a fire in the background
image_70.jpg,who would the earth ' s might be?
image_700.png,a man sitting in a bathtub with candles in it
image_701.jpg,a man in a red shirt sitting at a table
image_702.jpg,"an image of a cartoon character with the words going to london, going to london, going to london"
image_703.jpg,the big bang bang bang bang bang bang bang bang bang
image_704.jpg,` ` ` ` ` ` ` ` ` ` ` ` ` ` ` ` ` ` ` ` ` ` ` ` ` ` ` ` ` ` ` ` ` ` ` ` ` ` `
image_705.jpg,a woman standing next to a man in a suit
image_706.jpg,a woman in a red dress and a man in a black suit sitting at a desk
image_707.png,an image of a white background with the words anxiety and a black and white quote
image_708.png,the big bang bang bang bang bang bang bang bang bang bang bang bang
image_709.jpg,two pictures of a man in a suit and tie
image_71.jpg,the lord of the rings the lord of the rings the lord of the rings the lord of the rings the lord of the rings the lord of
image_710.jpg,getting out of friends like a boss - getting out of friends like a boss first world problems
image_711.png,a painting of a man wearing a santa hat
image_712.jpg,the big bang bang bang bang bang bang bang bang bang bang bang bang bang bang bang bang
image_713.png,"a tweet with the capt that reads, when i ' m ' d you could ' tweet"
image_714.png,a man and woman sitting on a couch
image_715.jpg,a man in a suit and tie standing in a kitchen
image_716.jpg,` ` ` ` ` ` ` ` ` ` ` ` ` ` ` ` ` ` ` ` ` ` ` ` ` ` ` ` ` ` ` ` ` ` ` ` ` ` ` `
image_717.jpg,` ` ` ` ` ` ` ` ` ` ` ` ` ` ` ` ` ` ` ` ` ` ` ` ` ` ` ` ` ` ` ` ` ` ` `
image_718.png,a man in a blue shirt standing next to a woman in a blue shirt
image_719.png,a man sitting at a table talking to another man
image_72.jpg,that ' s my get i ' m always hungry - that ' s my get i ' m always hungry
image_720.jpg,a group of people standing next to each other people
image_721.jpg,` ` ` ` ` ` ` ` ` ` ` ` ` ` ` ` ` ` ` ` ` ` ` ` ` ` ` ` ` ` ` ` ` ` ` ` ` ` `
image_722.jpg,"the office person, office memes, office memes, office memes, office memes, office"
image_723.png,a picture of a man in a suit and tie with a quote on it
image_724.png,an image of a man with glasses and a woman with glasses
image_725.png,a black and white picture of two louds
image_726.png,the big bang bang bang bang bang bang bang bang
image_727.jpg,a man and woman sitting on a couch talking to each other people
image_728.png,the big bang on the big bang show
image_729.png,a man in a birthday hat and another man with a birthday hat
image_73.png,"an image of a man in a black hoodie, with the capt that reads, when you ' re"
image_730.png,the many faces of person
image_731.png,a man and woman hug in the office
image_732.jpg,a picture of a man with a gun in his hand
image_733.jpg,a picture of a man with long hair wearing a cowboy hat
image_734.jpg,a man with a thumbs up in front of people
image_735.jpg,a man with a gun sitting on the ground
image_736.jpg,a picture of a man with a gun in his hand
image_737.jpg,a picture of a man sitting in a chair
image_738.jpg,i can play beethoven ' s no 5 symphony on the vuizea - i can play beethoven ' s no 5 symphony on the vuize
image_739.jpeg,a picture of a man talking on the phone
image_74.jpg,"avengers avengers memes, avengers memes, avengers memes, avengers memes"
image_740.jpg,a picture of a man with a gun
image_741.jpg,chuck norris was once an american idol he won sign language
image_742.jpg,chuck norris but the hospital that was born
image_743.jpg,a man in a suit and tie is laughing at the camera
image_744.jpg,a man holding two guns in his hands
image_745.jpg,a picture of a man with a beard and no shirt
image_746.png,a man in a military uniform talking to the camera
image_747.jpg,chuck norris died but he ' s alright now - chuck norris died but he ' s alright now mis
image_748.jpg,a man with dread dread dread dread dread dread dread dread dread dread
image_749.jpg,a man in military uniform is looking at the camera
image_75.jpg,"a man in a spider suit with a capt that reads, when it ' s your movie all they are"
image_750.jpg,a man in military uniform talking into a microphone
image_751.jpg,a man in a suit and tie holding a boxing ring
image_752.png,a man with a thumbs up in front of a tv screen
image_753.jpg,a large rock in the middle of a body of water
image_754.jpg,a black and white photo of a man with no shirt
image_755.jpg,a man wearing a cowboy hat with the words chuck norris on it
image_756.jpg,chuck norris to be out of the people
image_757.jpg,a picture of a man in a cowboy hat with the words won the world series poker using pokemon cards
image_758.PNG,a picture of a man giving a thumbs up
image_759.jpg,a man with a gun in his hand next to a tree
image_76.png,captain america and hawke ' s shield
image_760.jpg,` ` ` ` ` ` ` ` ` ` ` ` ` ` ` ` ` ` ` ` ` ` ` ` ` ` ` ` ` ` ` ` ` ` ` ` ` ` ` ` `
image_761.png,a man holding a gun next to a car
image_762.JPG,chuck norris died 2 years ago the high paper is working up to him
image_763.JPG,a picture of a man with a beard and a quote on it
image_764.jpg,a woman in a sweater with her arms crossed
image_765.jpg,a man wearing a cowboy hat with the words chuck norris can ' t up a chair with no hand while
image_766.jpg,"when chuck nords a push, he ' s hitting him up he ' s pushing the earth down"
image_767.jpg,a man wearing a cowboy hat with the words chuck norris on it
image_768.jpg,a picture of a man wearing a cowboy hat
image_769.jpg,a picture of a man holding two guns
image_77.jpeg,memesing marvel the avengers movie memesing marvel the avengers memes
image_770.jpg,a picture of a man with a goat on his shoulder
image_771.jpg,a picture of a man wearing a cowboy hat
image_772.png,a picture of a statue of a man with a fist in his hand
image_773.jpg,a man in a suit pointing a gun at the camera
image_774.jpg,hulk hulk hulk hulk hulk hulk hulk hulk hulk hulk hulk
image_775.jpg,a man in a purple shirt sitting at a table
image_776.jpg,a man in a blue shirt with the words death once had a near - chuck experience
image_777.jpg,a man in a black shirt holding a knife
image_778.jpg,a man in a black shirt with his arms crossed
image_779.jpg,a picture of a man in uniform with an american flag
image_78.png,a man and woman talking to each other people
image_780.jpg,a picture of a man with a cowboy hat
image_781.png,two trucks driving down the road with the sun setting behind them
image_782.jpg,a man in a black shirt holding a knife
image_783.jpg,a man in a tank top sitting on a chair
image_784.jpg,"a picture of a man with a beard and a text that reads, shot down a plane by putting it"
image_785.png,a man in a cowboy hat sitting at a table
image_786.png,a man in a grey shirt is giving a thumbs up to the camera
image_787.jpg,a man in a suit and tie with the words kills 50 people with gun then starts firing
image_788.jpg,a man with a gun in his hand
image_789.jpeg,a picture of a man holding a dog
image_79.jpg,a picture of a man holding a gun and pointing it at the camera
image_790.jpg,a picture of a smiling person with the capt that says ` ` ` ` ` ` ` ` ` ` ` ` ` ` ` ` ` ` ` ` ` ` ` ` ` ` ` ` ` ` ` ` ` ` ` ` ` ` `
image_791.jpg,a man in a green shirt and glasses is looking at the camera
image_792.png,"a cartoon character standing in front of a screen with the capt that reads, ' the shaggymes are actually"
image_793.jpg,an image of a man with his feet up in the air
image_794.png,a man in a suit holding a glass of wine
image_795.jpg,a little girl sitting on top of a car
image_796.png,a picture of a man with a beard and a capt that reads when he ' s going to sleep
image_797.png,a picture of a man with long hair wearing a hat and looking at the camera
image_798.jpg,go on holiday in the country complains about people looking at him
image_799.jpg,a man in a maroon shirt is looking at the camera
image_8.jpg,a fox and a fox sitting on top of a chair
image_80.jpg,a man sitting on the ground with a book
image_800.png,a painting of a man in a suit and tie
image_801.jpg,a man with his head in his hands
image_802.jpg,"my first day is to family and country, not trump - my first day is to family and country, not trump"
image_803.jpg,a picture of a man in uniform and a picture of a man in uniform
image_804.jpg,a man in a hat and sunglasses sitting in a car
image_805.jpeg,a comic strip strip strip strip strip strip strip comics
image_806.jpeg,"a black and white photo of a man on a horse with text that reads, when she ' s god"
image_807.jpg,country music taught how a woman taught what she knew
image_808.jpg,a man in a suit talking on a phone
image_809.jpg,"a picture of two people walking down the road with text that reads, ` i don ' t perfect relationship"
image_81.jpg,an image of a man with glasses and a woman in the background
image_810.jpg,"a black and white photo of a man in a baseball uniform, with the words ` ` ` ` ` ` ` ` ` ` ` `"
image_811.jpg,"and then said, it ' s are country"
image_812.jpg,a man in a red shirt pointing at the camera
image_813.jpg,an image of a man with a beard and a quote on it
image_814.jpg,a man in a hat with an american flag behind him
image_815.jpeg,what people do on weekends
image_816.jpg,an old black and white photo of a man on a bicycle
image_817.jpg,a car that is stuck in the mud
image_818.jpg,a man in a cowboy hat sitting in a chair
image_819.jpg,two men in suits and hats posing for the camera
image_82.jpg,the avengers meme
image_820.jpg,a man in a cowboy hat holding a guitar
image_821.jpg,a woman sitting at a table with a knife in her hand
image_822.jpg,a col col col col col col col col col col col col col col col col col col col col col col col col col col col col col col col
image_823.jpg,a man in a white sweater sitting at a table
image_824.jpg,if country lives in the same place and country where do they live on earth
image_825.jpg,one does not simply take their horse to the town road
image_826.jpg,a man in a plaid shirt and hat with the capt that reads when you realize you don ' t to
image_827.jpg,a man in a suit and tie standing at a podium
image_828.jpg,"a cartoon character sitting on a couch with the capt that reads, when you ' reting, when you"
image_829.jpg,back in my day
image_83.png,an image of a man in a red coat looking at the camera
image_830.jpg,a man in a hat and sunglasses driving a car with the capt that says we got to help this pony
image_831.jpg,a man in a red shirt pointing his finger at the camera
image_832.jpg,a man with a long beard standing in front of a bus
image_833.jpg,"what if i said, what if i said, what if i said, what if i said, what if i said"
image_834.jpg,one does not simply - one does not simply one does
image_835.jpg,one does not simply - one does not simply one does not simply one does
image_836.jpeg,an image of a man with a beard that says we all make mistakes
image_837.jpg,a man in a cowboy hat sitting on a porch
image_838.jpg,a man in a suit and tie holding an award
image_839.jpg,two people sitting around a bonfire with the capt that reads city boy like ' one over a bonfire '
image_84.png,x - men vs avengers movie? take my money
image_840.jpg,a painting of two men fighting in the middle of the 19th century
image_841.jpg,a man wearing glasses and a pink shirt
image_842.jpg,two pictures of a man and a woman on a stage
image_843.png,a man in a suit and tie speaking into a microphone
image_844.jpg,a picture of a man in a leather jacket with the words ' more country music? '
image_845.jpg,an image of a monkey on the beach
image_846.jpg,a black and white photo of a man playing guitar
image_847.jpg,a picture of a man sitting at a table
image_848.png,a man with a beard and sunglasses giving a thumbs up
image_849.png,a man wearing a cowboy hat and jeans is standing in front of a black background
image_85.jpg,a woman in a red dress and a man in a black suit walking down the street
image_850.png,a cat that is looking up at the camera
image_851.jpg,a white poster with the words west virginia on it
image_852.jpg,a person riding an atv in the woods
image_853.jpg,i dont always listen to country music but when i do - black guy
image_854.jpg,a man standing in the water holding a fish
image_855.png,a man in a red shirt singing into a microphone
image_856.jpg,a man standing next to a tree with a truck on it
image_857.jpg,"an image of a man with the capt that says, ` ` ` ` ` ` ` ` ` ` ` ` ` ` ` ` ` ` ` ` ` ` ` ` ` ` ` ` ` ` ` ` ` ` ` ` ` ` `"
image_858.jpg,a football player with a happy birthday message
image_859.jpg,happy birthday to you now get out of duty
image_86.jpg,the girl that stole my juice box
image_860.jpg,a man in a cowboy hat with the capt that says country girls
image_861.jpg,who would the world win?
image_862.jpg,a man in a cowboy hat driving a car
image_863.png,a man holding a can of soda in his hand
image_864.jpg,a black and white photo of a man playing a guitar
image_865.jpg,a kid with a face that says byes county shocked when it ' s not over
image_866.jpg,a man with long hair and a beard wearing a hat
image_867.jpg,a man sitting on a couch in a living room
image_868.jpg,a black and white photo of a man wearing a cowboy hat
image_869.jpg,a woman in an orange jacket pointing her finger at the camera
image_87.jpg,a baby in a tuxed tuxed tuxed tuxed tuxed tuxed tuxed tuxed tuxed tuxed tuxed tuxed
image_870.jpg,a man in a tuxed tuxed tuxed tuxed tuxed tuxed
image_871.png,two women and a man with a hat and sunglasses
image_872.jpg,a bear sitting in the grass with its mouth open
image_873.jpg,a successful relationship requires falling love may mes always with the same person
image_874.jpg,a man in a blue shirt and a woman in a blue shirt holding torches
image_875.png,i ' m a country singer and i ' vegean from property arizona
image_876.png,memememememememememememememememememememememememememememememememememememememememememememememememememe
image_877.png,a picture of a man with a clock on his face
image_878.png,a young boy in a white shirt smiles at the camera
image_879.png,a man in a suit sitting at a table with his hands up
image_88.jpg,a man in a trench coat pointing his finger at the camera
image_880.png,a man standing in front of a brick wall
image_881.png,a man in a cowboy hat playing a guitar
image_882.jpg,a man with no shirt is walking down the street
image_883.jpg,a man in a cowboy hat with his arms crossed
image_884.png,a man in a suit and tie is laughing with another man in a suit
image_885.png,a man wearing a cowboy hat sitting in a car
image_886.png,a picture of a woman with long black hair
image_887.jpg,a picture of a man with a hat and sunglasses
image_888.png,a man in a suit and tie with his arms crossed
image_889.jpg,a man in a black hoodie standing next to a woman in a black hoodie
image_89.jpg,a baby in a tuxed tuxed tuxed tuxed tuxed tuxed tuxed tuxed tuxed tuxed tuxed tuxed
image_890.jpg,a person jumping in the air in front of a crowd
image_891.jpg,dead dead dead dead dead dead dead dead dead dead dead dead dead dead dead dead dead dead dead dead dead dead dead dead dead dead dead dead dead dead dead dead dead dead dead dead dead dead dead dead dead dead dead dead dead dead dead dead dead dead
image_892.jpg,deadpool deadpool deadpool deadpool deadpool deadpool deadpool deadpool deadpool deadpool deadpool deadpool deadpool deadpool
image_893.jpg,deadpool deadpool deadpool deadpool deadpool deadpool deadpool deadpool deadpool deadpool deadpool deadpool deadpool deadpool
image_894.jpg,a dead dead dead dead dead dead dead dead dead dead dead dead dead dead dead dead dead dead dead dead
image_895.png,dead dead dead dead dead dead dead dead dead dead dead dead dead
image_896.jpg,an image of a man riding a horse in the sky
image_897.jpg,deadpool deadpool deadpool deadpool deadpool deadpool deadpool deadpool deadpool deadpool deadpool deadpool deadpool deadpool
image_898.jpeg,a man standing in front of a tv screen
image_899.jpg,a dead dead dead dead dead dead dead dead dead dead dead
image_9.jpg,"an image of a woman with a capt that reads, i ' m ' m ' m ' m ' m '"
image_90.jpg,a person sleeping on a couch with a box in front of them
image_900.jpg,deadpool - deadpool deadpool deadpool deadpool deadpool deadpool deadpool deadpool deadpool
image_901.jpg,dead dead dead dead dead dead dead dead dead dead dead dead dead
image_902.jpg,dead dead dead dead dead dead dead dead dead dead dead dead dead dead dead dead dead dead dead dead dead
image_903.jpg,a dead dead dead dead dead dead dead dead dead dead dead dead
image_904.png,dead dead dead dead dead dead dead dead dead dead dead dead dead dead dead dead dead dead dead dead dead
image_905.jpg,deadpool deadpool deadpool deadpool deadpool deadpool deadpool
image_906.jpg,a man in a green lantern costume pointing at another man in a green lantern costume pointing at another man in
image_907.jpg,"deadpool, deadpool and deadpool"
image_908.png,a picture of thor and loki in the avengers movie
image_909.jpg,deadpool deadpool deadpool deadpool deadpool deadpool deadpool deadpool deadpool deadpool deadpool deadpool deadpool deadpool
image_91.jpg,a man in a tuxed tuxed tuxed tuxed tuxed tuxed tuxed tuxed tu
image_910.jpeg,dead deadpool deadpool deadpool deadpool deadpool deadpool deadpool deadpool deadpool deadpool
image_911.jpg,dead dead dead dead dead dead dead dead dead dead dead dead dead dead dead dead dead dead dead dead dead
image_912.jpg,dead dead dead dead dead dead dead dead dead dead dead dead dead
image_913.png,dead dead dead dead dead dead dead dead dead dead dead dead dead dead
image_914.jpg,batman memes memes memes memes memesmes memesmesmesmesmesmesmesmesmesmesmesmesmesmesmesmesmesmesmesmesmesmesmesmesmesmesmesmesmesmesmesmesmesmesmesmesmes
image_915.jpg,dead dead dead dead dead dead dead dead dead dead dead dead dead dead dead
image_916.jpg,a picture of a spider and a dead spider
image_917.jpg,deadpool deadpool deadpool deadpool deadpool deadpool
image_918.jpg,deadpool deadpool deadpool deadpool deadpool deadpool deadpool deadpool deadpool deadpool deadpool deadpool deadpool deadpool
image_919.png,"an image of a man in a city, with the capt that reads ' gold '"
image_92.jpg,you mean to tell me son dont actually sound like - success kid
image_920.png,a man with long hair and beards holding a sword
image_921.jpg,dead dead dead dead dead dead dead dead dead dead dead dead dead dead dead dead dead dead dead dead dead
image_922.png,dead dead dead dead dead dead dead dead dead dead dead dead dead dead dead dead
image_923.png,deadpool deadpool deadpool deadpool deadpool deadpool
image_924.jpg,a dead dead dead dead dead dead dead dead dead dead dead dead
image_925.jpg,spider and deadpool deadpool deadpool deadpool deadpool
image_926.png,"an image of a cartoon character with a capt that reads, not sure to be the ranger"
image_927.jpg,"the avengers avengers memes, avengers memes, avengers memes, avengers comics, marvel memes,"
image_928.png,spider and dead dead dead dead dead dead dead dead dead dead dead dead dead dead dead dead
image_929.jpg,dead dead dead dead dead dead dead dead dead dead dead dead dead dead dead dead
image_93.jpg,a baby in a tuxed tuxed tuxed tuxed tuxed
image_930.jpg,deadpool deadpool deadpool deadpool deadpool deadpool deadpool deadpool deadpool deadpool deadpool deadpool deadpool deadpool
image_931.jpg,a couple sitting on a couch next to a fire
image_932.png,deadpool deadpool deadpool deadpool deadpool
image_933.jpg,"keep calm, keep calm, keep calm, keep calm, keep calm, keep calm, keep calm, keep calm, keep calm, keep"
image_934.jpg,a picture of the avengers movie characters
image_935.jpg,a picture of a dead dead dead dead dead dead dead dead dead dead dead dead dead dead dead dead dead
image_936.jpg,a man in a suit talking to another man in a suit
image_937.jpg,a man in a white shirt and sunglasses talking to another
image_938.jpg,a man in a tuxed tuxed tuxed tuxed tuxed tuxed
image_939.jpg,a man standing in front of an oscar statue
image_94.jpg,a black and white photo of a baby in a car seat
image_940.jpg,a man in a tuxed suit holding a glass of wine
image_941.jpg,an image of a man with a cigarette in his mouth
image_942.jpg,a picture of leonardo leonardo leonardo leonardo leonardo leonardo leonardo leonardo leonardo leonardo leonardo leonardo
image_943.jpg,a man holding a glass of wine in his hand
image_944.jpg,a man in a suit and tie sitting at a desk
image_945.png,leonardo | when you can ' t get a leor | image tagged
image_946.jpg,a man in a suit holding a gun
image_947.jpg,two men sitting at a table in a restaurant
image_948.jpg,cheers cheers cheers cheers cheers cheers cheers cheers cheers cheers cheers cheers cheers cheers cheers cheers cheers cheers cheers cheers cheers
image_949.png,two people standing in the middle of a street
image_95.jpg,a woman with glasses is making a funny face
image_950.jpeg,a man in a suit standing at a podium
image_951.jpg,` ` ` ` ` ` ` ` ` ` ` ` ` ` ` ` ` ` ` ` ` ` ` ` ` ` ` ` ` ` ` ` ` ` ` ` ` ` ` ` ` ` ` `
image_952.jpg,a man in a suit holding a drink
image_953.jpg,an image of a man in a suit holding a microphone
image_954.jpg,a man in a suit and bow tie sitting in front of a crowd
image_955.jpg,a picture of a man in a white tank top
image_956.png,comic strip strip strip comics comics comics comics comics comics comics comics comics comics comics comics comics comics comics comics comics
image_957.png,a man in a tuxed tuxed tuxed tuxed tuxed tuxed tuxed tuxed
image_958.jpg,dead dead dead dead dead dead dead dead dead dead dead dead dead
image_959.png,a photo of a man and woman in a car
image_96.jpg,a baby in a tuxed tuxed tuxed tuxed tuxed tuxed tuxed tuxed tuxed tuxed tuxed tuxed
image_960.jpe,a man in a suit running next to an oscar statue
image_961.jpg,a man in a suit holding a wine glass
image_962.jpg,"a young boy in a military uniform with the words, who do you want to be?"
image_963.png,a man in a suit holding a glass of wine
image_964.png,the mona mona mona mona mona mona mona mona mona mona mona mona mona mona mona mona mona mona mona mona
image_965.jpg,a man in a suit talking on a phone
image_966.jpg,two gold statues with the words leonard nightmares must look like this
image_967.jpg,a man holding a gun in front of a crowd
image_968.jpg,a picture of a man with no car
image_969.jpg,a man in a suit and tie with a quote on it
image_97.jpg,a baby in a suit sitting in a sink
image_970.png,"a picture of a man and a woman with the capt that says, ` ` ` ' '"
image_971.png,a picture of a man in a suit and tie with his arms outstretched
image_972.jpg,a black and white photo of a man smiling
image_973.jpg,a man in a suit standing in front of a crowd
image_974.jpg,"person i don ' t always make movies but when i do, i don ' t always make movies but when i do i don ' t"
image_975.jpg,a man in a suit is staring at the camera
image_976.png,a man in a suit and tie holding a knife
image_977.png,a man sitting in a chair with a smile on his face
image_978.png,a bird that is standing in the grass
image_979.png,a white background with a black and white quote on it
image_98.jpg,a baby in a tuxed tuxed tuxed tuxed tuxed tuxed tuxed tuxed tu
image_980.png,a man in a suit and tie standing in front of a mirror
image_981.jpg,a black bear sitting on top of a wooden bench
image_982.jpg,a man swimming in the ocean with the words rose?
image_983.jpg,a man sitting next to a young boy on the ground
image_984.png,"my dad, my dad, my dad, my dad, my dad, my dad"
image_985.jpg,a man in a suit and tie is looking at the camera
image_986.png,a group of people that are looking at each other people
image_987.jpg,a man in a suit and bow tie looking at the camera
image_988.jpg,a man holding up a bottle of beer
image_989.png,a group of people sitting on a soccer field
image_99.png,"an image of a man and woman on a bed with the capt that reads, if i can ' t"
image_990.jpg,a man in a suit and tie sitting at a table
image_991.png,an image of a man wearing a hoodie
image_992.png,a man with long hair and a beard
image_993.jpg,an image of a man with a long beard
image_994.jpg,two men sitting in chairs talking to each other men
image_995.jpeg,a man in a tuxed tuxed tuxed tuxed tuxed tuxed tuxed tuxed tuxed tuxed tuxed tuxed
image_996.jpg,a man in a tuxed tuxed tuxed tuxed tuxed tuxed tuxed tuxed
image_997.jpg,leonardo ross and leonardo ross at the goldens
image_998.jpg,a col with many pictures of men and women
image_999.png,a picture of a man in a suit holding a glass
