img_name,text_descriptions,,,,,,,,,,,,,self_label
image_1.jpg,"a photo of a toy story with the capt that says, look there my friend now a soakt",,,,,,,,,,,,,anger/fear
image_10.png,a photo of two people in front of a blackboard with the words facebook,,,,,,,,,,,,,fear
image_100.jpg,a photo of yo yoo with the capt that says drink water you may not,,,,,,,,,,,,,sadness
image_1000.png,a photo of two men sitting at a table,,,,,,,,,,,,,joy
image_1001.png,a photo of a man in a police uniform,,,,,,,,,,,,,surprise
image_1002.png,a photo of a man sitting on a couch,,,,,,,,,,,,,anger
image_1003.png,a photo of a man in a suit pointing at the camera,,,,,,,,,,,,,joy
image_1004.png,a photo of a man in a suit holding a microphone,,,,,,,,,,,,,joy
image_1005.jpg,a photo of a man in a suit holding an award,,,,,,,,,,,,,joy
image_1006.png,"a photo of two people, one is laughing and the other is crying",,,,,,,,,,,,,surprise
image_1007.jpg,a photo of a man in a suit and tie,,,,,,,,,,,,,anger
image_1008.png,a photo of a man in a suit and tie,,,,,,,,,,,,,fear
image_1009.png,a photo of a man in a suit holding a trophy,,,,,,,,,,,,,joy
image_101.jpg,a photo of a baby sitting on the ground,,,,,,,,,,,,,joy
image_1010.png,"a photo of a man in a suit and tie, with the capt that reads i wish someone would look",,,,,,,,,,,,,sadness
image_1011.png,a photo of a young man with blonde hair,,,,,,,,,,,,,love
image_1012.png,a photo of a man in a trash can,,,,,,,,,,,,,sadness
image_1013.png,a photo of a young man in a suit and tie,,,,,,,,,,,,,love
image_1014.png,a photo of two boys holding bowling balls,,,,,,,,,,,,,joy
image_1015.png,a photo of two men in suits talking to each other man,,,,,,,,,,,,,love
image_1016.jpg,a photo of two men in suits talking,,,,,,,,,,,,,anger
image_1017.png,"a photo of a woman looking at the camera with text that reads, when you go double text and see",,,,,,,,,,,,,surprise
image_1018.jpg,a photo of a man in a suit holding a wine glass,,,,,,,,,,,,,joy
image_1019.jpg,a photo of a man in a suit holding a glass,,,,,,,,,,,,,joy
image_102.jpg,a photo of a baby dressed as santa claus,,,,,,,,,,,,,anger
image_1020.png,a photo of a man in a suit and bow tie,,,,,,,,,,,,,sadness
image_1021.png,a photo of a crowd of people at a concert,,,,,,,,,,,,,surprise
image_1022.png,a photo of a young man in a suit and tie,,,,,,,,,,,,,love
image_1023.png,a photo of a person and a dog on a bus,,,,,,,,,,,,,love
image_1024.png,"a photo of two men, one with a beard and the other with glasses",,,,,,,,,,,,,surprise
image_1025.jpg,a photo of a man in a white suit holding a microphone,,,,,,,,,,,,,anger
image_1026.jpg,a photo of a man in a suit holding a glass,,,,,,,,,,,,,joy
image_1027.jpg,a photo of a man in a suit sitting on a couch,,,,,,,,,,,,,anger
image_1028.jpeg,a photo of a man with a sword in front of him,,,,,,,,,,,,,joy
image_1029.jpg,a photo of president donald and first lady,,,,,,,,,,,,,surprise
image_103.png,"a photo of the text that reads, ' i ' m '",,,,,,,,,,,,,joy
image_1030.jpg,a photo of two people walking down the street,,,,,,,,,,,,,joy
image_1031.jpg,"a photo of two people sitting at a table, one is yelling at the other person",,,,,,,,,,,,,anger
image_1032.jpg,a photo of a man and woman looking at their phones,,,,,,,,,,,,,surprise
image_1033.jpg,a photo of a man and woman sitting on a couch,,,,,,,,,,,,,anger
image_1034.jpg,a photo of two people standing next to each other people,,,,,,,,,,,,,surprise
image_1035.jpg,"a photo of a neon sign with the words, beard of the enemy",,,,,,,,,,,,,fear
image_1036.jpg,a photo of two people standing next to each other people,,,,,,,,,,,,,surprise
image_1037.png,a photo of two people hugging in the street,,,,,,,,,,,,,joy
image_1038.png,a photo of two people walking down the street,,,,,,,,,,,,,anger
image_1039.jpg,a photo of two people walking down the street,,,,,,,,,,,,,surprise
image_104.png,"a photo of a man in a suit and tie, with the capt that says i ' ll make you",,,,,,,,,,,,,anger/surprise
image_1040.png,a photo of a man and woman walking down the street,,,,,,,,,,,,,anger
image_1041.jpg,a photo of two people walking down the street,,,,,,,,,,,,,love
image_1042.png,a photo of a man in a blue shirt and tie pointing at the camera,,,,,,,,,,,,,joy
image_1043.jpg,a photo of a man and woman lying in bed,,,,,,,,,,,,,anger
image_1044.jpg,a photo of a man and woman holding their baby,,,,,,,,,,,,,anger
image_1045.jpg,a photo of two people standing next to each other people,,,,,,,,,,,,,anger
image_1046.jpg,a photo of two people walking down the street,,,,,,,,,,,,,surprise
image_1047.jpg,a photo of two women dressed as spider and spider,,,,,,,,,,,,,joy
image_1048.jpg,a photo of two women sitting at a table with a laptop and talking to each other women stock photo,,,,,,,,,,,,,surprise
image_1049.png,a photo of two people walking down the street,,,,,,,,,,,,,surprise
image_105.png,a photo of a baby in a suit and top hat holding a baseball bat,,,,,,,,,,,,,joy/surprise
image_1050.png,"a photo of a man with glasses and a text that reads, is this improved version of the distracted boyfriend",,,,,,,,,,,,,joy
image_1051.png,"a photo of a man with a beard and the capt that says, ' new boyfriend boyfriend is my boyfriend",,,,,,,,,,,,,joy
image_1052.png,a photo of a man with a beard and glasses,,,,,,,,,,,,,surprise
image_1053.jpg,a photo of two people walking down the street,,,,,,,,,,,,,anger
image_1054.jpg,a photo of people walking down the street,,,,,,,,,,,,,surprise
image_1055.jpg,"a photo of two men, one in black and the other in white",,,,,,,,,,,,,anger/surprise
image_1056.jpg,a photo of a bald bald man pointing at the camera,,,,,,,,,,,,,fear
image_1057.jpg,a photo of a man in a star wars uniform,,,,,,,,,,,,,joy
image_1058.jpg,a photo of a man with a red and white flag on his face,,,,,,,,,,,,,sadness
image_1059.jpg,a photo of a man in a suit hugging another man,,,,,,,,,,,,,anger/fear
image_106.jpg,a photo of a man in a suit and bow tie sitting on a chair,,,,,,,,,,,,,fear
image_1060.jpg,a photo of a person holding a bottle,,,,,,,,,,,,,sadness
image_1061.jpeg,a photo of a man in a suit sitting on a chair,,,,,,,,,,,,,anger
image_1062.jpg,a photo of a man in a suit and tie,,,,,,,,,,,,,anger
image_1063.jpg,a photo of a man with his hands in the air,,,,,,,,,,,,,anger
image_1064.png,a photo of a man in a grey shirt,,,,,,,,,,,,,anger
image_1065.png,a photo of a man in a suit and tie,,,,,,,,,,,,,anger
image_1066.jpg,a photo of a man in a suit smoking a cigarette,,,,,,,,,,,,,anger
image_1067.jpg,a photo of a man in a suit with his hands up,,,,,,,,,,,,,anger
image_1068.jpeg,a photo of a group of people laughing,,,,,,,,,,,,,anger
image_1069.jpg,a photo of a man in a suit sitting at a table,,,,,,,,,,,,,anger
image_107.jpg,a photo of two men in mexican costumes playing guitars,,,,,,,,,,,,,joy
image_1070.jpg,a photo of a young boy in a lab coat,,,,,,,,,,,,,anger
image_1071.jpg,a photo of a man in a white shirt with the words fire the laser,,,,,,,,,,,,,anger
image_1072.jpg,"a photo of a man in a white shirt with the capt that reads, i don ' t go to",,,,,,,,,,,,,anger
image_1073.jpg,"a photo of an image of a man in a white shirt with the capt that reads, i ' ve",,,,,,,,,,,,,anger
image_1074.jpg,"a photo of a man in a white shirt with the capt that says, people say over the earth is",,,,,,,,,,,,,anger
image_1075.jpg,a photo of a man with a cigarette in his mouth,,,,,,,,,,,,,anger
image_1076.jpg,a photo of a man sitting at a table with a laptop,,,,,,,,,,,,,anger
image_1077.jpg,a photo of a man with a cigarette in his mouth,,,,,,,,,,,,,anger
image_1078.jpg,a photo of a man in a suit and tie,,,,,,,,,,,,,anger
image_1079.jpg,a photo of a man in a suit with his hands out,,,,,,,,,,,,,sadness
image_108.jpg,a photo of a group of people sitting around a table,,,,,,,,,,,,,joy
image_1080.jpg,"a photo of a man in a suit and tie, with the capt that reads cash outside how do you",,,,,,,,,,,,,anger
image_1081.jpg,a photo of a man in a suit with his hands up,,,,,,,,,,,,,anger
image_1082.png,a photo of a man with glasses and a hoodie,,,,,,,,,,,,,joy
image_1083.jpg,"a photo of a baby in a car seat with the capt that reads, if you wait to be your",,,,,,,,,,,,,joy
image_1084.jpg,a photo of two dogs that are looking at the camera,,,,,,,,,,,,,love
image_1085.png,"a photo of a group of people with the capt that says, ' evil as dessee '",,,,,,,,,,,,,anger
image_1086.jpg,a photo of a man in a suit sitting at a desk with the capt that says it ' s going,,,,,,,,,,,,,anger
image_1087.jpg,a photo of an old man sitting at a table,,,,,,,,,,,,,anger
image_1088.png,a photo of a group of people laughing,,,,,,,,,,,,,joy
image_1089.jpg,a photo of a man in a suit and tie,,,,,,,,,,,,,
image_109.jpg,a photo of a group of people sitting around a table with text that reads when you are told you have,,,,,,,,,,,,,
image_1090.png,a photo of a man in a suit and some other people,,,,,,,,,,,,,
image_1091.jpg,a photo of a man in a suit and tie,,,,,,,,,,,,,
image_1092.jpg,a photo of a car driving down a dirt road,,,,,,,,,,,,,
image_1093.jpg,a photo of a man in a suit sitting on a chair,,,,,,,,,,,,,
image_1094.jpg,a photo of a man with a gun in his hand,,,,,,,,,,,,,
image_1095.png,"a photo of a man in a white shirt and black pants with the capt that says, ` ` ' the price is right '",,,,,,,,,,,,,
image_1096.png,a photo of a man smoking a cigarette,,,,,,,,,,,,,
image_1097.jpg,a photo of president bill clinton and hillary sanders,,,,,,,,,,,,,
image_1098.png,a photo of a store window with a sign that says it ' s over the lottery,,,,,,,,,,,,,
image_1099.png,a photo of a baby sleeping in a sink,,,,,,,,,,,,,
image_11.jpg,a photo of two men talking to each other men,,,,,,,,,,,,,
image_110.jpg,a photo of a man in a suit leaning against a wall,,,,,,,,,,,,,
image_1100.jpg,a photo of a group of people laughing and talking,,,,,,,,,,,,,
image_1101.jpg,a photo of a man in uniform talking to another man,,,,,,,,,,,,,
image_1102.png,a photo of a person smoking a cigarette with the capt that reads one hundred billion dollars,,,,,,,,,,,,,
image_1103.jpg,"a photo of a man in a suit and tie, with the capt that says i ' m rvel",,,,,,,,,,,,,
image_1104.png,a photo of two men with the words who would win?,,,,,,,,,,,,,
image_1105.png,a photo of a man sitting in a train,,,,,,,,,,,,,
image_1106.png,a photo of a man sitting on a train,,,,,,,,,,,,,
image_1107.png,a photo of a man sitting in a chair with his hands up,,,,,,,,,,,,,
image_1108.png,a photo of hillary and a man in a suit,,,,,,,,,,,,,
image_1109.png,a photo of a young boy in a suit and tie,,,,,,,,,,,,,
image_111.jpg,a photo of person and person on the set of friends,,,,,,,,,,,,,
image_1110.png,a photo of a man with long hair and glasses,,,,,,,,,,,,,
image_1111.png,a photo of a man in a suit and tie,,,,,,,,,,,,,
image_1112.png,a photo of a car in the fog,,,,,,,,,,,,,
image_1113.png,a photo of a man with his hands in the air,,,,,,,,,,,,,
image_1114.jpg,a photo of a man in a suit and tie,,,,,,,,,,,,,
image_1115.png,"a photo of a man in a blue suit with the capt that reads, when you ' ret someone",,,,,,,,,,,,,
image_1116.jpg,a photo of a baby drinking a beer,,,,,,,,,,,,,
image_1117.jpeg,a photo of a baby with an iphone in it ' s hand,,,,,,,,,,,,,
image_1118.png,a photo of a man and woman talking to each other people,,,,,,,,,,,,,
image_1119.jpg,a photo of a baby drinking from a beer glass,,,,,,,,,,,,,
image_112.jpg,a photo of two people in a car,,,,,,,,,,,,,
image_1120.jpg,a photo of a baby sitting at a table with a beer,,,,,,,,,,,,,
image_1121.jpg,a photo of a little boy sitting at a table,,,,,,,,,,,,,
image_1122.jpg,a photo of a baby sitting at a table with beer,,,,,,,,,,,,,
image_1123.jpg,a photo of president obama drinking a beer,,,,,,,,,,,,,
image_1124.jpeg,a photo of a baby on a motorcycle next to a beer,,,,,,,,,,,,,
image_1125.jpg,a photo of a baby crying in the grass,,,,,,,,,,,,,
image_1126.jpg,a photo of a baby drinking from a bottle,,,,,,,,,,,,,
image_1127.png,a photo of a cartoon character with the words ' are you drunk because now am? ',,,,,,,,,,,,,
image_1128.jpg,a photo of a child sitting at a table eating food,,,,,,,,,,,,,
image_1129.jpg,a photo of a baby sitting at a table,,,,,,,,,,,,,
image_113.jpeg,a photo of a man in a suit leaning against a wall,,,,,,,,,,,,,
image_1130.jpg,a photo of a baby in a green shirt,,,,,,,,,,,,,
image_1131.jpg,a photo of a man holding a baby,,,,,,,,,,,,,
image_1132.jpg,a photo of a baby sitting at a table with a beer,,,,,,,,,,,,,
image_1133.jpg,a photo of a baby wearing a pink hat,,,,,,,,,,,,,
image_1134.jpg,"a photo of a baby with the words wait, wait you ' re",,,,,,,,,,,,,
image_1135.jpg,a photo of a baby drinking a glass of beer,,,,,,,,,,,,,
image_1136.jpg,a photo of a baby sitting at a table with beer,,,,,,,,,,,,,
image_1137.jpg,a photo of a baby with a glass of beer,,,,,,,,,,,,,
image_1138.jpg,a photo of a kid in a green shirt with the capt that reads got drunk last night didn ' t,,,,,,,,,,,,,
image_1139.jpg,"a photo of a baby in a chair with the capt that says, i drink a bottle of milk factory",,,,,,,,,,,,,
image_114.jpeg,a photo of a man in a suit and tie,,,,,,,,,,,,,
image_1140.jpg,a photo of two babies sitting on the floor,,,,,,,,,,,,,
image_1141.jpg,a photo of a baby in a green shirt,,,,,,,,,,,,,
image_1142.jpg,a photo of a baby and a beer,,,,,,,,,,,,,
image_1143.png,a photo of a black background with the words drink love,,,,,,,,,,,,,
image_1144.png,a photo of a baby sitting at a table with a beer,,,,,,,,,,,,,
image_1145.jpg,a photo of a baby sitting at a table with beer,,,,,,,,,,,,,
image_1146.jpg,a photo of a baby with a glass of beer,,,,,,,,,,,,,
image_1147.jpg,a photo of a baby sitting at a table with a beer,,,,,,,,,,,,,
image_1148.jpeg,"a photo of a baby with the capt that says, i don ' t know what you ' reting",,,,,,,,,,,,,
image_1149.jpg,a photo of a baby sitting at a table with beer,,,,,,,,,,,,,
image_115.jpg,"a photo of a man in a suit and tie, with the capt that reads, ` ' do not",,,,,,,,,,,,,
image_1150.png,"a photo of a pokemon with the capt that reads, me noo never",,,,,,,,,,,,,
image_1151.png,a photo of a baby wearing a pink hat,,,,,,,,,,,,,
image_1152.png,a photo of a baby wearing a green hat,,,,,,,,,,,,,
image_1153.png,a photo of a baby looking at the camera,,,,,,,,,,,,,
image_1154.jpg,a photo of a little girl with fire in the background,,,,,,,,,,,,,
image_1155.png,a photo of a baby crying,,,,,,,,,,,,,
image_1156.png,a photo of three people sitting on a porch,,,,,,,,,,,,,
image_1157.png,a photo of people toasting with alcohol,,,,,,,,,,,,,
image_1158.jpg,a photo of a man painting on a ease,,,,,,,,,,,,,
image_1159.png,a photo of some blue and white vases,,,,,,,,,,,,,
image_116.jpeg,a photo of a bald man with glasses on,,,,,,,,,,,,,
image_1160.png,a photo of a little boy sitting at a table,,,,,,,,,,,,,
image_1161.jpg,a photo of a woman with red hair and glasses,,,,,,,,,,,,,
image_1162.jpg,a photo of a woman with glasses on her face,,,,,,,,,,,,,
image_1163.jpg,a photo of a woman with red hair and glasses,,,,,,,,,,,,,
image_1164.jpg,a photo of a man talking on the phone,,,,,,,,,,,,,
image_1165.jpg,a photo of a man sitting at a table with a beer,,,,,,,,,,,,,
image_1166.jpeg,a photo of a woman with red hair and glasses,,,,,,,,,,,,,
image_1167.jpeg,"a photo of a cartoon character with the capt that reads, ` when you ' reting the picker",,,,,,,,,,,,,
image_1168.jpeg,a photo of some people walking down the street,,,,,,,,,,,,,
image_1169.png,a photo of watermels on a yellow background,,,,,,,,,,,,,
image_117.jpg,"a photo of the face of a person with text that says, ` ` ' y mary robin?",,,,,,,,,,,,,
image_1170.png,a photo of a man with glasses and the words what if do you??,,,,,,,,,,,,,
image_1171.jpg,a photo of a man and woman talking to each other people,,,,,,,,,,,,,
image_1172.jpg,a photo of a man holding a camera,,,,,,,,,,,,,
image_1173.jpg,a photo of a man and woman talking to each other people,,,,,,,,,,,,,
image_1174.jpg,a photo of a quote on a pink background,,,,,,,,,,,,,
image_1175.jpg,a photo of a woman with red hair and glasses,,,,,,,,,,,,,
image_1176.jpg,a photo of a woman holding a sign with the words who needs feminism?,,,,,,,,,,,,,
image_1177.jpg,"a photo of a woman with the capt that says, ` ' me can ' t be because they should",,,,,,,,,,,,,
image_1178.jpg,a photo of a woman with red hair and glasses,,,,,,,,,,,,,
image_1179.jpeg,"a photo of a woman in a white dress with the capt that reads, ` ' everyone google search and",,,,,,,,,,,,,
image_118.jpg,a photo of a man in a suit with the words be awesome,,,,,,,,,,,,,
image_1180.jpeg,a photo of a man in a classroom with the capt that says it ' s things feminists think right,,,,,,,,,,,,,
image_1181.jpg,a photo of a girl wearing glasses with the words let the kitchen to my times,,,,,,,,,,,,,
image_1182.png,a photo of a woman with glasses on,,,,,,,,,,,,,
image_1183.jpg,"a photo of a man in sunglasses with the capt that says, what do you want??",,,,,,,,,,,,,
image_1184.jpg,a photo of a woman with her hands in the air,,,,,,,,,,,,,
image_1185.jpg,a photo of a dog on a pink and blue background,,,,,,,,,,,,,
image_1186.jpg,a photo of a man sitting at a desk with his head in his hands,,,,,,,,,,,,,
image_1187.jpg,a photo of a man with his mouth open,,,,,,,,,,,,,
image_1188.jpg,a photo of an image of a man with a heart on his chest,,,,,,,,,,,,,
image_1189.jpg,a photo of the text on a white background,,,,,,,,,,,,,
image_119.jpg,a photo of a man in a suit and tie,,,,,,,,,,,,,
image_1190.jpg,a photo of a woman in a blue suit,,,,,,,,,,,,,
image_1191.jpg,a photo of a dog with glasses on it ' s face,,,,,,,,,,,,,
image_1192.jpg,a photo of a woman holding a sign that reads stand with planned parenthood,,,,,,,,,,,,,
image_1193.jpg,a photo of two women standing next to each other women,,,,,,,,,,,,,
image_1194.jpg,a photo of a man with long hair and a mustache,,,,,,,,,,,,,
image_1195.jpg,a photo of a woman with her hands up in the air,,,,,,,,,,,,,
image_1196.jpg,a photo of a man with a crown on his head,,,,,,,,,,,,,
image_1197.jpg,a photo of a girl with glasses on her face,,,,,,,,,,,,,
image_1198.jpg,a photo of a girl with long hair and glasses,,,,,,,,,,,,,
image_1199.jpg,a photo of two people sitting on a couch watching tv,,,,,,,,,,,,,
image_12.jpg,a photo of president obama and his wife in the white house,,,,,,,,,,,,,
image_120.jpg,a photo of a man in a suit talking to another man,,,,,,,,,,,,,
image_1200.png,a photo of a girl with a capt that reads you don ' t understand the dictionary definition of feminism,,,,,,,,,,,,,
image_1201.jpg,a photo of a person in a yellow shirt,,,,,,,,,,,,,
image_1202.png,a photo of a man in a shirt and tie,,,,,,,,,,,,,
image_1203.jpg,a photo of a girl with long brown hair,,,,,,,,,,,,,
image_1204.jpg,a photo of a man wearing glasses and smiling,,,,,,,,,,,,,
image_1205.jpg,a photo of a black and white cat sitting on the floor,,,,,,,,,,,,,
image_1206.jpg,a photo of a little girl holding an owl,,,,,,,,,,,,,
image_1207.png,a photo of a girl with the capt that says feminism is not feminist,,,,,,,,,,,,,
image_1208.png,a photo of two women holding signs with the words feminist then now,,,,,,,,,,,,,
image_1209.jpg,a photo of two people in superman costumes,,,,,,,,,,,,,
image_121.jpg,a photo of a man in a suit holding a glass,,,,,,,,,,,,,
image_1210.jpg,a photo of a woman with red hair and glasses,,,,,,,,,,,,,
image_1211.jpg,a photo of a man with glasses and the capt that says what i told you,,,,,,,,,,,,,
image_1212.jpg,a photo of a woman with her mouth open,,,,,,,,,,,,,
image_1213.jpg,a photo of a person drinking tea on a balcony,,,,,,,,,,,,,
image_1214.jpg,a photo of an old man sitting in a chair,,,,,,,,,,,,,
image_1215.jpg,"a photo of a woman in a room with a sign that says, only respect women are afraid to",,,,,,,,,,,,,
image_1216.jpg,a photo of a predator with its mouth open,,,,,,,,,,,,,
image_1217.jpg,a photo of a man and woman in baseball uniforms,,,,,,,,,,,,,
image_1218.jpg,"a photo of a woman with a pink background and text that reads, ' i can ' t stand it",,,,,,,,,,,,,
image_1219.jpg,a photo of a woman with red hair and glasses,,,,,,,,,,,,,
image_122.png,"a photo of a man in a suit and bow tie, with the capt that says it ' s not",,,,,,,,,,,,,
image_1220.jpg,"a photo of a woman ' s face with the capt that reads, ' friends hate '",,,,,,,,,,,,,
image_1221.jpg,a photo of a man with glasses and a quote,,,,,,,,,,,,,
image_1222.png,a photo of a group of people talking to each other people,,,,,,,,,,,,,
image_1223.jpg,a photo of a woman with long blonde hair,,,,,,,,,,,,,
image_1224.jpg,a photo of the different types of fire,,,,,,,,,,,,,
image_1225.jpg,a photo of an older woman singing into a microphone,,,,,,,,,,,,,
image_1226.jpg,a photo of a man in a white shirt,,,,,,,,,,,,,
image_1227.jpg,a photo of a man with tattoos on his arms,,,,,,,,,,,,,
image_1228.jpg,a photo of a tweet with the text ' do women like big sexually men in new years?,,,,,,,,,,,,,
image_1229.jpg,a photo of a woman and a man in police uniforms,,,,,,,,,,,,,
image_123.png,a photo of a man sitting on a couch,,,,,,,,,,,,,
image_1230.jpg,a photo of a man with a quote on it,,,,,,,,,,,,,
image_1231.jpg,a photo of a man and woman with umbrellas,,,,,,,,,,,,,
image_1232.jpg,a photo of a man and woman sitting at a table,,,,,,,,,,,,,
image_1233.png,a photo of a person holding up a sign,,,,,,,,,,,,,
image_1234.png,a photo of a person with a quote on it,,,,,,,,,,,,,
image_1235.jpg,a photo of a pink background with the words nevertheless,,,,,,,,,,,,,
image_1236.jpg,a photo of a woman with red hair and glasses,,,,,,,,,,,,,
image_1237.png,a photo of two people sitting at a table,,,,,,,,,,,,,
image_1238.jpg,"a photo of the simpsons family with text that reads, ` ' oh don '",,,,,,,,,,,,,
image_1239.jpeg,a photo of a cartoon character wearing a witch hat,,,,,,,,,,,,,
image_124.png,a photo of a man in a suit and tie,,,,,,,,,,,,,
image_1240.jpg,a photo of a man and woman sitting at a table,,,,,,,,,,,,,
image_1241.jpeg,a photo of a woman in a black dress,,,,,,,,,,,,,
image_1242.jpg,a photo of a woman with her mouth open,,,,,,,,,,,,,
image_1243.jpg,a photo of a man in a suit and tie,,,,,,,,,,,,,
image_1244.jpg,a photo of a man with a beard,,,,,,,,,,,,,
image_1245.jpg,"a photo of two men in leather jackets, one wearing sunglasses and the other wearing a plaid shirt",,,,,,,,,,,,,
image_1246.jpg,a photo of a woman wearing a black jacket,,,,,,,,,,,,,
image_1247.jpg,a photo of a man and woman standing next to each other people,,,,,,,,,,,,,
image_1248.jpg,a photo of one does not simply because the trinity to fit your patriarch theology,,,,,,,,,,,,,
image_1249.png,a photo of a circle with the words feminist men and their consciousnesss for interivity,,,,,,,,,,,,,
image_125.jpg,a photo of a man in a suit and tie,,,,,,,,,,,,,
image_1250.png,a photo of an older man with pink hearts on his face,,,,,,,,,,,,,
image_1251.png,a photo of two people working on laptops,,,,,,,,,,,,,
image_1252.png,a photo of two women sitting at a table in front of a tv screen,,,,,,,,,,,,,
image_1253.jpg,a photo of a man with his mouth open,,,,,,,,,,,,,
image_1254.png,a photo of a woman with curly hair and a white shirt,,,,,,,,,,,,,
image_1255.jpg,a photo of a man with a hat on,,,,,,,,,,,,,
image_1256.jpg,a photo of a black and white quote with the words women support other people,,,,,,,,,,,,,
image_1257.jpg,a photo of an older woman holding a globe,,,,,,,,,,,,,
image_1258.jpg,"a photo of a woman with her mouth open and the capt says, what is the difference between between?",,,,,,,,,,,,,
image_1259.jpg,a photo of a woman holding up a sign,,,,,,,,,,,,,
image_126.jpg,a photo of two people sitting at a table,,,,,,,,,,,,,
image_1260.png,a photo of a soccer player with a quote on it,,,,,,,,,,,,,
image_1261.png,a photo of a woman smiling and wearing a hat,,,,,,,,,,,,,
image_1262.png,a photo of a person holding a piece of paper,,,,,,,,,,,,,
image_1263.jpg,a photo of a woman walking with a gun,,,,,,,,,,,,,
image_1264.jpg,"a photo of person with the capt that reads, ` ` don ' t give that dollar to be mad",,,,,,,,,,,,,
image_1265.jpg,a photo of a cartoon character with a microphone in his hand,,,,,,,,,,,,,
image_1266.jpg,a photo of two people kissing each other people,,,,,,,,,,,,,
image_1267.jpg,a photo of a man holding a plate of food,,,,,,,,,,,,,
image_1268.jpg,a photo of two sponges fighting over each other sponge,,,,,,,,,,,,,
image_1269.jpg,a photo of a man in a suit and tie,,,,,,,,,,,,,
image_127.jpg,a photo of a man in a suit and tie,,,,,,,,,,,,,
image_1270.jpg,a photo of two boys sitting in front of a computer,,,,,,,,,,,,,
image_1271.jpg,a photo of a man with no one ever asked how i was doing,,,,,,,,,,,,,
image_1272.jpg,a photo of a man in a white shirt sitting at a table,,,,,,,,,,,,,
image_1273.jpg,a photo of two children sitting in front of a book,,,,,,,,,,,,,
image_1274.jpg,"a photo of a girl with the capt that says, ` ` are we friends?? '",,,,,,,,,,,,,
image_1275.jpg,a photo of some people with different facial expressions,,,,,,,,,,,,,
image_1276.jpg,a photo of superman and superman in the same scene,,,,,,,,,,,,,
image_1277.jpg,"a photo of two cartoon characters, one of them and the other is saying something to friends",,,,,,,,,,,,,
image_1278.jpg,a photo of a man holding a glass in his hand,,,,,,,,,,,,,
image_1279.jpg,a photo of two girls wearing hats and sunglasses,,,,,,,,,,,,,
image_128.jpg,a photo of a man in a white jacket,,,,,,,,,,,,,
image_1280.jpg,a photo of a man and woman talking to each other people,,,,,,,,,,,,,
image_1281.jpg,a photo of an illustration of a dinosaur with the words ' all my friends are dead ',,,,,,,,,,,,,
image_1282.jpeg,a photo of a man laying in a bathtub,,,,,,,,,,,,,
image_1283.jpg,a photo of a man and woman sitting on a motorcycle,,,,,,,,,,,,,
image_1284.jpg,a photo of two girls in cheerleading uniforms,,,,,,,,,,,,,
image_1285.jpeg,a photo of two people standing next to each other people,,,,,,,,,,,,,
image_1286.jpg,a photo of a man with his hand on his head,,,,,,,,,,,,,
image_1287.jpg,"a photo of a cartoon character sitting in a chair with the capt that says, this is just ketch",,,,,,,,,,,,,
image_1288.png,a photo of a man sitting at a table in a restaurant,,,,,,,,,,,,,
image_1289.jpeg,a photo of a person wearing a helmet and holding a gun,,,,,,,,,,,,,
image_129.jpg,a photo of a man in a suit and tie,,,,,,,,,,,,,
image_1290.jpg,a photo of a man talking on the phone,,,,,,,,,,,,,
image_1291.jpg,a photo of a woman with four different expressions,,,,,,,,,,,,,
image_1292.jpg,a photo of a man with a flower in his hand,,,,,,,,,,,,,
image_1293.jpg,a photo of a woman with her hands up in the air,,,,,,,,,,,,,
image_1294.jpg,a photo of a man singing into a microphone,,,,,,,,,,,,,
image_1295.jpg,a photo of a child with glasses on his face,,,,,,,,,,,,,
image_1296.jpg,a photo of a person ' s hand holding a red hat,,,,,,,,,,,,,
image_1297.jpg,a photo of two circles with the words ' when you send your friends mes that they already sent,,,,,,,,,,,,,
image_1298.jpg,a photo of two women talking to each other women,,,,,,,,,,,,,
image_1299.jpg,a photo of two people sitting at a table,,,,,,,,,,,,,
image_13.png,"a photo of the face of a man in a blue shirt, with the capt that reads, i did",,,,,,,,,,,,,
image_130.png,a photo of a man in a suit with his hand on his head,,,,,,,,,,,,,
image_1300.jpg,a photo of two women standing in front of a tv screen,,,,,,,,,,,,,
image_1301.jpeg,a photo of a person sitting on a couch with a television in the background,,,,,,,,,,,,,
image_1302.jpeg,a photo of a bear with the capt that reads when you miss your best friend and there ' s nothing,,,,,,,,,,,,,
image_1303.jpg,a photo of a man and woman sitting on a couch talking to each other people,,,,,,,,,,,,,
image_1304.jpg,a photo of a man looking at his phone,,,,,,,,,,,,,
image_1305.jpg,a photo of a woman ' s ear with an ear piercing,,,,,,,,,,,,,
image_1306.jpg,a photo of a dog and a cat on a bed,,,,,,,,,,,,,
image_1307.png,a photo of two minions with the words best friends,,,,,,,,,,,,,
image_1308.jpg,a photo of a man talking on the phone,,,,,,,,,,,,,
image_1309.jpg,a photo of two women standing next to each other women,,,,,,,,,,,,,
image_131.jpg,a photo of a man sitting on a couch with an image of the sm and smt,,,,,,,,,,,,,
image_1310.jpg,a photo of buzz and buzz from toy story,,,,,,,,,,,,,
image_1311.jpg,a photo of a girl pushing a yellow suitcase,,,,,,,,,,,,,
image_1312.jpeg,a photo of two women in wedding dresses,,,,,,,,,,,,,
image_1313.jpg,a photo of a dog sticking its tongue out,,,,,,,,,,,,,
image_1314.jpg,a photo of a man driving in a car,,,,,,,,,,,,,
image_1315.jpg,a photo of a man crying with his eyes closed,,,,,,,,,,,,,
image_1316.png,a photo of a bride and groom kissing in the rain,,,,,,,,,,,,,
image_1317.jpg,"a photo of a woman in a room with the capt that says, i may play the fool times but",,,,,,,,,,,,,
image_1318.jpg,a photo of two men sitting on a couch,,,,,,,,,,,,,
image_1319.jpg,a photo of a man with grey hair and beards,,,,,,,,,,,,,
image_132.png,a photo of a man in a suit holding a basketball hoop,,,,,,,,,,,,,
image_1320.png,a photo of a man and woman sitting next to each other people,,,,,,,,,,,,,
image_1321.jpeg,a photo of donald and hillary,,,,,,,,,,,,,
image_1322.jpg,a photo of a woman with the words fake as friends? an body of the rat,,,,,,,,,,,,,
image_1323.jpg,a photo of a man with a white shirt and sunglasses,,,,,,,,,,,,,
image_1324.jpg,a photo of a little girl with a fire in the background,,,,,,,,,,,,,
image_1325.jpg,a photo of two people and one is laughing,,,,,,,,,,,,,
image_1326.jpg,a photo of the face of a man with two different expressions,,,,,,,,,,,,,
image_1327.jpg,a photo of a girl with a quote on it,,,,,,,,,,,,,
image_1328.jpg,a photo of a man with a cigarette in his mouth,,,,,,,,,,,,,
image_1329.jpg,a photo of a man in a suit sitting at a table,,,,,,,,,,,,,
image_133.jpg,a photo of a man holding a glass of wine,,,,,,,,,,,,,
image_1330.png,a photo of a man hugging a woman,,,,,,,,,,,,,
image_1331.jpg,a photo of two men standing next to each other man,,,,,,,,,,,,,
image_1332.jpg,a photo of a man sleeping on a couch,,,,,,,,,,,,,
image_1333.jpg,a photo of a man with his head in his hands,,,,,,,,,,,,,
image_1334.jpg,"a photo of two minion minionss with text that reads, ` never friends until '",,,,,,,,,,,,,
image_1335.png,"a photo of a woman laying on a couch with the capt that reads, friends try to make you sad",,,,,,,,,,,,,
image_1336.jpg,a photo of a man holding a bottle of beer,,,,,,,,,,,,,
image_1337.jpg,a photo of people in a crowd with the words when i ' m my friend in public,,,,,,,,,,,,,
image_1338.png,a photo of two women sitting on a couch,,,,,,,,,,,,,
image_1339.jpg,a photo of a young boy with the capt that reads gets injured of his friend they video tape it,,,,,,,,,,,,,
image_134.jpg,a photo of a man in a suit holding a glass,,,,,,,,,,,,,
image_1340.jpeg,a photo of two people drinking wine sticker,,,,,,,,,,,,,
image_1341.jpg,a photo of a man with a cigarette in his mouth,,,,,,,,,,,,,
image_1342.jpg,"a photo of two smiley faces with text that reads, ` happy ' two friends together",,,,,,,,,,,,,
image_1343.jpg,a photo of a man with an evil look on his face that says i got no friends,,,,,,,,,,,,,
image_1344.png,a photo of a group of dolls on a table,,,,,,,,,,,,,
image_1345.jpg,"a photo of a black background with the words, if you have crazy friends",,,,,,,,,,,,,
image_1346.jpg,a photo of two people sitting on a couch,,,,,,,,,,,,,
image_1347.jpeg,a photo of a man in a blue shirt talking to another man,,,,,,,,,,,,,
image_1348.jpeg,a photo of a man in a hat pointing at the camera,,,,,,,,,,,,,
image_1349.png,"a photo of a girl with her eyes closed and the capt reads, i don ' t get married but",,,,,,,,,,,,,
image_135.jpg,a photo of a man holding a glass of champagne,,,,,,,,,,,,,
image_1350.png,a photo of a group of friends laughing together,,,,,,,,,,,,,
image_1351.png,a photo of two men sitting on a bench,,,,,,,,,,,,,
image_1352.jpg,a photo of a man with blonde hair,,,,,,,,,,,,,
image_1353.jpg,a photo of two men with tattoos on their faces,,,,,,,,,,,,,
image_1354.jpg,a photo of two women standing next to each other women,,,,,,,,,,,,,
image_1355.jpg,a photo of a man in a suit and tie,,,,,,,,,,,,,
image_1356.png,a photo of two people with their mouths open,,,,,,,,,,,,,
image_1357.jpg,a photo of a man and woman in a kitchen,,,,,,,,,,,,,
image_1358.png,"a photo of two girls sitting in a car with the capt that reads, me and my friends way to",,,,,,,,,,,,,
image_1359.png,a photo of two people talking to each other person,,,,,,,,,,,,,
image_136.jpg,a photo of a woman with glasses and a green sweater,,,,,,,,,,,,,
image_1360.jpg,"a photo of a pink background with the words kindergarten, day two who ' s you with a daughter?",,,,,,,,,,,,,
image_1361.png,a photo of a cat standing on the ground,,,,,,,,,,,,,
image_1362.png,"a photo of a man in a white shirt with the capt that reads, you lift up?",,,,,,,,,,,,,
image_1363.jpg,a photo of a cat that is laying down,,,,,,,,,,,,,
image_1364.jpg,"a photo of two cartoon characters, one is talking to the other",,,,,,,,,,,,,
image_1365.jpg,"a photo of a cartoon character with the capt that reads, not friends who show europe or they don",,,,,,,,,,,,,
image_1366.png,"a photo of a woman in a yellow top with the capt that reads, ' best friends '",,,,,,,,,,,,,
image_1367.jpg,a photo of a man with his mouth open,,,,,,,,,,,,,
image_1368.jpg,a photo of a woman with her hair blowing in the wind,,,,,,,,,,,,,
image_1369.png,a photo of the walking dead with a gun in his hand,,,,,,,,,,,,,
image_137.jpg,a photo of a man in a suit sitting on a couch,,,,,,,,,,,,,
image_1370.png,a photo of a woman with glasses on,,,,,,,,,,,,,
image_1371.png,a photo of a school sign with the words me can wait to make my friends at the new school,,,,,,,,,,,,,
image_1372.png,a photo of a man and woman sitting on a roof,,,,,,,,,,,,,
image_1373.jpg,a photo of an old man sitting in front of a store,,,,,,,,,,,,,
image_1374.jpg,a photo of a thomas the tank train in a tunnel,,,,,,,,,,,,,
image_1375.jpg,a photo of a thomas the tank engine train,,,,,,,,,,,,,
image_1376.jpg,"a photo of a cartoon character with text that reads, ` ` ' yeah whatever",,,,,,,,,,,,,
image_1377.png,a photo of a man wearing a top hat and bow tie,,,,,,,,,,,,,
image_1378.jpg,a photo of a man in a suit and hat,,,,,,,,,,,,,
image_1379.png,"a photo of a quote that says, ' we are best friends because they love each other people",,,,,,,,,,,,,
image_138.jpg,a photo of a man in a suit and tie,,,,,,,,,,,,,
image_1380.jpg,a photo of a man in a suit and bow tie,,,,,,,,,,,,,
image_1381.png,"a photo of two people in a kitchen with the capt that reads, you kissed a guy?",,,,,,,,,,,,,
image_1382.jpg,a photo of a man in a red shirt pointing at the camera,,,,,,,,,,,,,
image_1383.jpg,a photo of a man in a suit and tie with the capt that says you constantly judge,,,,,,,,,,,,,
image_1384.jpg,"a photo of a man in a purple suit with the capt that says oh, you take adel?",,,,,,,,,,,,,
image_1385.png,"a photo of a man in a purple jacket and bow tie, with the words my awesome memext",,,,,,,,,,,,,
image_1386.png,a photo of a man wearing a top hat and bow tie,,,,,,,,,,,,,
image_1387.png,a photo of a man wearing a top hat with the words we are musicians,,,,,,,,,,,,,
image_1388.jpg,a photo of four horses standing in a field,,,,,,,,,,,,,
image_1389.png,"a photo of people in a crowd with text that reads, when you ' re your friends, they are",,,,,,,,,,,,,
image_139.jpg,a photo of two people sitting at a table,,,,,,,,,,,,,
image_1390.png,"a photo of two anime characters, one with green eyes and the other with red eyes",,,,,,,,,,,,,
image_1391.png,a photo of two people sitting on an airplane,,,,,,,,,,,,,
image_1392.png,a photo of a man drinking from a cup,,,,,,,,,,,,,
image_1393.png,a photo of a man drinking from a bottle,,,,,,,,,,,,,
image_1394.png,a photo of a man in a blue shirt talking to another man,,,,,,,,,,,,,
image_1395.jpg,a photo of two children hugging on the ground,,,,,,,,,,,,,
image_1396.jpg,"a photo of a cartoon character with the capt that reads, ` when your friend gets hurt on a trip",,,,,,,,,,,,,
image_1397.png,"a photo of a man with a cigarette in his mouth and a quote that reads, when you ' re",,,,,,,,,,,,,
image_1398.png,"a photo of a nintendo game with the capt that reads, when you ' ret your friend and they",,,,,,,,,,,,,
image_1399.png,a photo of a man in a red and green striped shirt,,,,,,,,,,,,,
image_14.png,a photo of the same memes in 2019,,,,,,,,,,,,,
image_140.jpg,a photo of a man in a suit and tie holding a cigarette,,,,,,,,,,,,,
image_1400.jpg,a photo of two people sitting in a car,,,,,,,,,,,,,
image_1401.jpg,a photo of a man with a hat on his head,,,,,,,,,,,,,
image_1402.jpg,"a photo of a man in a purple suit and top hat, with the capt that says you ' re",,,,,,,,,,,,,
image_1403.jpg,a photo of an old man with a funny expression on his face,,,,,,,,,,,,,
image_1404.png,a photo of a woman with long black hair,,,,,,,,,,,,,
image_1405.png,a photo of a man in a red hoodie with the words ' why have no friends? ',,,,,,,,,,,,,
image_1406.jpg,a photo of a group of people with green hair,,,,,,,,,,,,,
image_1407.png,a photo of a man with a quote on it,,,,,,,,,,,,,
image_1408.jpg,a photo of a man wearing a top hat and bow tie,,,,,,,,,,,,,
image_1409.jpg,a photo of the pope giving a speech,,,,,,,,,,,,,
image_141.jpg,a photo of two people sitting on a couch,,,,,,,,,,,,,
image_1410.png,a photo of a man wearing a hat and bow tie,,,,,,,,,,,,,
image_1411.png,"a photo of two men, one with a hat and the other wearing a top hat",,,,,,,,,,,,,
image_1412.jpg,a photo of a man with long hair and a mustache,,,,,,,,,,,,,
image_1413.jpg,a photo of a man with his arms in the air,,,,,,,,,,,,,
image_1414.jpg,a photo of an old man with long hair and a beard,,,,,,,,,,,,,
image_1415.jpeg,a photo of a cartoon character in a purple suit and top hat,,,,,,,,,,,,,
image_1416.png,a photo of a bear sitting on a log,,,,,,,,,,,,,
image_1417.png,a photo of a man with long black hair,,,,,,,,,,,,,
image_1418.png,a photo of a person with their hands up in the air,,,,,,,,,,,,,
image_1419.png,a photo of two men laughing and one wearing a hat,,,,,,,,,,,,,
image_142.jpg,a photo of two men looking at each other man ' s face,,,,,,,,,,,,,
image_1420.png,a photo of an older man wearing a straw hat,,,,,,,,,,,,,
image_1421.jpg,a photo of a man putting his shoe in the aisle,,,,,,,,,,,,,
image_1422.jpg,a photo of a man with a cigarette in his mouth,,,,,,,,,,,,,
image_1423.jpg,"a photo of a man in a suit and hat with the capt that reads, ' i ' m '",,,,,,,,,,,,,
image_1424.png,a photo of a man in a suit holding a book,,,,,,,,,,,,,
image_1425.jpg,a photo of a statue of an old man with his hand on his chest,,,,,,,,,,,,,
image_1426.jpg,a photo of a man in a top hat and bow tie,,,,,,,,,,,,,
image_1427.jpg,"a photo of a man with the capt that reads, ` when you see me about it ' s not",,,,,,,,,,,,,
image_1428.jpeg,a photo of person eating an apple in the middle of a garden,,,,,,,,,,,,,
image_1429.jpg,a photo of an old man in a top hat,,,,,,,,,,,,,
image_143.png,a photo of a man in a suit and tie,,,,,,,,,,,,,
image_1430.jpg,"a photo of a man in a top hat with the capt that reads, you ' re your problems on",,,,,,,,,,,,,
image_1431.jpeg,a photo of a man in a purple suit and top hat,,,,,,,,,,,,,
image_1432.jpg,a photo of a woman sitting on a couch,,,,,,,,,,,,,
image_1433.jpg,a photo of a man with glasses and a red shirt,,,,,,,,,,,,,
image_1434.jpg,"a photo of a man in a top hat with the capt that reads, ` ' you ' re standing",,,,,,,,,,,,,
image_1435.jpeg,a photo of two men laughing at each other man,,,,,,,,,,,,,
image_1436.jpg,"a photo of a man in a white shirt and bow tie, with the capt that says, you ' reting you lose go day sir",,,,,,,,,,,,,
image_1437.jpg,a photo of a man wearing a top hat,,,,,,,,,,,,,
image_1438.jpg,a photo of a woman sitting on a bed with the capt that reads your face when she ' s having,,,,,,,,,,,,,
image_1439.jpg,a photo of a man wearing a top hat and bow tie,,,,,,,,,,,,,
image_144.png,a photo of three men sitting on a couch,,,,,,,,,,,,,
image_1440.jpg,"a photo of a man in a top hat with the capt that reads, i ' m considering that means",,,,,,,,,,,,,
image_1441.jpg,a photo of a girl holding two cans of beer,,,,,,,,,,,,,
image_1442.jpg,"a photo of a girl with the capt that reads, you crazy girlfriend looking in your door like",,,,,,,,,,,,,
image_1443.jpg,a photo of a woman with a man in the background,,,,,,,,,,,,,
image_1444.jpg,a photo of a girl with long brown hair,,,,,,,,,,,,,
image_1445.jpg,a photo of a man in a suit talking to another man,,,,,,,,,,,,,
image_1446.jpg,a photo of a man and woman talking to each other people,,,,,,,,,,,,,
image_1447.jpg,a photo of the couple ' s twitter account,,,,,,,,,,,,,
image_1448.jpeg,a photo of a man in a suit eating food,,,,,,,,,,,,,
image_1449.jpeg,a photo of a sign that reads ` ` now hiring a girlfriend ',,,,,,,,,,,,,
image_145.png,a photo of a man in a suit and tie,,,,,,,,,,,,,
image_1450.jpg,"a photo of a man and woman with text that reads, ` the girl you get '",,,,,,,,,,,,,
image_1451.jpeg,a photo of a cat being fed by someone,,,,,,,,,,,,,
image_1452.jpeg,a photo of a girl talking on the phone,,,,,,,,,,,,,
image_1453.jpg,a photo of a woman in a santa hat,,,,,,,,,,,,,
image_1454.jpg,"a photo of two people sitting on a couch, one is smiling and the other is looking at the camera",,,,,,,,,,,,,
image_1455.jpg,"a photo of two young children with the capt that says, ` when you ' re '",,,,,,,,,,,,,
image_1456.jpg,a photo of a woman with long brown hair,,,,,,,,,,,,,
image_1457.jpg,a photo of a woman in a field with text that reads how to park your girlfriend,,,,,,,,,,,,,
image_1458.png,a photo of two people playing video games,,,,,,,,,,,,,
image_1459.jpg,a photo of a man hugging a woman with the text ` ` when he goes out looking god ',,,,,,,,,,,,,
image_146.jpg,a photo of a child dressed as a cat,,,,,,,,,,,,,
image_1460.jpg,a photo of a baby looking up at the camera,,,,,,,,,,,,,
image_1461.jpg,a photo of a woman in a black dress,,,,,,,,,,,,,
image_1462.jpg,a photo of a woman with her mouth open,,,,,,,,,,,,,
image_1463.jpg,a photo of a girl smiling and looking up at the camera,,,,,,,,,,,,,
image_1464.jpg,a photo of a man in a green shirt,,,,,,,,,,,,,
image_1465.jpg,a photo of a young man in a kitchen,,,,,,,,,,,,,
image_1466.jpg,a photo of a person ' s hand with a tattoo on it,,,,,,,,,,,,,
image_1467.jpg,a photo of a woman with long black hair,,,,,,,,,,,,,
image_1468.jpg,a photo of a guy that says i ' ll never have a girlfriend,,,,,,,,,,,,,
image_1469.jpg,a photo of a woman with blood all over her face,,,,,,,,,,,,,
image_147.jpg,a photo of a man in a suit and tie,,,,,,,,,,,,,
image_1470.jpg,"a photo of a bald bald man with the capt that reads, when you ' reting your hair and",,,,,,,,,,,,,
image_1471.jpg,a photo of a man holding a baby in his arms,,,,,,,,,,,,,
image_1472.jpg,a photo of a dog on a boat,,,,,,,,,,,,,
image_1473.jpg,a photo of a man in a suit and tie holding a card,,,,,,,,,,,,,
image_1474.jpg,a photo of a girl with glasses and a cell phone,,,,,,,,,,,,,
image_1475.jpg,a photo of a child with the capt that says she told me,,,,,,,,,,,,,
image_1476.png,"a photo of a girl and a guy with text that reads, a real friend like you",,,,,,,,,,,,,
image_1477.jpg,a photo of a little girl with a birthday cake,,,,,,,,,,,,,
image_1478.jpg,a photo of a girl with her face in the middle of the image,,,,,,,,,,,,,
image_1479.jpg,"a photo of a frog with the capt that reads oh, you ' vey somebody that looks like?",,,,,,,,,,,,,
image_148.jpg,a photo of two men sitting at a table,,,,,,,,,,,,,
image_1480.jpg,a photo of a woman and a child with the capt that says who is angelina person and where is she,,,,,,,,,,,,,
image_1481.jpg,a photo of a woman talking on the phone,,,,,,,,,,,,,
image_1482.png,"a photo of a woman and a man in a green dress, with the capt that reads don ' t",,,,,,,,,,,,,
image_1483.png,a photo of a woman with long brown hair and a flower in her hair,,,,,,,,,,,,,
image_1484.jpg,a photo of the driver ' s hand on the steering of a car,,,,,,,,,,,,,
image_1485.jpg,a photo of yo yo and yo in the star wars,,,,,,,,,,,,,
image_1486.jpg,a photo of a man with a beard in front of an audience,,,,,,,,,,,,,
image_1487.jpg,a photo of a man in a suit and tie,,,,,,,,,,,,,
image_1488.jpg,a photo of two people kissing on the floor,,,,,,,,,,,,,
image_1489.jpg,a photo of a woman sitting on a couch,,,,,,,,,,,,,
image_149.png,a photo of a man and woman talking to each other people,,,,,,,,,,,,,
image_1490.jpg,a photo of a child sitting on a couch reading a book,,,,,,,,,,,,,
image_1491.jpg,a photo of a pair of shoes on the floor,,,,,,,,,,,,,
image_1492.jpg,a photo of a little girl sitting in a car,,,,,,,,,,,,,
image_1493.jpg,a photo of a dog with a shirt on it ' s head,,,,,,,,,,,,,
image_1494.png,"a photo of a pio pokemon with the capt that reads, ' my girlfriend at any friend gets an",,,,,,,,,,,,,
image_1495.jpg,a photo of an electrical outlet with the words person my girlfriend she ' s trying,,,,,,,,,,,,,
image_1496.jpg,a photo of a group of people sitting on a couch,,,,,,,,,,,,,
image_1497.jpg,a photo of a girl with a cat on her lap looking at a laptop,,,,,,,,,,,,,
image_1498.jpg,a photo of a man with long hair and glasses holding a microphone,,,,,,,,,,,,,
image_1499.jpg,a photo of a girl and a cat,,,,,,,,,,,,,
image_15.jpg,a photo of a man in a red shirt leaning against a wall,,,,,,,,,,,,,
image_150.png,a photo of some people in suits and ties,,,,,,,,,,,,,
image_1500.jpg,a photo of a man in a suit and tie with the capt that reads when he knows you ' ve,,,,,,,,,,,,,
image_1501.jpg,a photo of a girl with glasses and a green shirt,,,,,,,,,,,,,
image_1502.png,a photo of a baby with the capt that says i love my girlfriend,,,,,,,,,,,,,
image_1503.png,a photo of a man in a hat pointing at the camera,,,,,,,,,,,,,
image_1504.jpg,a photo of a person sleeping on a bed,,,,,,,,,,,,,
image_1505.png,a photo of a man and woman sitting on a bench,,,,,,,,,,,,,
image_1506.jpg,a photo of a woman with the words i ' m happy for her said girlfriend ever,,,,,,,,,,,,,
image_1507.jpg,a photo of a girl with the capt that says i rant you today with my car,,,,,,,,,,,,,
image_1508.png,a photo of a girl with the capt on her face,,,,,,,,,,,,,
image_1509.jpg,a photo of a girl with the capt that says i don ' t he ' s a doctor,,,,,,,,,,,,,
image_151.jpg,a photo of two men standing in front of a bar,,,,,,,,,,,,,
image_1510.jpg,a photo of a girl with fire in the background,,,,,,,,,,,,,
image_1511.jpg,a photo of a baby sitting on the beach,,,,,,,,,,,,,
image_1512.jpg,a photo of a man and woman talking to each other people,,,,,,,,,,,,,
image_1513.jpg,a photo of a woman with long black hair,,,,,,,,,,,,,
image_1514.jpg,a photo of a child holding a heart,,,,,,,,,,,,,
image_1515.jpg,a photo of a woman in a pink top,,,,,,,,,,,,,
image_1516.png,a photo of a young boy with the capt that reads make a girl laugh by asking her out,,,,,,,,,,,,,
image_1517.jpg,a photo of a fish in the water,,,,,,,,,,,,,
image_1518.png,a photo of a man and woman with text that reads me as a girlfriend,,,,,,,,,,,,,
image_1519.jpg,"a photo of a man in a white shirt and blue shirt, with the capt that says he ' ll",,,,,,,,,,,,,
image_152.png,a photo of a man in a suit holding a cell,,,,,,,,,,,,,
image_1520.png,"a photo of a pokemon meme, with the capt that says it ' s not funny",,,,,,,,,,,,,
image_1521.png,a photo of a woman in a red dress,,,,,,,,,,,,,
image_1522.jpg,a photo of a girl sitting on a couch,,,,,,,,,,,,,
image_1523.jpg,a photo of a man with long hair and beards talking on the phone,,,,,,,,,,,,,
image_1524.png,a photo of a girl with the capt in spanish,,,,,,,,,,,,,
image_1525.jpg,a photo of a girl with a smile on her face,,,,,,,,,,,,,
image_1526.jpg,"a photo of an anime girl with the capt that reads, i had you have a new girlfriend? tell",,,,,,,,,,,,,
image_1527.jpg,a photo of a girl in a pink dress with the words above her,,,,,,,,,,,,,
image_1528.jpg,a photo of a girl with a hat on her head,,,,,,,,,,,,,
image_1529.jpg,a photo of a woman with her mouth open,,,,,,,,,,,,,
image_153.png,a photo of a man in a suit with the words best of barney,,,,,,,,,,,,,
image_1530.jpg,a photo of a woman sitting on a bed,,,,,,,,,,,,,
image_1531.jpg,a photo of a woman with her hand on her face,,,,,,,,,,,,,
image_1532.png,a photo of a person sleeping in bed,,,,,,,,,,,,,
image_1533.jpg,a photo of a man with a hat on,,,,,,,,,,,,,
image_1534.png,a photo of a woman talking to a child,,,,,,,,,,,,,
image_1535.png,a photo of a woman sitting in a chair drinking wine,,,,,,,,,,,,,
image_1536.png,a photo of a woman with her hands in the air,,,,,,,,,,,,,
image_1537.png,a photo of two children playing in the street,,,,,,,,,,,,,
image_1538.png,a photo of two people walking down the street,,,,,,,,,,,,,
image_1539.jpg,a photo of a man and woman walking down the street,,,,,,,,,,,,,
image_154.png,a photo of a man in a car with a quote on it,,,,,,,,,,,,,
image_1540.jpg,"a photo of a woman sitting on a couch with the capt that reads, ' i ' m ' er",,,,,,,,,,,,,
image_1541.jpg,a photo of two people walking down the street,,,,,,,,,,,,,
image_1542.jpg,"a photo of a man with his head in the water, and the capt that reads how i ' m",,,,,,,,,,,,,
image_1543.jpg,a photo of an animal standing on top of a building,,,,,,,,,,,,,
image_1544.png,a photo of a man kissing a woman,,,,,,,,,,,,,
image_1545.png,"a photo of a man in a cowboy hat with the capt that reads, when you ' reting your",,,,,,,,,,,,,
image_1546.png,a photo of a woman talking on the phone,,,,,,,,,,,,,
image_1547.jpg,a photo of a group of people doing gymnastics,,,,,,,,,,,,,
image_1548.jpg,a photo of a woman with long black hair,,,,,,,,,,,,,
image_1549.png,"a photo of a fox with the capt that reads, when you ' re your friends",,,,,,,,,,,,,
image_155.png,a photo of a doctor talking to a patient,,,,,,,,,,,,,
image_1550.png,"a photo of a man in a suit and bow tie, with the capt that reads when you ' re",,,,,,,,,,,,,
image_1551.png,a photo of a woman yelling at someone,,,,,,,,,,,,,
image_1552.png,"a photo of a woman in an orange shirt with the capt that reads, your girl she ' s mad",,,,,,,,,,,,,
image_1553.jpg,a photo of a man in a suit and tie,,,,,,,,,,,,,
image_1554.jpg,a photo of a man in a suit and tie,,,,,,,,,,,,,
image_1555.png,a photo of an alien logo with the words aliens on it,,,,,,,,,,,,,
image_1556.jpg,a photo of two men talking to each other man,,,,,,,,,,,,,
image_1557.png,a photo of a man holding up a picture of two pokemons,,,,,,,,,,,,,
image_1558.jpg,"a photo of a woman with her hand on her head, saying i wanted person but he got an exchange",,,,,,,,,,,,,
image_1559.jpg,a photo of a man in a suit and tie,,,,,,,,,,,,,
image_156.png,"a photo of two men sitting on a couch, one is talking to the other man",,,,,,,,,,,,,
image_1560.jpg,a photo of a man in a purple suit talking to another man,,,,,,,,,,,,,
image_1561.jpeg,a photo of an alien looking at the camera,,,,,,,,,,,,,
image_1562.jpg,a photo of a man in a suit and tie,,,,,,,,,,,,,
image_1563.jpg,a photo of the avengers movie characters,,,,,,,,,,,,,
image_1564.jpg,a photo of a man in a suit and tie,,,,,,,,,,,,,
image_1565.jpg,a photo of a man in a suit and tie,,,,,,,,,,,,,
image_1566.png,a photo of two men talking to each other man,,,,,,,,,,,,,
image_1567.jpg,a photo of a man in a suit and tie,,,,,,,,,,,,,
image_1568.jpg,"a photo of a man in a suit and tie, with the capt that reads so, what do you",,,,,,,,,,,,,
image_1569.jpg,a photo of a man in a suit and tie with the capt that says egyptian but the pyramids,,,,,,,,,,,,,
image_157.png,a photo of a man in a suit with a pie pie on his face,,,,,,,,,,,,,
image_1570.jpg,a photo of a man with a watch on his wrist,,,,,,,,,,,,,
image_1571.jpg,a photo of two men sitting in front of a microphone,,,,,,,,,,,,,
image_1572.jpg,a photo of a man in a suit talking to someone,,,,,,,,,,,,,
image_1573.jpg,a photo of a man in a suit holding a glass,,,,,,,,,,,,,
image_1574.jpeg,a photo of a man in a suit and tie,,,,,,,,,,,,,
image_1575.jpg,"a photo of a pink background with a quote that says, the difference between",,,,,,,,,,,,,
image_1576.png,a photo of a spider sitting at a desk,,,,,,,,,,,,,
image_1577.png,"a photo of a man standing on top of rocks with the words, the first is to heaven",,,,,,,,,,,,,
image_1578.png,a photo of two soccer players talking to each other player,,,,,,,,,,,,,
image_1579.png,a photo of a man talking to a woman,,,,,,,,,,,,,
image_158.jpg,a photo of a man holding a sign,,,,,,,,,,,,,
image_1580.jpg,a photo of a kitten playing with its paws,,,,,,,,,,,,,
image_1581.jpg,a photo of a man in a suit and tie,,,,,,,,,,,,,
image_1582.png,a photo of a girl talking to another girl in the middle school,,,,,,,,,,,,,
image_1583.jpg,a photo of a man in a suit and tie,,,,,,,,,,,,,
image_1584.png,a photo of hillary sanders with the capt that says she ' s not happy,,,,,,,,,,,,,
image_1585.png,a photo of a man with grey hair and beards,,,,,,,,,,,,,
image_1586.png,a photo of a train that is on the tracks,,,,,,,,,,,,,
image_1587.png,a photo of a soccer player with a quote on it,,,,,,,,,,,,,
image_1588.png,a photo of a man in a suit and tie,,,,,,,,,,,,,
image_1589.jpg,a photo of a man holding up a trophy,,,,,,,,,,,,,
image_159.jpg,a photo of a man with glasses and mustaches,,,,,,,,,,,,,
image_1590.jpg,a photo of a man in a suit and tie,,,,,,,,,,,,,
image_1591.png,a photo of two men standing next to each other men,,,,,,,,,,,,,
image_1592.jpg,a photo of a man with long hair and an alien head on the wall,,,,,,,,,,,,,
image_1593.png,a photo of a man holding a bottle of water,,,,,,,,,,,,,
image_1594.png,a photo of a man in a suit pointing at a map,,,,,,,,,,,,,
image_1595.png,a photo of a cartoon character saying not sure yesterdays fireworks show for independence day,,,,,,,,,,,,,
image_1596.png,a photo of a man in a suit talking to someone,,,,,,,,,,,,,
image_1597.jpg,a photo of a man in a suit and tie pointing at the camera,,,,,,,,,,,,,
image_1598.jpg,a photo of a man holding a cat,,,,,,,,,,,,,
image_1599.jpg,a photo of a man in a suit smoking a cigarette,,,,,,,,,,,,,
image_16.png,a photo of a woman wearing a pink and white dress,,,,,,,,,,,,,
image_160.jpg,a photo of a man standing in a field,,,,,,,,,,,,,
image_1600.jpg,"a photo of a man in a hat with the words, ' first thought was the bacon but i didn",,,,,,,,,,,,,
image_1601.jpg,a photo of a man in a red sweater sitting at a table,,,,,,,,,,,,,
image_1602.jpg,a photo of a man in a suit sitting at a table,,,,,,,,,,,,,
image_1603.jpg,a photo of a man in a suit and tie,,,,,,,,,,,,,
image_1604.jpg,a photo of a bear that says i ' veal the twilight movie but none,,,,,,,,,,,,,
image_1605.jpg,a photo of a man in a trench coat pointing at the camera,,,,,,,,,,,,,
image_1606.jpg,a photo of a man in a suit smoking a cigarette,,,,,,,,,,,,,
image_1607.jpg,a photo of a person sleeping on a couch,,,,,,,,,,,,,
image_1608.jpg,a photo of a man smoking a cigarette,,,,,,,,,,,,,
image_1609.jpg,a photo of a man in a suit and bow tie,,,,,,,,,,,,,
image_161.jpg,"a photo of a man in a suit and tie with the capt that says, what do you think?",,,,,,,,,,,,,
image_1610.jpg,a photo of a man in a tuxed suit,,,,,,,,,,,,,
image_1611.jpg,"a photo of a man in a suit and bow tie with text that reads, i want you to go",,,,,,,,,,,,,
image_1612.jpg,a photo of a person with a brain in the background,,,,,,,,,,,,,
image_1613.png,a photo of a man with glasses and a hat,,,,,,,,,,,,,
image_1614.jpg,a photo of a man in a suit and bow tie with the quote great men are not great they grow,,,,,,,,,,,,,
image_1615.PNG,"a photo of a woman sitting on a couch with the capt that reads, ` ` '",,,,,,,,,,,,,
image_1616.png,"a photo of a city with a red sky in the background and text that reads, i like to drink",,,,,,,,,,,,,
image_1617.png,a photo of a man in a suit and tie,,,,,,,,,,,,,
image_1618.jpg,a photo of a man in a suit sitting on a couch,,,,,,,,,,,,,
image_1619.png,a photo of two men with headphones on,,,,,,,,,,,,,
image_162.jpg,a photo of a man with long hair and a smile,,,,,,,,,,,,,
image_1620.jpg,a photo of two men standing next to each other men,,,,,,,,,,,,,
image_1621.png,a photo of a man in a suit sitting at a table,,,,,,,,,,,,,
image_1622.png,a photo of a man in a suit and tie,,,,,,,,,,,,,
image_1623.png,a photo of a man in a suit sitting on a chair,,,,,,,,,,,,,
image_1624.jpeg,"a photo of a baby in a green shirt with the capt that says, contact me from baby brother survived",,,,,,,,,,,,,
image_1625.jpg,a photo of a little girl holding a toy,,,,,,,,,,,,,
image_1626.png,"a photo of a man sitting at a table with the capt that reads, that moment when you ' re",,,,,,,,,,,,,
image_1627.jpg,a photo of an older man sitting in a chair,,,,,,,,,,,,,
image_1628.png,a photo of harry and hermik in harry ' s house,,,,,,,,,,,,,
image_1629.png,a photo of a man with a quote on it,,,,,,,,,,,,,
image_163.jpeg,a photo of a woman driving a car,,,,,,,,,,,,,
image_1630.png,a photo of a man wearing a suit and tie,,,,,,,,,,,,,
image_1631.png,a photo of a man in a suit and tie,,,,,,,,,,,,,
image_1632.png,a photo of a man with his hand on his chin,,,,,,,,,,,,,
image_1633.jpg,"a photo of two men in suits with the capt that reads, when your friend watches a show you '",,,,,,,,,,,,,
image_1634.jpg,a photo of two men talking to each other man,,,,,,,,,,,,,
image_1635.jpg,a photo of a man in a suit holding a gun,,,,,,,,,,,,,
image_1636.jpg,a photo of a man in a suit and tie smoking a cigarette,,,,,,,,,,,,,
image_1637.png,a photo of a baby sitting in a chair,,,,,,,,,,,,,
image_1638.jpg,a photo of a man in a suit and tie pointing at the camera,,,,,,,,,,,,,
image_1639.jpg,a photo of a man in armor with a quote on it,,,,,,,,,,,,,
image_164.jpg,a photo of a man with the capt that says it ' s been wasan he ' d like this,,,,,,,,,,,,,
image_1640.jpg,a photo of a man in a red shirt,,,,,,,,,,,,,
image_1641.jpg,a photo of a man with a beard that says all of this is unusual and it ' s making me,,,,,,,,,,,,,
image_1642.jpg,a photo of a woman with a scarf on her head,,,,,,,,,,,,,
image_1643.jpg,a photo of a man in armor holding a sword,,,,,,,,,,,,,
image_1644.jpg,"a photo of a man in a suit and tie, with the capt that says i ' m toy star",,,,,,,,,,,,,
image_1645.jpg,a photo of trump on the iron throne,,,,,,,,,,,,,
image_1646.jpg,a photo of a man with a beard and the words i am here for the big woman,,,,,,,,,,,,,
image_1647.jpg,a photo of the characters in game of thrones,,,,,,,,,,,,,
image_1648.jpg,"a photo of game of thrones with the capt that reads, i like sitting on fire",,,,,,,,,,,,,
image_1649.jpg,a photo of a man in a yellow suit with his arms outstretched,,,,,,,,,,,,,
image_165.jpg,a photo of a man in a suit and tie holding a cigarette,,,,,,,,,,,,,
image_1650.jpg,"a photo of a man in armor sitting at a table with the capt that says, i ' m name",,,,,,,,,,,,,
image_1651.jpeg,a photo of an image of the lord in the middle - earth,,,,,,,,,,,,,
image_1652.jpg,a photo of donald the wall is coming,,,,,,,,,,,,,
image_1653.jpeg,"a photo of a person in the dark with text that reads, when you ' re to watch q now",,,,,,,,,,,,,
image_1654.jpg,a photo of a man and a dragon with the capt that reads when you try to watch,,,,,,,,,,,,,
image_1655.jpg,a photo of a man with long hair,,,,,,,,,,,,,
image_1656.jpeg,a photo of the same game of thrones,,,,,,,,,,,,,
image_1657.jpeg,"a photo of two men, one with glasses and the other with beards",,,,,,,,,,,,,
image_1658.jpg,a photo of a man and woman looking at each other people,,,,,,,,,,,,,
image_1659.jpg,a photo of a woman with blood all over her face and the words game of thrones season 8 is,,,,,,,,,,,,,
image_166.jpg,a photo of a baby in a pink hat,,,,,,,,,,,,,
image_1660.jpg,a photo of a person sitting at a table,,,,,,,,,,,,,
image_1661.jpg,"a photo of two men, one with a beard and the other with an image of him",,,,,,,,,,,,,
image_1662.jpg,a photo of a man sitting in front of some trees,,,,,,,,,,,,,
image_1663.jpg,a photo of a man with a beard and an image of the same person,,,,,,,,,,,,,
image_1664.jpg,a photo of a man with long hair and beards standing next to another man,,,,,,,,,,,,,
image_1665.jpg,a photo of game of thrones with the capt that reads song of ice,,,,,,,,,,,,,
image_1666.jpg,a photo of a man with a sword in his hand,,,,,,,,,,,,,
image_1667.jpeg,a photo of a man with long hair and beards,,,,,,,,,,,,,
image_1668.png,a photo of a man and woman sitting in the snow,,,,,,,,,,,,,
image_1669.jpg,"a photo of person and person with the capt that reads, ` ` ' what do you think about?",,,,,,,,,,,,,
image_167.jpg,a photo of a man in a suit sitting at a desk,,,,,,,,,,,,,
image_1670.jpg,"a photo of a person with the capt that says, i ' m not falling for that shit again",,,,,,,,,,,,,
image_1671.jpg,"a photo of two men, one with a beard and the other with text that reads, ` i don",,,,,,,,,,,,,
image_1672.jpg,a photo of a man holding a microphone,,,,,,,,,,,,,
image_1673.jpg,a photo of a group of people in a room,,,,,,,,,,,,,
image_1674.jpg,a photo of a man wearing a fur coat,,,,,,,,,,,,,
image_1675.jpg,"a photo of an older woman in a black dress and hat with the capt that reads, ` i ' m ' t going to say anything",,,,,,,,,,,,,
image_1676.jpg,a photo of person with a quote on it,,,,,,,,,,,,,
image_1677.jpg,"a photo of a cartoon dog with the capt that says, ` ` ' in april before exams",,,,,,,,,,,,,
image_1678.jpg,a photo of a man talking to another man,,,,,,,,,,,,,
image_1679.jpg,"a photo of game of thrones with the capt that reads, ' i demand to try combat '",,,,,,,,,,,,,
image_168.jpg,a photo of two people sitting in chairs,,,,,,,,,,,,,
image_1680.png,a photo of a woman in a white dress holding a black object,,,,,,,,,,,,,
image_1681.jpg,a photo of a man in a fur coat,,,,,,,,,,,,,
image_1682.jpg,"a photo of a man with an open mouth and the capt that says, me the beginning of an episode",,,,,,,,,,,,,
image_1683.jpg,a photo of the same game of thrones,,,,,,,,,,,,,
image_1684.jpg,a photo of game of thrones,,,,,,,,,,,,,
image_1685.jpg,"a photo of a woman with red hair and blue eyes, and the capt that reads, ' only fool",,,,,,,,,,,,,
image_1686.jpg,a photo of a young girl holding a wand,,,,,,,,,,,,,
image_1687.jpg,"a photo of game of thrones with the capt that reads, ` you murdered, you should ' t",,,,,,,,,,,,,
image_1688.jpg,a photo of a man in armor with the capt that says he got the sadest,,,,,,,,,,,,,
image_1689.jpg,"a photo of the lord and his staffs, with the capt that reads to them",,,,,,,,,,,,,
image_169.jpeg,a photo of an elephant and a woman,,,,,,,,,,,,,
image_1690.jpg,a photo of a man wearing a fur coat,,,,,,,,,,,,,
image_1691.jpg,a photo of a man with a knife in his hand,,,,,,,,,,,,,
image_1692.jpg,a photo of a man in a red hat and jacket,,,,,,,,,,,,,
image_1693.jpg,a photo of a man with long hair and beards,,,,,,,,,,,,,
image_1694.jpg,a photo of a group of people in the snow,,,,,,,,,,,,,
image_1695.jpeg,a photo of a dog that is looking at the camera,,,,,,,,,,,,,
image_1696.jpg,a photo of a girl with long hair and a quote on it,,,,,,,,,,,,,
image_1697.jpg,a photo of a person with the words game of throne,,,,,,,,,,,,,
image_1698.jpg,a photo of a man with long hair and beards laughing,,,,,,,,,,,,,
image_1699.jpg,a photo of the walking dead and a picture of a man with a beard,,,,,,,,,,,,,
image_17.jpg,"a photo of a cartoon character with the capt that reads, ` ' when you ' ret memes",,,,,,,,,,,,,
image_170.jpeg,"a photo of two people, one is a man and the other has a woman",,,,,,,,,,,,,
image_1700.jpg,a photo of a man with long hair and beards that says winter is coming,,,,,,,,,,,,,
image_1701.jpg,a photo of a young man in a brown coat with the capt that says i saw with girls that night,,,,,,,,,,,,,
image_1702.jpg,"a photo of game of thrones with the capt that reads, ` when you realize that you ' re",,,,,,,,,,,,,
image_1703.jpg,"a photo of game of thrones with the capt that reads, ` ' be day '",,,,,,,,,,,,,
image_1704.jpg,a photo of two people standing in front of a table,,,,,,,,,,,,,
image_1705.jpg,a photo of a man in a fur coat,,,,,,,,,,,,,
image_1706.png,a photo of a woman in a red dress,,,,,,,,,,,,,
image_1707.jpg,a photo of the faces of game of thrones,,,,,,,,,,,,,
image_1708.jpg,"a photo of a woman in a red hoodie with the capt that reads, ' friday night monday morning",,,,,,,,,,,,,
image_1709.png,a photo of a group of people sitting on a bench,,,,,,,,,,,,,
image_171.jpeg,"a photo of a man on a motorcycle with the capt that reads, mr bean is the best example for",,,,,,,,,,,,,
image_1710.jpg,a photo of two men with the same faces,,,,,,,,,,,,,
image_1711.jpg,a photo of a group of people at a party,,,,,,,,,,,,,
image_1712.png,a photo of a man with long hair and beards,,,,,,,,,,,,,
image_1713.jpg,"a photo of a woman with red hair and blue eyes, wearing a fur coat",,,,,,,,,,,,,
image_1714.jpg,a photo of a man in armor holding a sword,,,,,,,,,,,,,
image_1715.jpg,a photo of a man with long hair and beards,,,,,,,,,,,,,
image_1716.jpg,"a photo of game of thrones with the capt that reads, i ' mg ' s amazing kids",,,,,,,,,,,,,
image_1717.jpg,"a photo of game of thrones with the capt that reads, i need to go now",,,,,,,,,,,,,
image_1718.jpg,"a photo of game of thrones with the capt that says, what do you mean??",,,,,,,,,,,,,
image_1719.png,a photo of an office space with a man wearing suspends,,,,,,,,,,,,,
image_172.jpg,a photo of a man in a suit and tie,,,,,,,,,,,,,
image_1720.png,a photo of a young man with the capt that says i hate him,,,,,,,,,,,,,
image_1721.jpg,a photo of a man with blood all over his face,,,,,,,,,,,,,
image_1722.jpg,a photo of a group of people with different expressions,,,,,,,,,,,,,
image_1723.jpg,a photo of a bride and groom walking down a path,,,,,,,,,,,,,
image_1724.jpg,"a photo of a man with long hair and beards text reads, my friends do you regreting game",,,,,,,,,,,,,
image_1725.png,a photo of a woman holding a knife in her hand,,,,,,,,,,,,,
image_1726.png,a photo of a woman drinking from a glass,,,,,,,,,,,,,
image_1727.jpg,a photo of game of thrones with the capt,,,,,,,,,,,,,
image_1728.jpg,a photo of a man standing in the snow,,,,,,,,,,,,,
image_1729.jpg,"a photo of a man in a suit and tie, with the capt that says i see you trying to",,,,,,,,,,,,,
image_173.jpg,a photo of a crowd of people at a concert,,,,,,,,,,,,,
image_1730.jpg,a photo of a man with a beard and glasses,,,,,,,,,,,,,
image_1731.jpg,a photo of two people in a room with the words behind them,,,,,,,,,,,,,
image_1732.jpg,a photo of a man with a beard and glasses,,,,,,,,,,,,,
image_1733.jpg,a photo of a person sitting on the iron throne,,,,,,,,,,,,,
image_1734.jpg,a photo of two men dancing at a party,,,,,,,,,,,,,
image_1735.jpeg,a photo of a woman sitting at a table with chess,,,,,,,,,,,,,
image_1736.jpeg,a photo of a man sitting at a table playing chess,,,,,,,,,,,,,
image_1737.jpg,a photo of a girl wearing a hoodie and looking at the camera,,,,,,,,,,,,,
image_1738.jpg,a photo of a man wearing a fur coat and holding a sword,,,,,,,,,,,,,
image_1739.png,a photo of a man in armor holding a sign,,,,,,,,,,,,,
image_174.jpg,a photo of a man in a suit and tie,,,,,,,,,,,,,
image_1740.jpg,a photo of game of thrones with the capt that reads how i ' m looking at after i didn,,,,,,,,,,,,,
image_1741.jpg,"a photo of game of thrones with the capt that reads, ' i have so you have a daughter",,,,,,,,,,,,,
image_1742.jpg,a photo of a man sitting at a table with a candle,,,,,,,,,,,,,
image_1743.png,a photo of a man and woman talking to each other people,,,,,,,,,,,,,
image_1744.jpg,a photo of a couple kissing in the woods,,,,,,,,,,,,,
image_1745.png,a photo of a man sitting in a car,,,,,,,,,,,,,
image_1746.png,"a photo of game of thrones with the capt that reads, i can ' t have children",,,,,,,,,,,,,
image_1747.jpg,a photo of a woman with long red hair,,,,,,,,,,,,,
image_1748.jpg,a photo of a man in a dark room with the words game of throne sentence,,,,,,,,,,,,,
image_1749.png,"a photo of a man with a beard and a quote that reads, this job is one of the dumb",,,,,,,,,,,,,
image_175.jpg,a photo of a man in a suit holding a microphone,,,,,,,,,,,,,
image_1750.jpg,a photo of a man with a crown on his head,,,,,,,,,,,,,
image_1751.png,a photo of an older woman in a green shirt,,,,,,,,,,,,,
image_1752.png,"a photo of two people in the snow, one is looking up at the other",,,,,,,,,,,,,
image_1753.png,a photo of a girl with a hat and scarf,,,,,,,,,,,,,
image_1754.jpg,a photo of a man with a beard and a woman wearing a crown,,,,,,,,,,,,,
image_1755.png,"a photo of a man in a dark room with the capt that reads, when you wanted to do this",,,,,,,,,,,,,
image_1756.jpg,"a photo of game of thrones with the capt that reads, they ' ret was promised",,,,,,,,,,,,,
image_1757.jpg,a photo of a man sitting at a table with an open book,,,,,,,,,,,,,
image_1758.jpg,"a photo of game of thrones with the capt that reads, when you see your sister again, but",,,,,,,,,,,,,
image_1759.jpg,a photo of a man with long white hair,,,,,,,,,,,,,
image_176.jpeg,"a photo of a man in a car with the capt that says, what do you think?",,,,,,,,,,,,,
image_1760.png,a photo of a young girl with the capt that reads what we say to socialism,,,,,,,,,,,,,
image_1761.png,"a photo of game of thrones with the capt that says, what do you know??",,,,,,,,,,,,,
image_1762.jpeg,"a photo of a man and a woman, with the capt that reads me bring over a boring topic",,,,,,,,,,,,,
image_1763.png,"a photo of game of thrones with the capt that reads, when you say you ' re",,,,,,,,,,,,,
image_1764.jpg,"a photo of the earth with text that reads, ` ' when you ' reting it ' s mouth",,,,,,,,,,,,,
image_1765.jpg,a photo of many harry potters,,,,,,,,,,,,,
image_1766.jpg,a photo of a young boy with glasses on,,,,,,,,,,,,,
image_1767.jpg,a photo of a girl holding a teddy bear,,,,,,,,,,,,,
image_1768.jpeg,a photo of a person with glasses on,,,,,,,,,,,,,
image_1769.png,a photo of a man with a smile on his face,,,,,,,,,,,,,
image_177.jpeg,a photo of a man in a suit and tie,,,,,,,,,,,,,
image_1770.jpg,"a photo of two harry potters with the capt that reads, so this is not interesting",,,,,,,,,,,,,
image_1771.jpg,a photo of harry and hermi,,,,,,,,,,,,,
image_1772.jpg,"a photo of person with the capt that reads, ` ' be wise at harry potters takes to the",,,,,,,,,,,,,
image_1773.jpg,a photo of harry and hermig from the harry potter movie,,,,,,,,,,,,,
image_1774.jpg,a photo of harry and hermik in the snow,,,,,,,,,,,,,
image_1775.jpg,a photo of two people kissing in front of a book shelf,,,,,,,,,,,,,
image_1776.jpg,a photo of a man in a suit and tie with the words like a boss,,,,,,,,,,,,,
image_1777.jpg,"a photo of a man with white hair and a quote that reads, ' i think it ' s not",,,,,,,,,,,,,
image_1778.jpg,a photo of harry ' s dinner with her friends,,,,,,,,,,,,,
image_1779.jpg,a photo of harry and hermik,,,,,,,,,,,,,
image_178.jpg,a photo of a man in a suit on the beach,,,,,,,,,,,,,
image_1780.jpg,a photo of harry and hermik in harry ' s house,,,,,,,,,,,,,
image_1781.jpg,a photo of an animal wearing glasses,,,,,,,,,,,,,
image_1782.jpg,a photo of a man with different facial expressions,,,,,,,,,,,,,
image_1783.jpg,a photo of a man with a toothbrush in his mouth,,,,,,,,,,,,,
image_1784.jpg,a photo of a man in a suit holding a gun,,,,,,,,,,,,,
image_1785.jpg,a photo of harry and hermik in harry ' s house,,,,,,,,,,,,,
image_1786.jpg,"a photo of a man in a suit and tie with the capt that says, would you like to be",,,,,,,,,,,,,
image_1787.jpeg,a photo of a person in a harry costume,,,,,,,,,,,,,
image_1788.jpeg,a photo of harry and hermik hugging in front of the camera,,,,,,,,,,,,,
image_1789.jpg,a photo of harry and hermik in harry ' s house,,,,,,,,,,,,,
image_179.jpg,"a photo of a man in a white shirt with the capt that says, ` ' i don ' t",,,,,,,,,,,,,
image_1790.jpg,a photo of two young boys sitting next to each other boy,,,,,,,,,,,,,
image_1791.jpg,a photo of a man with long hair,,,,,,,,,,,,,
image_1792.jpg,a photo of some of the characters in the movie,,,,,,,,,,,,,
image_1793.jpg,a photo of harry and his friends,,,,,,,,,,,,,
image_1794.png,a photo of harry and hermig from the harry potters,,,,,,,,,,,,,
image_1795.JPG,a photo of the harry potters and hermik,,,,,,,,,,,,,
image_1796.jpg,a photo of two people standing next to each other people,,,,,,,,,,,,,
image_1797.jpg,a photo of harry and hermio in the snow,,,,,,,,,,,,,
image_1798.jpg,a photo of two people sitting on a couch and one is hugging the other person,,,,,,,,,,,,,
image_1799.jpg,a photo of two men sitting next to each other people,,,,,,,,,,,,,
image_18.jpg,a photo of a man with a beard and glasses,,,,,,,,,,,,,
image_180.jpeg,a photo of a man driving a yellow car,,,,,,,,,,,,,
image_1800.jpg,a photo of a man with long hair,,,,,,,,,,,,,
image_1801.png,a photo of a little boy with glasses on,,,,,,,,,,,,,
image_1802.jpg,a photo of a group of people in medieval costumes,,,,,,,,,,,,,
image_1803.JPG,a photo of an old man with a long white beard,,,,,,,,,,,,,
image_1804.JPG,a photo of two people walking through a forest,,,,,,,,,,,,,
image_1805.jpg,a photo of an old man with a beard and a white mask,,,,,,,,,,,,,
image_1806.jpg,a photo of harry and hermik in harry ' s house,,,,,,,,,,,,,
image_1807.jpg,a photo of a girl sitting at a table with a plate of food,,,,,,,,,,,,,
image_1808.png,a photo of harry and hermik in harry ' s house,,,,,,,,,,,,,
image_1809.png,a photo of a person with glasses and a quote on it,,,,,,,,,,,,,
image_181.jpg,a photo of a man riding on the back of an old car,,,,,,,,,,,,,
image_1810.jpg,"a photo of a young boy with his mouth open and the capt that says, i ' m ' on",,,,,,,,,,,,,
image_1811.jpg,a photo of a man singing into a microphone,,,,,,,,,,,,,
image_1812.jpg,a photo of harry and hermik in harry ' s house,,,,,,,,,,,,,
image_1813.jpg,a photo of harry and hermik in harry ' s house,,,,,,,,,,,,,
image_1814.jpg,a photo of person and person in harry ' s house,,,,,,,,,,,,,
image_1815.jpg,a photo of robert and kristen in the twilight saga,,,,,,,,,,,,,
image_1816.jpg,a photo of some harry potters,,,,,,,,,,,,,
image_1817.jpg,a photo of harry ' s eyes with the capt,,,,,,,,,,,,,
image_1818.jpg,a photo of the same person with different expressions,,,,,,,,,,,,,
image_1819.png,a photo of two young girls with glasses and the words you have your mother ' s eyes,,,,,,,,,,,,,
image_182.jpg,a photo of a man standing in a field,,,,,,,,,,,,,
image_1820.jpg,a photo of harry and hermig from harry ' s house,,,,,,,,,,,,,
image_1821.jpg,a photo of a man in a black shirt with the words i love to syria,,,,,,,,,,,,,
image_1822.jpg,a photo of the harry potters,,,,,,,,,,,,,
image_1823.jpg,a photo of harry from harry ' s harry potter,,,,,,,,,,,,,
image_1824.jpg,a photo of two harry potters pointing at the camera,,,,,,,,,,,,,
image_1825.jpg,a photo of a group of people standing in a room,,,,,,,,,,,,,
image_1826.jpg,a photo of a young boy with glasses on his face,,,,,,,,,,,,,
image_1827.jpg,a photo of a young boy with glasses,,,,,,,,,,,,,
image_1828.jpg,a photo of person with glasses and a bow tie,,,,,,,,,,,,,
image_1829.jpg,a photo of some people on stage with a cake,,,,,,,,,,,,,
image_183.jpg,a photo of a man and woman sitting on the floor,,,,,,,,,,,,,
image_1830.png,a photo of one does not simply make lord the ring page,,,,,,,,,,,,,
image_1831.jpg,a photo of harry with his mouth open,,,,,,,,,,,,,
image_1832.jpg,a photo of the characters in harry ' s house,,,,,,,,,,,,,
image_1833.jpg,a photo of some people sitting in an airplane,,,,,,,,,,,,,
image_1834.png,a photo of a young boy with glasses on,,,,,,,,,,,,,
image_1835.png,a photo of harry and hermi,,,,,,,,,,,,,
image_1836.jpg,"a photo of person and person in harry ' s house with text that reads, ` what are you doing",,,,,,,,,,,,,
image_1837.jpg,a photo of some harry potters,,,,,,,,,,,,,
image_1838.jpg,a photo of a man with a goat on his head,,,,,,,,,,,,,
image_1839.jpg,"a photo of a person with the capt that says, ` ` '",,,,,,,,,,,,,
image_184.jpg,a photo of a man standing in a bathroom,,,,,,,,,,,,,
image_1840.jpg,a photo of the twilight saga from twilight,,,,,,,,,,,,,
image_1841.png,"a photo of people on a train with text that reads, harry potter and the mystery",,,,,,,,,,,,,
image_1842.jpg,a photo of a girl sitting on a pile of books,,,,,,,,,,,,,
image_1843.png,a photo of the face of a man with an evil look on his face,,,,,,,,,,,,,
image_1844.jpg,a photo of person and person in harry ' s house,,,,,,,,,,,,,
image_1845.jpg,a photo of a young boy sitting on the floor,,,,,,,,,,,,,
image_1846.jpg,a photo of harry and hermi,,,,,,,,,,,,,
image_1847.jpg,a photo of a man with white hair and beards next to a window,,,,,,,,,,,,,
image_1848.jpg,a photo of an image of a person with the words are you kidding me?,,,,,,,,,,,,,
image_1849.png,"a photo of a man and woman sitting at a desk with the capt that reads, ' what are you",,,,,,,,,,,,,
image_185.jpg,a photo of a man riding a motorcycle on a track,,,,,,,,,,,,,
image_1850.png,"a photo of a man with long hair and a beard that says, you ' re on i ' m",,,,,,,,,,,,,
image_1851.jpg,a photo of harry and hermio pointing at the camera,,,,,,,,,,,,,
image_1852.jpg,a photo of a man in a suit and tie,,,,,,,,,,,,,
image_1853.jpeg,a photo of a man in a white coat and hat,,,,,,,,,,,,,
image_1854.png,a photo of a man in a plaid shirt and tie,,,,,,,,,,,,,
image_1855.jpg,a photo of a man in a suit with his arms crossed,,,,,,,,,,,,,
image_1856.jpg,a photo of a hot dog with the words have you heard this man?,,,,,,,,,,,,,
image_1857.jpg,a photo of a young boy with a quote on it,,,,,,,,,,,,,
image_1858.jpg,a photo of a man in a suit holding a microphone,,,,,,,,,,,,,
image_1859.jpg,"a photo of a man in a suit and tie, with the capt that reads oh it ' s your birthday one clap for you",,,,,,,,,,,,,
image_186.jpg,a photo of a man with long hair and beards,,,,,,,,,,,,,
image_1860.jpg,a photo of two people in front of a building,,,,,,,,,,,,,
image_1861.jpg,a photo of two men laughing at each other man,,,,,,,,,,,,,
image_1862.jpg,a photo of hurricane harvey in texas,,,,,,,,,,,,,
image_1863.jpg,a photo of a group of people at a birthday party,,,,,,,,,,,,,
image_1864.jpg,a photo of a man with long hair and beards smoking a cigarette,,,,,,,,,,,,,
image_1865.jpg,a photo of a man holding up a birthday card,,,,,,,,,,,,,
image_1866.jpg,a photo of a man in a fur coat holding a microphone,,,,,,,,,,,,,
image_1867.jpg,a photo of a person smoking a cigarette,,,,,,,,,,,,,
image_1868.jpg,a photo of a man in a white suit holding a microphone,,,,,,,,,,,,,
image_1869.jpg,a photo of a man in a white suit holding a microphone,,,,,,,,,,,,,
image_187.jpg,a photo of a man in a suit with his hands on his hips,,,,,,,,,,,,,
image_1870.jpg,a photo of a man in a baseball cap with the capt that reads i taught steve harvey how to read,,,,,,,,,,,,,
image_1871.jpg,a photo of a man in a white suit holding a microphone,,,,,,,,,,,,,
image_1872.jpg,a photo of the queen elizabeth dressed like she ' s about to prom with steve,,,,,,,,,,,,,
image_1873.jpg,a photo of two men with mustaches and bow ties,,,,,,,,,,,,,
image_1874.jpg,a photo of a man in a suit and tie,,,,,,,,,,,,,
image_1875.jpg,a photo of a man in a suit at a press conference,,,,,,,,,,,,,
image_1876.jpg,a photo of a man with a bottle of beer,,,,,,,,,,,,,
image_1877.jpg,"a photo of a man in a suit and tie with the capt that says, be careful who you make",,,,,,,,,,,,,
image_1878.jpg,a photo of a man in a white coat and hat,,,,,,,,,,,,,
image_1879.jpg,a photo of a man with his mouth open,,,,,,,,,,,,,
image_188.jpg,a photo of a cat sitting at a table with a bowl of water,,,,,,,,,,,,,
image_1880.jpg,a photo of a man with the words what if do you? people shouldn ' t -,,,,,,,,,,,,,
image_1881.jpg,a photo of the inside of a fire truck,,,,,,,,,,,,,
image_1882.png,a photo of a man drinking from a bottle,,,,,,,,,,,,,
image_1883.jpg,a photo of a truck parked in a parking lot,,,,,,,,,,,,,
image_1884.png,a photo of a man wearing a suit and tie,,,,,,,,,,,,,
image_1885.jpg,a photo of a dog swimming in the water,,,,,,,,,,,,,
image_1886.png,a photo of a man in a suit and tie,,,,,,,,,,,,,
image_1887.jpg,a photo of two men laughing at each other man,,,,,,,,,,,,,
image_1888.jpeg,a photo of a man wearing a santa hat,,,,,,,,,,,,,
image_1889.jpg,a photo of one does not simply write about mes,,,,,,,,,,,,,
image_189.jpg,a photo of a man in a suit and tie standing on the beach,,,,,,,,,,,,,
image_1890.jpg,a photo of a black background with a blue text that reads disaster mes,,,,,,,,,,,,,
image_1891.jpg,a photo of a man and woman on a tv screen,,,,,,,,,,,,,
image_1892.jpg,a photo of a man in a suit and tie with the capt that says name something that starts with pork,,,,,,,,,,,,,
image_1893.jpg,a photo of a man in a suit and tie,,,,,,,,,,,,,
image_1894.jpg,a photo of a person wearing a baseball cap and holding a green glove,,,,,,,,,,,,,
image_1895.jpg,a photo of a man in a white jacket and hat,,,,,,,,,,,,,
image_1896.png,a photo of a man with a mustache and mustache,,,,,,,,,,,,,
image_1897.jpg,a photo of a woman shopping in a store,,,,,,,,,,,,,
image_1898.png,a photo of a man holding a microphone,,,,,,,,,,,,,
image_1899.png,a photo of a man with a rabbit in his mouth,,,,,,,,,,,,,
image_19.png,a photo of two men in suits and bow ties,,,,,,,,,,,,,
image_190.jpg,a photo of a man with a surprised look on his face,,,,,,,,,,,,,
image_1900.jpg,a photo of a man in a suit and tie with the words cong michigan state cotton bowl champions,,,,,,,,,,,,,
image_1901.png,a photo of a man wearing a white hat,,,,,,,,,,,,,
image_1902.jpg,a photo of a man in a suit and tie,,,,,,,,,,,,,
image_1903.png,a photo of two men in suits with the capt that says steve harvey is the most powerful man,,,,,,,,,,,,,
image_1904.jpg,a photo of a man in a suit and tie,,,,,,,,,,,,,
image_1905.jpg,a photo of a man with sunglasses and a pink hat,,,,,,,,,,,,,
image_1906.jpg,a photo of four men in suits and ties,,,,,,,,,,,,,
image_1907.jpg,a photo of a man in a suit holding an award,,,,,,,,,,,,,
image_1908.jpg,a photo of a man in a suit and tie,,,,,,,,,,,,,
image_1909.jpg,a photo of a woman holding a microphone and smiling at the camera,,,,,,,,,,,,,
image_191.jpg,a photo of a man in a suit and tie next to a toy,,,,,,,,,,,,,
image_1910.jpg,a photo of a woman in a blue dress and a man wearing a suit,,,,,,,,,,,,,
image_1911.jpg,a photo of a woman in a blue dress,,,,,,,,,,,,,
image_1912.jpg,a photo of a man in a suit and tie,,,,,,,,,,,,,
image_1913.jpg,a photo of a man in a white suit holding a microphone,,,,,,,,,,,,,
image_1914.jpg,a photo of a man in a suit and tie,,,,,,,,,,,,,
image_1915.png,a photo of a man in a suit holding a microphone,,,,,,,,,,,,,
image_1916.png,a photo of a man in a suit and tie,,,,,,,,,,,,,
image_1917.jpg,a photo of a man with a mustache on his face,,,,,,,,,,,,,
image_1918.png,a photo of a person holding a toy,,,,,,,,,,,,,
image_1919.jpg,a photo of a baseball player throwing a ball,,,,,,,,,,,,,
image_192.jpg,a photo of a girl holding a mirror in front of her face,,,,,,,,,,,,,
image_1920.png,a photo of a man in a suit and tie,,,,,,,,,,,,,
image_1921.jpg,a photo of a man in a suit and tie,,,,,,,,,,,,,
image_1922.png,a photo of two men laughing at each other man,,,,,,,,,,,,,
image_1923.png,a photo of two men with their mouths open,,,,,,,,,,,,,
image_1924.jpg,"a photo of a man in a suit and tie, with the capt that reads when your best friend says",,,,,,,,,,,,,
image_1925.jpg,a photo of a cartoon character reading a book,,,,,,,,,,,,,
image_1926.png,a photo of a woman wearing a crown,,,,,,,,,,,,,
image_1927.png,a photo of a duck in the water,,,,,,,,,,,,,
image_1928.png,a photo of a baseball player with the capt that says you either he or you long enough?,,,,,,,,,,,,,
image_1929.jpg,a photo of a man in a suit holding a microphone,,,,,,,,,,,,,
image_193.png,a photo of a man in a suit and tie,,,,,,,,,,,,,
image_1930.jpg,a photo of donald and hillary,,,,,,,,,,,,,
image_1931.jpg,"a photo of people in a crowd with the capt that reads, you ' reting social justice warrior",,,,,,,,,,,,,
image_1932.jpg,a photo of a woman wearing a witch hat,,,,,,,,,,,,,
image_1933.jpg,a photo of hillary in front of an american flag,,,,,,,,,,,,,
image_1934.jpg,a photo of two women in suits and one man in a suit,,,,,,,,,,,,,
image_1935.jpg,a photo of a woman sitting in an office chair,,,,,,,,,,,,,
image_1936.jpg,a photo of a woman in a blue shirt,,,,,,,,,,,,,
image_1937.jpg,a photo of a child playing with a toy,,,,,,,,,,,,,
image_1938.jpg,a photo of a man in a suit and tie,,,,,,,,,,,,,
image_1939.jpg,a photo of an older woman looking up at the camera,,,,,,,,,,,,,
image_194.jpg,a photo of a man in a suit on the beach,,,,,,,,,,,,,
image_1940.jpeg,a photo of a man sitting at a table with a fan,,,,,,,,,,,,,
image_1941.jpeg,a photo of president bill clinton and his wife,,,,,,,,,,,,,
image_1942.jpeg,"a photo of president person and his wife, person, with the capt that reads ` ' this i learned from the internet '",,,,,,,,,,,,,
image_1943.jpg,a photo of a woman sitting in an airplane,,,,,,,,,,,,,
image_1944.jpg,a photo of a woman with the words face of pm,,,,,,,,,,,,,
image_1945.jpg,a photo of hillary ' s face in front of a microphone,,,,,,,,,,,,,
image_1946.jpg,a photo of a woman with the words drink the kod my children,,,,,,,,,,,,,
image_1947.png,"a photo of a man in a suit and tie, with the capt that reads thanks america",,,,,,,,,,,,,
image_1948.jpg,a photo of a woman talking to a child,,,,,,,,,,,,,
image_1949.jpg,a photo of a man sitting at a desk,,,,,,,,,,,,,
image_195.png,a photo of a woman with tattoos and a man in a suit,,,,,,,,,,,,,
image_1950.jpg,a photo of hillary in front of an american flag,,,,,,,,,,,,,
image_1951.jpg,a photo of donald and hillary on the debate,,,,,,,,,,,,,
image_1952.jpg,a photo of a dog peeking out from behind a door,,,,,,,,,,,,,
image_1953.jpg,a photo of the president giving a thumbs up,,,,,,,,,,,,,
image_1954.jpg,a photo of hillary sanders waving in front of a crowd,,,,,,,,,,,,,
image_1955.jpg,a photo of a woman and a man in uniform,,,,,,,,,,,,,
image_1956.jpg,a photo of person with her hands up in the air,,,,,,,,,,,,,
image_1957.jpg,a photo of donald and hillary hugging in front of a building,,,,,,,,,,,,,
image_1958.jpg,a photo of hillary sanders giving a speech in front of an american flag,,,,,,,,,,,,,
image_1959.jpeg,a photo of donald the trump is shown in this mememe,,,,,,,,,,,,,
image_196.png,a photo of a man wearing a suit and tie,,,,,,,,,,,,,
image_1960.jpg,a photo of a woman laughing at the camera,,,,,,,,,,,,,
image_1961.jpg,a photo of a woman in a blue shirt with the capt that says he was what? by the pop,,,,,,,,,,,,,
image_1962.jpg,a photo of a woman sitting in an airplane,,,,,,,,,,,,,
image_1963.jpg,a photo of a man and woman talking to each other people,,,,,,,,,,,,,
image_1964.jpg,a photo of a man and woman talking to each other people,,,,,,,,,,,,,
image_1965.jpg,a photo of hillary ' s favorite pizza,,,,,,,,,,,,,
image_1966.jpg,a photo of a man in a suit and tie,,,,,,,,,,,,,
image_1967.jpg,a photo of a woman with a creepy face,,,,,,,,,,,,,
image_1968.jpg,a photo of a man and woman posing for the camera,,,,,,,,,,,,,
image_1969.png,a photo of a man and woman in formal attire,,,,,,,,,,,,,
image_197.png,a photo of a man in a blue hoodie sitting on a red couch,,,,,,,,,,,,,
image_1970.jpg,a photo of a man in a suit sitting at a table,,,,,,,,,,,,,
image_1971.jpg,a photo of two people in blue jackets and white shirts,,,,,,,,,,,,,
image_1972.png,a photo of a man in front of an american flag,,,,,,,,,,,,,
image_1973.jpg,a photo of hillary and clinton laughing together,,,,,,,,,,,,,
image_1974.jpg,a photo of a man in a suit and tie,,,,,,,,,,,,,
image_1975.jpg,a photo of hillary sanders with a quote on it,,,,,,,,,,,,,
image_1976.jpg,a photo of a lion laying in the grass,,,,,,,,,,,,,
image_1977.jpeg,a photo of donald and hillary talking to each other people,,,,,,,,,,,,,
image_1978.png,a photo of a man in a suit sitting at a desk,,,,,,,,,,,,,
image_1979.png,a photo of a woman with her hand on her face,,,,,,,,,,,,,
image_198.jpg,a photo of a man sitting on a beach chair,,,,,,,,,,,,,
image_1980.png,a photo of a man wearing a face mask and holding a cup,,,,,,,,,,,,,
image_1981.jpg,a photo of a woman with red hair and glasses,,,,,,,,,,,,,
image_1982.jpg,a photo of a hand writing on a blackboard,,,,,,,,,,,,,
image_1983.jpg,a photo of hillary ' s face with the capt that reads i did to have textual relationss with hate,,,,,,,,,,,,,
image_1984.png,a photo of a woman sitting in a chair talking to another woman,,,,,,,,,,,,,
image_1985.jpg,a photo of hillary sanders giving the finger sign,,,,,,,,,,,,,
image_1986.png,a photo of hillary is shown in this meme,,,,,,,,,,,,,
image_1987.jpg,a photo of two men laughing at the camera,,,,,,,,,,,,,
image_1988.jpg,a photo of a woman sitting in a chair with a cell,,,,,,,,,,,,,
image_1989.jpg,a photo of two women in front of an american flag,,,,,,,,,,,,,
image_199.jpg,a photo of a man in a suit and tie walking down the street,,,,,,,,,,,,,
image_1990.png,"a photo of hillary ' s face with the capt that reads, so, donald is your president",,,,,,,,,,,,,
image_1991.png,a photo of a woman in a red shirt with the words god luck hillary don,,,,,,,,,,,,,
image_1992.png,a photo of a man wearing a santa hat,,,,,,,,,,,,,
image_1993.png,a photo of a man sitting in a chair with the capt that says hillary clinton?,,,,,,,,,,,,,
image_1994.jpg,a photo of hillary ' s face with the caption of her in the background,,,,,,,,,,,,,
image_1995.png,a photo of the joker in the dark knight movie,,,,,,,,,,,,,
image_1996.jpg,a photo of some people getting into a car,,,,,,,,,,,,,
image_1997.jpg,a photo of hillary sanders on the debate,,,,,,,,,,,,,
image_1998.jpg,"a photo of hillary sanders with the capt that reads, why do you want people to understand?",,,,,,,,,,,,,
image_1999.jpg,"a photo of president obama and his wife, hillary",,,,,,,,,,,,,
image_2.jpeg,a photo of a woman cooking in the kitchen,,,,,,,,,,,,,
image_20.png,a photo of a man talking on the phone,,,,,,,,,,,,,
image_200.jpg,a photo of a man and woman drinking beer,,,,,,,,,,,,,
image_2000.jpg,"a photo of person, wearing a suit and looking up at the camera, with text that reads vote for hillary because she ' s a woman",,,,,,,,,,,,,
image_2001.jpg,"a photo of a man with a knife in his hand and the words, when you have to vote for",,,,,,,,,,,,,
image_2002.png,a photo of a bear that is looking at the camera,,,,,,,,,,,,,
image_2003.jpg,a photo of a man with a cigar in his hand,,,,,,,,,,,,,
image_2004.jpg,a photo of a woman in a blue shirt,,,,,,,,,,,,,
image_2005.jpeg,"a photo of a man in a suit and tie, with the capt that says he can ' t stop",,,,,,,,,,,,,
image_2006.jpg,"a photo of person laughing in front of a microphone with text that reads ` ` ' hillary, my life is a dark meme and i",,,,,,,,,,,,,
image_2007.png,"a photo of bernie sanders with the capt that reads, i ' m voting for ben sanders not hillary clinton",,,,,,,,,,,,,
image_2008.png,a photo of hillary ' s face with the capt that reads i want to protect olders from guns but,,,,,,,,,,,,,
image_2009.png,a photo of hillary in front of an american flag,,,,,,,,,,,,,
image_201.png,a photo of a man in a suit and tie,,,,,,,,,,,,,
image_2010.jpg,a photo of a man sitting on a train track,,,,,,,,,,,,,
image_2011.png,a photo of a woman with the words like you are crooked,,,,,,,,,,,,,
image_2012.png,"a photo of a man in a suit and tie, with the capt that reads, i ' ll just",,,,,,,,,,,,,
image_2013.jpg,a photo of person holding a microphone and pointing at the camera,,,,,,,,,,,,,
image_2014.png,a photo of an older woman with grey hair and a smile,,,,,,,,,,,,,
image_2015.jpg,a photo of a woman with a quote on it,,,,,,,,,,,,,
image_2016.jpg,a photo of hillary clinton speaking into a microphone,,,,,,,,,,,,,
image_2017.jpg,a photo of a woman reading a newspaper,,,,,,,,,,,,,
image_2018.png,a photo of a man in a suit sitting on a chair,,,,,,,,,,,,,
image_2019.jpg,a photo of a man in a tuxed suit with his mouth open,,,,,,,,,,,,,
image_202.png,a photo of the joker with a card in his hand,,,,,,,,,,,,,
image_2020.png,a photo of a man and woman sitting in front of an american flag,,,,,,,,,,,,,
image_2021.png,a photo of the president and his wife,,,,,,,,,,,,,
image_2022.jpg,"a photo of a man with his mouth open and the capt says, ` that face you make when someone",,,,,,,,,,,,,
image_2023.jpg,"a photo of hillary is shown with the capt that reads, ' the clinton don '",,,,,,,,,,,,,
image_2024.png,a photo of hillary clinton holding a microphone,,,,,,,,,,,,,
image_2025.png,a photo of a man in a suit and tie,,,,,,,,,,,,,
image_2026.jpg,a photo of two women holding doughs and smiling,,,,,,,,,,,,,
image_2027.png,a photo of a woman in an orange prison uniform,,,,,,,,,,,,,
image_2028.png,"a photo of a woman with curly hair and text that reads, too crutt keep at the d",,,,,,,,,,,,,
image_2029.png,a photo of a young boy holding up a cookie,,,,,,,,,,,,,
image_203.JPG,a photo of a man in a suit sitting at a desk,,,,,,,,,,,,,
image_2030.jpg,a photo of the president and his wife in an office,,,,,,,,,,,,,
image_2031.png,a photo of bill clinton with the words vote for hillary i guarantee she will suck,,,,,,,,,,,,,
image_2032.png,a photo of a man and woman waving at each other people,,,,,,,,,,,,,
image_2033.png,a photo of a man and a dinosaur,,,,,,,,,,,,,
image_2034.png,a photo of president trump kissing a woman,,,,,,,,,,,,,
image_2035.jpg,a photo of a woman with dread dread hair,,,,,,,,,,,,,
image_2036.png,a photo of a man with a mustache and mustache,,,,,,,,,,,,,
image_2037.jpg,a photo of two men talking to each other man,,,,,,,,,,,,,
image_2038.jpg,a photo of a man with his hands up in the air,,,,,,,,,,,,,
image_2039.jpg,a photo of a man in military uniform,,,,,,,,,,,,,
image_204.png,a photo of a man in a suit and tie,,,,,,,,,,,,,
image_2040.jpg,a photo of a man with his hands up in the air,,,,,,,,,,,,,
image_2041.jpg,a photo of a man in a military uniform,,,,,,,,,,,,,
image_2042.jpg,a photo of a woman with her hair blowing in the wind,,,,,,,,,,,,,
image_2043.jpeg,a photo of a dog with the words who would win,,,,,,,,,,,,,
image_2044.jpeg,"a photo of two men, one with a mustache and the other with an mustache",,,,,,,,,,,,,
image_2045.jpg,a photo of a man with glasses and a mustache,,,,,,,,,,,,,
image_2046.jpg,a photo of two men in military uniforms,,,,,,,,,,,,,
image_2047.jpg,a photo of a man holding a dog,,,,,,,,,,,,,
image_2048.jpg,a photo of a man holding a bottle of water,,,,,,,,,,,,,
image_2049.jpg,a photo of a man in a suit sitting on a bench,,,,,,,,,,,,,
image_205.jpg,a photo of a man standing on top of an old car,,,,,,,,,,,,,
image_2050.jpg,a photo of a man in a suit and tie,,,,,,,,,,,,,
image_2051.jpg,a photo of taylor taylor performing on stage with her arms in the air,,,,,,,,,,,,,
image_2052.jpg,a photo of a girl with a cigarette in her mouth,,,,,,,,,,,,,
image_2053.jpg,"a photo of a young boy with the capt that says, what do you think? literally worse than?",,,,,,,,,,,,,
image_2054.jpg,a photo of a man in a suit and tie,,,,,,,,,,,,,
image_2055.jpg,a photo of a girl in a blue shirt,,,,,,,,,,,,,
image_2056.jpg,a photo of a man in a suit singing into a microphone,,,,,,,,,,,,,
image_2057.jpg,a photo of the text that says it ' s okay to me,,,,,,,,,,,,,
image_2058.jpg,a photo of a cat with yellow eyes,,,,,,,,,,,,,
image_2059.jpg,a photo of the face of a clown,,,,,,,,,,,,,
image_206.png,a photo of a man with glasses on his face,,,,,,,,,,,,,
image_2060.jpg,a photo of a man in uniform holding a microphone,,,,,,,,,,,,,
image_2061.jpg,a photo of a man and woman in the dark,,,,,,,,,,,,,
image_2062.jpg,a photo of a man in uniform talking to another man,,,,,,,,,,,,,
image_2063.jpg,a photo of a man in a suit and tie making a funny face,,,,,,,,,,,,,
image_2064.jpg,a photo of a stuffed animal wearing glasses,,,,,,,,,,,,,
image_2065.jpg,a photo of jesus pointing his finger at the camera,,,,,,,,,,,,,
image_2066.png,a photo of a man with a mustache and mustache,,,,,,,,,,,,,
image_2067.jpg,a photo of a man in a suit and tie with the words never never,,,,,,,,,,,,,
image_2068.jpg,a photo of a man holding a microphone,,,,,,,,,,,,,
image_2069.jpg,a photo of a man in uniform pointing at something,,,,,,,,,,,,,
image_207.jpg,a photo of a man in a suit and tie,,,,,,,,,,,,,
image_2070.jpg,a photo of a man in a suit and tie,,,,,,,,,,,,,
image_2071.png,a photo of two people in front of a map,,,,,,,,,,,,,
image_2072.png,a photo of a man with his hands up in the air,,,,,,,,,,,,,
image_2073.jpg,a photo of an old man with a mustache and mustache,,,,,,,,,,,,,
image_2074.jpg,a photo of a man in front of the planet,,,,,,,,,,,,,
image_2075.jpg,a photo of the president pointing at the camera,,,,,,,,,,,,,
image_2076.png,"a photo of two men, one with glasses and the other with text that reads girls are the same",,,,,,,,,,,,,
image_2077.jpg,a photo of a man with his hands up in the air,,,,,,,,,,,,,
image_2078.jpg,a photo of a man in uniform holding a microphone,,,,,,,,,,,,,
image_2079.jpg,a photo of a man driving a car,,,,,,,,,,,,,
image_208.jpg,a photo of a man in a suit and tie,,,,,,,,,,,,,
image_2080.jpg,a photo of a man with his hands up in the air,,,,,,,,,,,,,
image_2081.jpg,a photo of hitler ' s face and mustache,,,,,,,,,,,,,
image_2082.jpg,"a photo of a man in a suit with the capt that says, i ' m off my bunker bye",,,,,,,,,,,,,
image_2083.jpg,a photo of a man in uniform pointing at a crowd,,,,,,,,,,,,,
image_2084.jpg,a photo of a man wearing a cowboy hat,,,,,,,,,,,,,
image_2085.png,a photo of a man in a suit and tie giving a speech,,,,,,,,,,,,,
image_2086.jpg,a photo of an older man in a suit and tie,,,,,,,,,,,,,
image_2087.jpg,a photo of president trump holding a sign that reads they don ' t,,,,,,,,,,,,,
image_2088.jpg,a photo of two men standing next to each other men,,,,,,,,,,,,,
image_2089.jpg,a photo of a man in military uniform,,,,,,,,,,,,,
image_209.png,"a photo of a man in a suit and tie, with text that reads like this picture i ' m",,,,,,,,,,,,,
image_2090.jpg,a photo of a man in a suit and tie,,,,,,,,,,,,,
image_2091.png,a photo of a man in a suit standing next to a woman,,,,,,,,,,,,,
image_2092.png,a photo of a man looking through the blinds,,,,,,,,,,,,,
image_2093.jpg,a photo of a group of men standing in front of an old car,,,,,,,,,,,,,
image_2094.jpg,a photo of an old man with a beard and glasses,,,,,,,,,,,,,
image_2095.jpg,"a photo of a man in a suit and tie with the capt that says, that face you make after",,,,,,,,,,,,,
image_2096.jpg,a photo of a man with a mustache and mustache,,,,,,,,,,,,,
image_2097.jpg,a photo of two people sitting at a table,,,,,,,,,,,,,
image_2098.jpg,a photo of a man with a birthday cake,,,,,,,,,,,,,
image_2099.jpg,a photo of two men talking to each other people,,,,,,,,,,,,,
image_21.jpg,a photo of a baby and an image of the avengers,,,,,,,,,,,,,
image_210.jpeg,"a photo of a man in a black shirt and hat, with the capt that reads me when mom says",,,,,,,,,,,,,
image_2100.jpg,a photo of a goldfish in an aquarium,,,,,,,,,,,,,
image_2101.png,a photo of a man in uniform pointing at something,,,,,,,,,,,,,
image_2102.jpg,a photo of a young boy sitting in front of an aquarium,,,,,,,,,,,,,
image_2103.jpg,a photo of a man on a train with the capt that reads you can ' twes when there,,,,,,,,,,,,,
image_2104.jpg,a photo of a man in a suit with a quote on it,,,,,,,,,,,,,
image_2105.jpg,"a photo of two men sitting in a car with the capt that says, that smile your face when you",,,,,,,,,,,,,
image_2106.png,a photo of a man with a red card in his hand,,,,,,,,,,,,,
image_2107.jpg,"a photo of a cartoon character with the capt that reads, ` ' hit when saw paid '",,,,,,,,,,,,,
image_2108.jpg,a photo of a man in a suit and tie,,,,,,,,,,,,,
image_2109.jpg,a photo of a man in a red shirt and black pants,,,,,,,,,,,,,
image_211.jpg,a photo of a man in a suit with a bird on his head,,,,,,,,,,,,,
image_2110.jpg,a photo of a man in a suit and tie with the words i ' m dreaming of white christmas,,,,,,,,,,,,,
image_2111.jpg,"a photo of a man in a suit and tie with the capt that reads, i ' m not saying",,,,,,,,,,,,,
image_2112.png,a photo of a man with a mustache and mustache,,,,,,,,,,,,,
image_2113.png,a photo of an old man with a mustache and mustache,,,,,,,,,,,,,
image_2114.jpg,a photo of a man in a suit sitting at a table,,,,,,,,,,,,,
image_2115.png,a photo of a man in a suit and tie,,,,,,,,,,,,,
image_2116.jpg,"a photo of two men in military uniforms, one wearing a hat and the other wearing glasses",,,,,,,,,,,,,
image_2117.png,a photo of a man in a maroon shirt,,,,,,,,,,,,,
image_2118.jpg,a photo of a young boy with glasses on his face,,,,,,,,,,,,,
image_2119.png,a photo of a soldier pointing at someone,,,,,,,,,,,,,
image_212.png,a photo of two men in military uniforms,,,,,,,,,,,,,
image_2120.jpg,a photo of a man looking out the window,,,,,,,,,,,,,
image_2121.png,"a photo of a man in a suit and tie, with the capt that reads, never forget the fact",,,,,,,,,,,,,
image_2122.png,"a photo of an old man and woman with the capt that says, i love you",,,,,,,,,,,,,
image_2123.jpg,a photo of a man in a suit sitting at a desk,,,,,,,,,,,,,
image_2124.png,"a photo of a man in a suit and tie with the capt that reads, we didn ' t '",,,,,,,,,,,,,
image_2125.jpg,a photo of two men standing in front of a mirror,,,,,,,,,,,,,
image_2126.png,a photo of a man in uniform with his arms crossed,,,,,,,,,,,,,
image_2127.png,a photo of a young boy with his mouth open,,,,,,,,,,,,,
image_2128.png,a photo of president trump waving at the camera,,,,,,,,,,,,,
image_2129.png,a photo of a man with a knife in his hand,,,,,,,,,,,,,
image_213.png,a photo of a man pointing at something on the road,,,,,,,,,,,,,
image_2130.jpg,a photo of an old man with a mustache and mustache,,,,,,,,,,,,,
image_2131.jpg,a photo of a man drinking water from a glass,,,,,,,,,,,,,
image_2132.png,"a photo of a girl with the capt that reads, what ' s that burning? ohs my family",,,,,,,,,,,,,
image_2133.png,"a photo of a man in a suit and tie, with the capt that reads we are black hitler",,,,,,,,,,,,,
image_2134.png,"a photo of a cartoon character with a caption that reads, when my friends ask me my favorite is",,,,,,,,,,,,,
image_2135.png,"a photo of a young man with the capt that reads, ' when you get a lot of attention from",,,,,,,,,,,,,
image_2136.png,a photo of a man with blood on his face,,,,,,,,,,,,,
image_2137.png,a photo of a man that is looking at the camera,,,,,,,,,,,,,
image_2138.png,a photo of a man in a suit and tie,,,,,,,,,,,,,
image_2139.png,a photo of a man with a clown face on his face,,,,,,,,,,,,,
image_214.jpg,a photo of a man in a suit and tie,,,,,,,,,,,,,
image_2140.jpg,a photo of a man with a quote on it,,,,,,,,,,,,,
image_2141.jpg,a photo of a man in a suit sitting at a table,,,,,,,,,,,,,
image_2142.jpg,a photo of a man in a suit and tie,,,,,,,,,,,,,
image_2143.jpg,a photo of a grin face with the capt on it,,,,,,,,,,,,,
image_2144.jpg,a photo of a man in a shirt and tie with the words when i had an imaginary friend we did,,,,,,,,,,,,,
image_2145.jpg,a photo of a man with his hands on his face,,,,,,,,,,,,,
image_2146.jpg,a photo of a man in a suit talking to another man,,,,,,,,,,,,,
image_2147.jpg,a photo of a man standing in front of an office building,,,,,,,,,,,,,
image_2148.jpeg,"a photo of a man in a suit and tie with the capt that reads, ` ' accidentally happy mothers",,,,,,,,,,,,,
image_2149.jpg,a photo of a man with his mouth open saying no text back all right then,,,,,,,,,,,,,
image_215.png,a photo of two men dressed in uniform,,,,,,,,,,,,,
image_2150.jpg,a photo of a man with his mouth open,,,,,,,,,,,,,
image_2151.jpeg,a photo of a man with a quote on it,,,,,,,,,,,,,
image_2152.jpeg,a photo of a man eating some food,,,,,,,,,,,,,
image_2153.png,a photo of a man with long hair and a white shirt,,,,,,,,,,,,,
image_2154.png,"a photo of a man with long hair, wearing a white shirt and looking at the camera",,,,,,,,,,,,,
image_2155.jpeg,a photo of a group of people walking on the beach,,,,,,,,,,,,,
image_2156.jpg,a photo of a man in a cowboy hat with the capt that says no way that ' s great we,,,,,,,,,,,,,
image_2157.jpeg,a photo of a man with a smile on his face,,,,,,,,,,,,,
image_2158.jpg,a photo of a man holding a baseball bat,,,,,,,,,,,,,
image_2159.jpg,a photo of a man wearing a green mask,,,,,,,,,,,,,
image_216.jpg,a photo of a man wearing a suit and tie,,,,,,,,,,,,,
image_2160.png,a photo of a man with horns on his head,,,,,,,,,,,,,
image_2161.jpg,a photo of a man wearing a green mask,,,,,,,,,,,,,
image_2162.jpg,a photo of a man in a white suit and black tie,,,,,,,,,,,,,
image_2163.jpg,a photo of a man holding a cup in his hand,,,,,,,,,,,,,
image_2164.jpg,a photo of a man in a yellow suit and hat,,,,,,,,,,,,,
image_2165.jpg,a photo of a man in a suit and tie,,,,,,,,,,,,,
image_2166.jpg,a photo of a man sitting at a table with the capt that says i ' m fine why do you,,,,,,,,,,,,,
image_2167.jpg,a photo of a man and woman talking to each other people,,,,,,,,,,,,,
image_2168.jpg,a photo of a man with a birthday card,,,,,,,,,,,,,
image_2169.png,"a photo of a man in a car with the capt that reads, how do you know?",,,,,,,,,,,,,
image_217.jpg,a photo of two people sitting on a couch,,,,,,,,,,,,,
image_2170.png,a photo of a man with a quote on it,,,,,,,,,,,,,
image_2171.jpg,a photo of a man with a smile on his face,,,,,,,,,,,,,
image_2172.png,a photo of a man with a beard and a quote on it,,,,,,,,,,,,,
image_2173.png,a photo of a man with a birthday cake on his head,,,,,,,,,,,,,
image_2174.jpg,a photo of a man with his hand on his face,,,,,,,,,,,,,
image_2175.png,a photo of a man in a car with the words when your friend steals you like,,,,,,,,,,,,,
image_2176.png,a photo of a man holding a gun,,,,,,,,,,,,,
image_2177.png,"a photo of a lake and mountains with a quote that reads, i open up opportunities to you and take",,,,,,,,,,,,,
image_2178.jpg,a photo of a man with a beard,,,,,,,,,,,,,
image_2179.png,"a photo of a man laying on the ground with text that reads, mes roasting sonic the hedge",,,,,,,,,,,,,
image_218.jpg,a photo of a man in a suit and tie,,,,,,,,,,,,,
image_2180.png,a photo of a man holding a light in his hand,,,,,,,,,,,,,
image_2181.jpg,a photo of a man making a funny face,,,,,,,,,,,,,
image_2182.png,a photo of a bird that is standing in the grass,,,,,,,,,,,,,
image_2183.jpg,"a photo of a man in a suit and tie with the capt that reads, ' when i ' ve",,,,,,,,,,,,,
image_2184.png,a photo of a man with long hair and beard,,,,,,,,,,,,,
image_2185.jpg,a photo of a man in a suit and tie,,,,,,,,,,,,,
image_2186.png,"a photo of a person in ski gear with the capt that says if you say you ' re, if",,,,,,,,,,,,,
image_2187.png,a photo of a man in a car with a bunch of cats behind him,,,,,,,,,,,,,
image_2188.png,a photo of a man sitting at a table with the capt that says no big deal,,,,,,,,,,,,,
image_2189.png,a photo of the face of a man in a star trek uniform,,,,,,,,,,,,,
image_219.jpg,a photo of a man in a suit and tie,,,,,,,,,,,,,
image_2190.png,a photo of a man in uniform talking to another man,,,,,,,,,,,,,
image_2191.jpg,a photo of a rhino and a man in the water,,,,,,,,,,,,,
image_2192.jpg,a photo of a man with an umbrella on his head,,,,,,,,,,,,,
image_2193.png,a photo of a man and woman posing for a picture,,,,,,,,,,,,,
image_2194.png,a photo of two people sitting on the floor,,,,,,,,,,,,,
image_2195.png,"a photo of a man in a red shirt with the capt that says, we ' re",,,,,,,,,,,,,
image_2196.png,a photo of two men talking to each other man,,,,,,,,,,,,,
image_2197.png,"a photo of a smiling man with a quote that reads, you explain yourself when you realize people",,,,,,,,,,,,,
image_2198.jpg,a photo of the joker in the dark knight movie,,,,,,,,,,,,,
image_2199.jpg,a photo of the joker with his face painted in red and green,,,,,,,,,,,,,
image_22.jpg,a photo of the avengers and captain marvel memes,,,,,,,,,,,,,
image_220.png,a photo of a man in a red uniform,,,,,,,,,,,,,
image_2200.jpg,a photo of the joker in a suit and tie,,,,,,,,,,,,,
image_2201.jpg,a photo of the joker in the dark knight movie,,,,,,,,,,,,,
image_2202.jpg,a photo of the joker from batman,,,,,,,,,,,,,
image_2203.jpeg,a photo of a man with his face painted in the same colors,,,,,,,,,,,,,
image_2204.jpeg,a photo of the joker from batman,,,,,,,,,,,,,
image_2205.jpg,a photo of batman and joker fighting each other characters,,,,,,,,,,,,,
image_2206.jpeg,a photo of the joker in the dark knight movie,,,,,,,,,,,,,
image_2207.jpg,a photo of person with green hair and a smile,,,,,,,,,,,,,
image_2208.jpg,a photo of the joker with a quote on it,,,,,,,,,,,,,
image_2209.jpg,a photo of the joker with a quote on it,,,,,,,,,,,,,
image_221.png,a photo of an old man with a beard,,,,,,,,,,,,,
image_2210.jpg,a photo of the joker in the dark knight movie,,,,,,,,,,,,,
image_2211.jpeg,a photo of the joker in batman movie,,,,,,,,,,,,,
image_2212.jpeg,a photo of a mirror with the words when you find the special weapons in rp,,,,,,,,,,,,,
image_2213.jpg,a photo of the joker in the dark knight movie,,,,,,,,,,,,,
image_2214.jpg,a photo of the joker in the dark knight movie,,,,,,,,,,,,,
image_2215.jpg,a photo of a person dressed as the joker,,,,,,,,,,,,,
image_2216.jpg,a photo of two people dressed as the joker and harley,,,,,,,,,,,,,
image_2217.jpg,a photo of a woman with red lipstick on her face,,,,,,,,,,,,,
image_2218.jpg,a photo of a man in a top hat holding a cigarette,,,,,,,,,,,,,
image_2219.jpg,a photo of the joker in the dark knight movie,,,,,,,,,,,,,
image_222.png,a photo of a man in a car with a cat,,,,,,,,,,,,,
image_2220.jpg,a photo of two people dressed as harley and harley,,,,,,,,,,,,,
image_2221.jpg,a photo of a person dressed as the joker,,,,,,,,,,,,,
image_2222.jpg,a photo of a man with a red eye on his face,,,,,,,,,,,,,
image_2223.jpg,a photo of a man in a red shirt pointing his finger at the camera,,,,,,,,,,,,,
image_2224.jpg,a photo of a person dressed as the joker,,,,,,,,,,,,,
image_2225.jpg,a photo of the joker from batman,,,,,,,,,,,,,
image_2226.png,a photo of the batman and superman movie characters,,,,,,,,,,,,,
image_2227.jpg,a photo of the many faces of batman,,,,,,,,,,,,,
image_2228.jpg,a photo of person in the dark knight movie,,,,,,,,,,,,,
image_2229.jpg,a photo of the joker in the dark knight movie,,,,,,,,,,,,,
image_223.png,a photo of the face of a man in a suit and tie,,,,,,,,,,,,,
image_2230.jpg,a photo of a joker with the words joker love has not afraid,,,,,,,,,,,,,
image_2231.jpg,a photo of the joker in the dark knight movie,,,,,,,,,,,,,
image_2232.jpg,a photo of a man in a suit and joker costume,,,,,,,,,,,,,
image_2233.png,a photo of the joker and batman,,,,,,,,,,,,,
image_2234.png,a photo of a man with green hair and a black jacket,,,,,,,,,,,,,
image_2235.png,a photo of the joker from the movie batman,,,,,,,,,,,,,
image_2236.png,a photo of the joker in the movie,,,,,,,,,,,,,
image_2237.png,a photo of batman and catwoman in the same scene,,,,,,,,,,,,,
image_2238.png,a photo of the joker in the dark knight movie,,,,,,,,,,,,,
image_2239.jpg,a photo of the joker with text that reads hey it ' s on you ' re,,,,,,,,,,,,,
image_224.jpg,a photo of a man holding a microphone,,,,,,,,,,,,,
image_2240.png,a photo of the joker from batman,,,,,,,,,,,,,
image_2241.jpg,a photo of a person with a rainbow in the background,,,,,,,,,,,,,
image_2242.png,a photo of heath ledger and the joker,,,,,,,,,,,,,
image_2243.jpg,a photo of two men standing next to each other men,,,,,,,,,,,,,
image_2244.jpg,a photo of a man dressed as the joker,,,,,,,,,,,,,
image_2245.jpg,a photo of the joker in the dark knight movie,,,,,,,,,,,,,
image_2246.jpg,a photo of the joker from the dark knight movie,,,,,,,,,,,,,
image_2247.jpeg,a photo of a joker with the words we live in a society,,,,,,,,,,,,,
image_2248.png,"a photo of a joker with the capt that says, let the game begin",,,,,,,,,,,,,
image_2249.png,a photo of the joker in the dark knight movie,,,,,,,,,,,,,
image_225.jpg,a photo of a man in a suit and tie,,,,,,,,,,,,,
image_2250.jpg,"a photo of person and person with text that reads, some enemies fight but with fans",,,,,,,,,,,,,
image_2251.jpg,a photo of a person with a creepy look on their face,,,,,,,,,,,,,
image_2252.jpg,a photo of a person dressed as the joker,,,,,,,,,,,,,
image_2253.jpg,a photo of two men dressed as jokers,,,,,,,,,,,,,
image_2254.png,a photo of a joker with his hands up in the air,,,,,,,,,,,,,
image_2255.jpg,a photo of a man with no shirt on,,,,,,,,,,,,,
image_2256.png,a photo of the joker and harley in the movie,,,,,,,,,,,,,
image_2257.png,a photo of the joker in the dark knight,,,,,,,,,,,,,
image_2258.png,a photo of two men laughing at each other man,,,,,,,,,,,,,
image_2259.jpg,a photo of a man in a black shirt,,,,,,,,,,,,,
image_226.jpg,a photo of a man in a suit and tie,,,,,,,,,,,,,
image_2260.png,a photo of the joker in the dark knight movie,,,,,,,,,,,,,
image_2261.jpg,a photo of a man in a suit and tie,,,,,,,,,,,,,
image_2262.png,a photo of some people with different faces,,,,,,,,,,,,,
image_2263.png,a photo of a man and woman with the capt that reads when you realize when they ' re,,,,,,,,,,,,,
image_2264.png,a photo of a person dressed as the joker,,,,,,,,,,,,,
image_2265.jpg,a photo of a person with the words why serious?,,,,,,,,,,,,,
image_2266.png,a photo of a man in a suit holding a woman,,,,,,,,,,,,,
image_2267.png,"a photo of a joker with the capt that reads, when you can ' twee me if you are",,,,,,,,,,,,,
image_2268.jpg,"a photo of the joker and person with text that reads, ` i ' veld vs dangerous ask",,,,,,,,,,,,,
image_2269.jpg,"a photo of a woman wearing a t - shirt with the capt that reads, ' we have trump because",,,,,,,,,,,,,
image_227.jpg,a photo of a man in a suit holding a camera,,,,,,,,,,,,,
image_2270.jpg,a photo of a man in a military uniform waving,,,,,,,,,,,,,
image_2271.jpg,"a photo of a man in a suit and tie, with the capt that says i ' m on had",,,,,,,,,,,,,
image_2272.jpg,a photo of a man in a suit waving,,,,,,,,,,,,,
image_2273.jpg,a photo of a man in a suit and tie,,,,,,,,,,,,,
image_2274.jpeg,a photo of two people sitting at desks in a classroom,,,,,,,,,,,,,
image_2275.jpeg,a photo of two babies sitting on a bench,,,,,,,,,,,,,
image_2276.jpeg,a photo of a little boy with a cell phone,,,,,,,,,,,,,
image_2277.jpeg,a photo of a man in a suit and tie,,,,,,,,,,,,,
image_2278.jpg,a photo of a man in military uniform with the words the cake was a lie,,,,,,,,,,,,,
image_2279.jpg,a photo of a group of men drinking wine,,,,,,,,,,,,,
image_228.jpg,a photo of a pirate with the words silver me trimble,,,,,,,,,,,,,
image_2280.jpeg,a photo of kim jong ' s face and hands,,,,,,,,,,,,,
image_2281.jpg,a photo of a man in a suit and tie,,,,,,,,,,,,,
image_2282.jpg,a photo of a boy in a military uniform with a crowd of people behind him,,,,,,,,,,,,,
image_2283.jpeg,a photo of a man in a black coat,,,,,,,,,,,,,
image_2284.jpg,a photo of person ' s tweeting on twitter,,,,,,,,,,,,,
image_2285.jpg,a photo of a man in a suit and tie holding a bottle,,,,,,,,,,,,,
image_2286.jpg,a photo of a man in a fur coat holding a sword,,,,,,,,,,,,,
image_2287.jpg,a photo of north korean leader kim yong,,,,,,,,,,,,,
image_2288.png,a photo of a man holding a card in his hand,,,,,,,,,,,,,
image_2289.jpg,a photo of a man in a suit and tie holding a microphone,,,,,,,,,,,,,
image_229.jpg,a photo of two men sitting in a car,,,,,,,,,,,,,
image_2290.jpg,a photo of a man in a fur coat holding a microphone,,,,,,,,,,,,,
image_2291.jpg,a photo of a man wearing sunglasses and pointing his finger at the camera,,,,,,,,,,,,,
image_2292.png,"a photo of a man in a black shirt with a red background and the words, who do you know",,,,,,,,,,,,,
image_2293.jpg,a photo of two men hugging in front of an explosion,,,,,,,,,,,,,
image_2294.jpg,a photo of a group of men in suits and ties,,,,,,,,,,,,,
image_2295.jpg,a photo of donald and jasmine in front of the american flag,,,,,,,,,,,,,
image_2296.png,a photo of a tweet with the words on it,,,,,,,,,,,,,
image_2297.jpg,a photo of an old man in a suit and tie,,,,,,,,,,,,,
image_2298.jpg,a photo of north korean leader kim yong,,,,,,,,,,,,,
image_2299.jpg,a photo of kim jong in the middle of the image,,,,,,,,,,,,,
image_23.jpeg,"a photo of the avengers team with text that reads, ` all female avengers",,,,,,,,,,,,,
image_230.jpg,a photo of a man in a suit and tie,,,,,,,,,,,,,
image_2300.jpg,a photo of a man in a suit and tie with the capt that says i don ' t always laugh,,,,,,,,,,,,,
image_2301.png,a photo of a man in a suit and tie with the words i have no idea,,,,,,,,,,,,,
image_2302.png,"a photo of a man in a suit and tie, with the capt that reads hepro",,,,,,,,,,,,,
image_2303.png,a photo of two men pointing at something on the wall,,,,,,,,,,,,,
image_2304.png,a photo of two men in military uniforms,,,,,,,,,,,,,
image_2305.png,a photo of a group of people holding guns,,,,,,,,,,,,,
image_2306.png,a photo of people standing around a table full of food,,,,,,,,,,,,,
image_2307.png,a photo of two men talking to each other men,,,,,,,,,,,,,
image_2308.png,a photo of a cartoon character with the capt that says it ' s not a god leader,,,,,,,,,,,,,
image_2309.jpg,a photo of north korean leader kim jong,,,,,,,,,,,,,
image_231.jpg,a photo of a man and a woman,,,,,,,,,,,,,
image_2310.jpg,"a photo of a man in a red and blue suit sitting on a chair with the capt that says, i used to have noise but then",,,,,,,,,,,,,
image_2311.png,a photo of two white teddy bears sitting next to each other bears,,,,,,,,,,,,,
image_2312.png,a photo of a giant spider that is sitting on the ground,,,,,,,,,,,,,
image_2313.jpg,a photo of two men in military uniforms,,,,,,,,,,,,,
image_2314.jpg,a photo of a baby wearing glasses,,,,,,,,,,,,,
image_2315.png,a photo of president donald and his wife in the white house,,,,,,,,,,,,,
image_2316.jpg,a photo of a man in a military uniform,,,,,,,,,,,,,
image_2317.jpg,a photo of a man in uniform talking to another man,,,,,,,,,,,,,
image_2318.jpg,a photo of a man in uniform pointing at the camera,,,,,,,,,,,,,
image_2319.jpg,a photo of a cartoon character holding a flag,,,,,,,,,,,,,
image_232.jpg,"a photo of a man in an orange shirt and blue cap with his hand up to the camera, saying",,,,,,,,,,,,,
image_2320.jpg,a photo of a man with his hands up in the air,,,,,,,,,,,,,
image_2321.jpg,a photo of a man with a pixel on his face,,,,,,,,,,,,,
image_2322.jpg,"a photo of a child in a costume with the capt that reads, when you ' reting your kids",,,,,,,,,,,,,
image_2323.jpg,a photo of a man in a suit with his hands up,,,,,,,,,,,,,
image_2324.jpg,a photo of a man in a suit sitting on a boat,,,,,,,,,,,,,
image_2325.jpg,a photo of two men in suits and one is holding a microphone,,,,,,,,,,,,,
image_2326.jpg,a photo of a group of people holding guns,,,,,,,,,,,,,
image_2327.jpg,a photo of a man pointing at a wall with the words best chocolate bar ever,,,,,,,,,,,,,
image_2328.jpeg,a photo of two men in uniform talking to each other men,,,,,,,,,,,,,
image_2329.jpg,a photo of a man cutting a cake with a knife,,,,,,,,,,,,,
image_233.png,a photo of a woman with long hair and a man ' s face,,,,,,,,,,,,,
image_2330.png,a photo of a man in a suit and tie,,,,,,,,,,,,,
image_2331.jpeg,a photo of the queen in a pink dress,,,,,,,,,,,,,
image_2332.jpg,a photo of north korean leader kim jong,,,,,,,,,,,,,
image_2333.png,a photo of a man with glasses on his face,,,,,,,,,,,,,
image_2334.jpg,a photo of a group of people standing on a dock,,,,,,,,,,,,,
image_2335.png,a photo of the face of a man in a suit and tie,,,,,,,,,,,,,
image_2336.jpg,a photo of two people sitting on a bench with a fire in the background,,,,,,,,,,,,,
image_2337.jpg,a photo of a man kissing a woman in the rain,,,,,,,,,,,,,
image_2338.jpg,a photo of a man sitting at a desk with headphones on,,,,,,,,,,,,,
image_2339.jpg,a photo of a man in a military uniform with the capt that reads what do you mean? that wasn,,,,,,,,,,,,,
image_234.png,"a photo of two people in school uniforms, one is a boy and the other has a girl",,,,,,,,,,,,,
image_2340.png,a photo of a person with an explosion in the background,,,,,,,,,,,,,
image_2341.png,"a photo of people in the crowd with text that reads, ' when people say i ' m '",,,,,,,,,,,,,
image_2342.png,"a photo of north korea ' s president kim jong, with the capt that reads, why why we are",,,,,,,,,,,,,
image_2343.jpg,"a photo of a man in a suit and bow tie, with the capt that reads ` i ' m",,,,,,,,,,,,,
image_2344.jpg,a photo of a group of people on stage,,,,,,,,,,,,,
image_2345.jpg,"a photo of two people in the same room, one with a microphone and the other with an open mouth",,,,,,,,,,,,,
image_2346.jpg,a photo of a unicorn riding on a horse,,,,,,,,,,,,,
image_2347.jpeg,a photo of sponge sponge and patrick,,,,,,,,,,,,,
image_2348.jpg,a photo of a man in a suit on the red carpet,,,,,,,,,,,,,
image_2349.jpg,a photo of two people sitting in the back seat of a car,,,,,,,,,,,,,
image_235.png,a photo of a man sitting on the beach with a teddy bear,,,,,,,,,,,,,
image_2350.jpg,a photo of a man in a suit and tie with the capt that says can ' t any girl wants,,,,,,,,,,,,,
image_2351.png,"a photo of a man in a suit with his hands on his face, and the capt reads i don",,,,,,,,,,,,,
image_2352.jpg,a photo of a man talking on the phone,,,,,,,,,,,,,
image_2353.jpg,a photo of a young boy with the capt that reads makes 1st prank phone call,,,,,,,,,,,,,
image_2354.jpg,a photo of a man talking on the phone,,,,,,,,,,,,,
image_2355.jpg,a photo of a man talking on the phone,,,,,,,,,,,,,
image_2356.jpg,a photo of a man holding a can of beer,,,,,,,,,,,,,
image_2357.jpg,a photo of two people kissing each other people,,,,,,,,,,,,,
image_2358.jpg,"a photo of a man in the snow with a capt that reads, ` before person goes to bed he",,,,,,,,,,,,,
image_2359.jpg,a photo of a man talking on the phone,,,,,,,,,,,,,
image_236.png,a photo of a man holding a teddy bear,,,,,,,,,,,,,
image_2360.png,a photo of a man in a white shirt and tie holding a drink,,,,,,,,,,,,,
image_2361.jpg,"a photo of a man sitting at a table with the capt that reads, ` get drunk destroy everything now",,,,,,,,,,,,,
image_2362.jpg,"a photo of a baby in a green shirt and white shirt with the capt that says, ` ' i",,,,,,,,,,,,,
image_2363.jpg,a photo of a person with a hat on,,,,,,,,,,,,,
image_2364.jpg,a photo of a man with a hat on,,,,,,,,,,,,,
image_2365.jpg,a photo of a man in a red shirt pointing at the camera,,,,,,,,,,,,,
image_2366.jpg,a photo of a man talking on the phone,,,,,,,,,,,,,
image_2367.jpg,a photo of a person drinking tea on a balcony,,,,,,,,,,,,,
image_2368.jpg,a photo of a shirtless man with no shirt,,,,,,,,,,,,,
image_2369.jpg,a photo of a minion holding a cupcake,,,,,,,,,,,,,
image_237.png,a photo of a man in a suit and tie holding a camera,,,,,,,,,,,,,
image_2370.jpg,a photo of a man with the capt that says you ' re? what ' s that?,,,,,,,,,,,,,
image_2371.jpg,a photo of a young man with glasses on his face,,,,,,,,,,,,,
image_2372.jpg,a photo of a small pig in the grass,,,,,,,,,,,,,
image_2373.jpg,a photo of two people texting on their cell phones,,,,,,,,,,,,,
image_2374.jpg,a photo of a man talking on the phone,,,,,,,,,,,,,
image_2375.png,a photo of a soccer player in the middle of the field,,,,,,,,,,,,,
image_2376.jpg,"a photo of a woman wearing a t shirt that says, ` i will tell '",,,,,,,,,,,,,
image_2377.png,a photo of a man in a suit and tie,,,,,,,,,,,,,
image_2378.png,a photo of a man in a suit and tie,,,,,,,,,,,,,
image_2379.jpg,a photo of an older man with grey hair and beards,,,,,,,,,,,,,
image_238.jpg,a photo of a man riding a bike on the road,,,,,,,,,,,,,
image_2380.jpg,"a photo of a man in a sweater with the capt that reads, i ams says i dont",,,,,,,,,,,,,
image_2381.jpg,a photo of a man singing into a microphone,,,,,,,,,,,,,
image_2382.jpg,a photo of two people camping in the woods,,,,,,,,,,,,,
image_2383.jpg,"a photo of a woman in a hospital bed with the capt that reads, ` no text back to all",,,,,,,,,,,,,
image_2384.jpg,a photo of a boy sitting at a table with his finger in the air,,,,,,,,,,,,,
image_2385.jpg,"a photo of two wolves, one with its head on the other ' s back",,,,,,,,,,,,,
image_2386.jpg,a photo of a woman holding a bag with the text ` ` i am approve ',,,,,,,,,,,,,
image_2387.jpg,a photo of a man talking on the phone,,,,,,,,,,,,,
image_2388.jpg,a photo of a man with headphones in front of an empty auditorium,,,,,,,,,,,,,
image_2389.png,"a photo of two jedis, one with a light saber and the other with lights",,,,,,,,,,,,,
image_239.png,a photo of a man wearing a suit and tie,,,,,,,,,,,,,
image_2390.png,a photo of two people on a boat,,,,,,,,,,,,,
image_2391.png,a photo of a group of people sitting on a dock,,,,,,,,,,,,,
image_2392.png,a photo of a man talking on the phone,,,,,,,,,,,,,
image_2393.png,a photo of a man with a beard and a watch,,,,,,,,,,,,,
image_2394.png,a photo of a man and woman walking down the street,,,,,,,,,,,,,
image_2395.png,a photo of a man talking on the phone,,,,,,,,,,,,,
image_2396.png,"a photo of a man in a white shirt with the capt that reads, ' i hate when someone is",,,,,,,,,,,,,
image_2397.png,a photo of a man with a beard and mustache,,,,,,,,,,,,,
image_2398.jpg,a photo of a man pointing at the camera,,,,,,,,,,,,,
image_2399.png,a photo of a man in a red shirt,,,,,,,,,,,,,
image_24.jpg,a photo of avengers avengers memes,,,,,,,,,,,,,
image_240.png,a photo of two men smiling for the camera,,,,,,,,,,,,,
image_2400.png,"a photo of a man in a suit and tie, with the capt that reads, ' i ' m",,,,,,,,,,,,,
image_2401.png,"a photo of a woman ' s face with the capt that reads, ` there 3 things that define death",,,,,,,,,,,,,
image_2402.png,a photo of a man with the capt that says he ' s the truth,,,,,,,,,,,,,
image_2403.png,a photo of three men standing next to each other men,,,,,,,,,,,,,
image_2404.png,"a photo of a man in a suit and tie with the capt that reads, ' the group is the",,,,,,,,,,,,,
image_2405.jpg,a photo of the president talking on his phone,,,,,,,,,,,,,
image_2406.jpg,a photo of a man in a leather jacket pointing at the camera,,,,,,,,,,,,,
image_2407.png,a photo of a man holding a sign with the words raped on it,,,,,,,,,,,,,
image_2408.jpg,a photo of a man with the capt that reads when monsters sleep at night they check their lost for,,,,,,,,,,,,,
image_2409.png,"a photo of a man in a white shirt with the text that reads, ` i ' m ' n",,,,,,,,,,,,,
image_241.png,a photo of a man in a suit and tie,,,,,,,,,,,,,
image_2410.png,"a photo of a man in a black jacket with the capt that reads, i am nes to be",,,,,,,,,,,,,
image_2411.png,a photo of a man in a suit and tie,,,,,,,,,,,,,
image_2412.jpg,a photo of a man with a scarf around his neck,,,,,,,,,,,,,
image_2413.jpg,a photo of a man in a suit and tie pointing at the camera,,,,,,,,,,,,,
image_2414.png,a photo of a man with a smile on his face,,,,,,,,,,,,,
image_2415.jpg,a photo of a man in a black leather jacket with the words i am not racist,,,,,,,,,,,,,
image_2416.png,a photo of a man with a beard and a woman in a red shirt,,,,,,,,,,,,,
image_2417.png,a photo of a person holding up a book,,,,,,,,,,,,,
image_2418.jpg,a photo of a person dressed as a star wars character,,,,,,,,,,,,,
image_2419.jpg,a photo of a man talking on the phone,,,,,,,,,,,,,
image_242.png,a photo of a man holding a teddy bear,,,,,,,,,,,,,
image_2420.png,a photo of a man talking on the phone,,,,,,,,,,,,,
image_2421.png,a photo of a woman holding a can of coke,,,,,,,,,,,,,
image_2422.jpg,a photo of a man talking on a cell,,,,,,,,,,,,,
image_2423.jpg,a photo of a man in a white shirt,,,,,,,,,,,,,
image_2424.jpg,a photo of some people sitting on a couch,,,,,,,,,,,,,
image_2425.jpg,a photo of two men dancing at a party,,,,,,,,,,,,,
image_2426.png,a photo of a man in a black sweater sitting at a table with a red text that reads did you,,,,,,,,,,,,,
image_2427.png,"a photo of a man and woman walking down the street with text that reads, i ' m happy that",,,,,,,,,,,,,
image_2428.jpg,a photo of a man sitting in a chair holding a cigarette,,,,,,,,,,,,,
image_2429.png,"a photo of a man in a suit and tie, with the capt that reads ` ` person '",,,,,,,,,,,,,
image_243.png,a photo of a man with a bird on his head,,,,,,,,,,,,,
image_2430.jpeg,a photo of one does to simy,,,,,,,,,,,,,
image_2431.jpg,a photo of a man with long hair and beards in armor,,,,,,,,,,,,,
image_2432.jpeg,a photo of a man with long hair and beards,,,,,,,,,,,,,
image_2433.jpg,"a photo of a man with long hair and beards in the middle of the image text reads, ` ` ' when you get christmas presents",,,,,,,,,,,,,
image_2434.jpg,a photo of a man looking at the camera,,,,,,,,,,,,,
image_2435.jpg,a photo of a man in a white robe holding a sword,,,,,,,,,,,,,
image_2436.jpg,a photo of an elf with blue eyes,,,,,,,,,,,,,
image_2437.jpg,a photo of a man with an evil look on his face,,,,,,,,,,,,,
image_2438.jpg,a photo of a man with long hair and beards in the middle earth,,,,,,,,,,,,,
image_2439.jpeg,a photo of a man with long hair and beards,,,,,,,,,,,,,
image_244.jpg,a photo of a man in a suit and tie sitting on a chair,,,,,,,,,,,,,
image_2440.jpg,a photo of a man with his face covered in mud,,,,,,,,,,,,,
image_2441.jpg,a photo of a man with a beard and a viking helmet,,,,,,,,,,,,,
image_2442.jpg,a photo of a man with long hair and an expression on his face,,,,,,,,,,,,,
image_2443.jpg,a photo of lord of the rings with a quote on it,,,,,,,,,,,,,
image_2444.jpg,"a photo of two people with the capt that says, ' when butters spread but you ' reh",,,,,,,,,,,,,
image_2445.jpg,a photo of a person holding a light in their hand,,,,,,,,,,,,,
image_2446.jpeg,a photo of a man with long hair and beards,,,,,,,,,,,,,
image_2447.jpg,a photo of an older man with long hair and beards standing on top of a mountain,,,,,,,,,,,,,
image_2448.jpg,a photo of an old man with a long beard and a beard that says who is that?,,,,,,,,,,,,,
image_2449.jpg,a photo of an elf sitting on a rock in the middle earth,,,,,,,,,,,,,
image_245.jpg,a photo of a man driving in a car,,,,,,,,,,,,,
image_2450.jpg,a photo of one does not simply get of the internet,,,,,,,,,,,,,
image_2451.jpg,a photo of a group of people sitting around a table,,,,,,,,,,,,,
image_2452.jpg,a photo of a man in a fur coat holding a sword,,,,,,,,,,,,,
image_2453.jpg,"a photo of person from game of thrones with text that reads, ` ' i ' m sorry can",,,,,,,,,,,,,
image_2454.jpg,"a photo of a girl and a lion with the capt that reads, ` we ' ll go through the",,,,,,,,,,,,,
image_2455.jpg,"a photo of a woman with long hair and a man in the background text reads, ' it is not",,,,,,,,,,,,,
image_2456.jpg,a photo of an old man wearing a hat and holding a stick,,,,,,,,,,,,,
image_2457.jpg,a photo of a man with long hair holding a sword,,,,,,,,,,,,,
image_2458.jpg,a photo of the lord with a quote on his face,,,,,,,,,,,,,
image_2459.jpg,a photo of a man with long hair and an angry expression on his face,,,,,,,,,,,,,
image_246.png,a photo of a man in a suit with the words are you sure?,,,,,,,,,,,,,
image_2460.jpg,"a photo of a person in the snow with text that reads, ` ' the cold never bothered me away",,,,,,,,,,,,,
image_2461.jpeg,a photo of a man with his head in his hands,,,,,,,,,,,,,
image_2462.jpg,a photo of two people walking down the street,,,,,,,,,,,,,
image_2463.png,"a photo of an image of a man with a beard and the capt that reads, ' i hate you",,,,,,,,,,,,,
image_2464.jpg,a photo of a girl and a troll troll,,,,,,,,,,,,,
image_2465.png,"a photo of two harrys with the capt that reads, ' i ' m '",,,,,,,,,,,,,
image_2466.jpg,a photo of a man with a big grin on his face,,,,,,,,,,,,,
image_2467.jpg,a photo of a group of people on an airplane,,,,,,,,,,,,,
image_2468.jpg,"a photo of an elf with the capt that reads, hear over favorite so you run it",,,,,,,,,,,,,
image_2469.png,"a photo of a man with long hair and beards, wearing black leather gloves",,,,,,,,,,,,,
image_247.jpg,a photo of a man in a suit and tie holding his hand to his ear,,,,,,,,,,,,,
image_2470.jpg,a photo of two men with glasses and one is wearing a cape,,,,,,,,,,,,,
image_2471.jpg,"a photo of a young boy with the capt that reads, when you open the door on your bedroom and",,,,,,,,,,,,,
image_2472.jpg,"a photo of an old man with a long beard, wearing a hat and holding a wand",,,,,,,,,,,,,
image_2473.jpg,a photo of a man with long blonde hair and blue eyes,,,,,,,,,,,,,
image_2474.jpg,a photo of person with a quote on it,,,,,,,,,,,,,
image_2475.jpg,a photo of an old man with a beard,,,,,,,,,,,,,
image_2476.jpg,a photo of an old man with long hair and blue eyes,,,,,,,,,,,,,
image_2477.jpg,"a photo of a man in a green shirt and white shirt with the capt that reads, ` ' and",,,,,,,,,,,,,
image_2478.jpg,a photo of two people laying down in the grass,,,,,,,,,,,,,
image_2479.jpg,a photo of a man with long hair and beards holding a glass of wine,,,,,,,,,,,,,
image_248.jpg,a photo of a man in a suit and tie dancing,,,,,,,,,,,,,
image_2480.jpg,a photo of two harry potters pointing at the camera,,,,,,,,,,,,,
image_2481.jpg,"a photo of a man with a sword in his hand and the words, when you ' red at",,,,,,,,,,,,,
image_2482.jpg,"a photo of a man with long hair and a quote that reads, when the water is bring your food",,,,,,,,,,,,,
image_2483.jpg,a photo of an old man with long hair and beards,,,,,,,,,,,,,
image_2484.jpg,a photo of a man in a suit and tie,,,,,,,,,,,,,
image_2485.png,a photo of an old man with long white hair and beards,,,,,,,,,,,,,
image_2486.jpg,"a photo of the wizard ' s castle with the capt that reads, ` i ' d want to be",,,,,,,,,,,,,
image_2487.jpg,"a photo of a man with long hair and beards saying one day, will stop making lord of the",,,,,,,,,,,,,
image_2488.jpg,"a photo of two people in the snow with text that reads, where fuck are gan? this is the",,,,,,,,,,,,,
image_2489.jpg,a photo of one does not simply harry potter,,,,,,,,,,,,,
image_249.png,a photo of a man with his mouth open,,,,,,,,,,,,,
image_2490.png,"a photo of a man and woman with the capt that reads, ' when i see my friends, i",,,,,,,,,,,,,
image_2491.jpg,a photo of a man with long hair and a beard,,,,,,,,,,,,,
image_2492.jpg,a photo of a man reading a newspaper,,,,,,,,,,,,,
image_2493.jpg,"a photo of monsters and aliens with the capt that reads, ` the plot of things '",,,,,,,,,,,,,
image_2494.jpg,"a photo of a man with long hair and beards, looking at the camera",,,,,,,,,,,,,
image_2495.jpg,a photo of a group of people sitting around a table,,,,,,,,,,,,,
image_2496.jpg,a photo of a man wearing a hat and holding a toy,,,,,,,,,,,,,
image_2497.png,a photo of a woman with long blonde hair,,,,,,,,,,,,,
image_2498.jpg,"a photo of an old man with a long beard, wearing a hat and holding a wand",,,,,,,,,,,,,
image_2499.jpg,a photo of two people sitting in front of a mirror,,,,,,,,,,,,,
image_25.jpg,a photo of the avengers and deadpools,,,,,,,,,,,,,
image_250.png,a photo of a man in a suit and tie,,,,,,,,,,,,,
image_2500.jpg,a photo of an old man with long hair and beards,,,,,,,,,,,,,
image_2501.png,"a photo of a man pointing at the camera with text that reads, you are alone",,,,,,,,,,,,,
image_2502.jpg,"a photo of a troll troll with the capt that reads, ` ` person '",,,,,,,,,,,,,
image_2503.jpg,a photo of a minion with a quote on it,,,,,,,,,,,,,
image_2504.jpg,a photo of a minion with a quote on it,,,,,,,,,,,,,
image_2505.jpg,"a photo of a minion with the capt that says, ` how do you feel when you ' re",,,,,,,,,,,,,
image_2506.jpg,a photo of a minion holding a guitar,,,,,,,,,,,,,
image_2507.jpg,a photo of a minion with a quote on it,,,,,,,,,,,,,
image_2508.jpg,a photo of a minion with a quote on it,,,,,,,,,,,,,
image_2509.jpg,"a photo of two cartoon characters with the capt that says, ` ' i never saw another men in facebook",,,,,,,,,,,,,
image_251.png,a photo of a man sitting at a desk with a computer,,,,,,,,,,,,,
image_2510.jpg,a photo of a minion with the capt that says captain ' s ninety minute,,,,,,,,,,,,,
image_2511.jpg,a photo of a minion with the words to 4 wishes,,,,,,,,,,,,,
image_2512.jpg,a photo of a minion with a quote on it,,,,,,,,,,,,,
image_2513.jpg,a photo of a snowman and a minion,,,,,,,,,,,,,
image_2514.jpg,a photo of a minion with a quote on it,,,,,,,,,,,,,
image_2515.jpg,a photo of a minion with a gun in his hand,,,,,,,,,,,,,
image_2516.jpg,a photo of a minion with a quote on it,,,,,,,,,,,,,
image_2517.jpeg,a photo of a minion with a quote on it,,,,,,,,,,,,,
image_2518.jpg,a photo of a minion with a quote on it,,,,,,,,,,,,,
image_2519.jpg,a photo of two minions from the minions movie,,,,,,,,,,,,,
image_252.png,a photo of a man holding a camera,,,,,,,,,,,,,
image_2520.jpg,a photo of minions from the minions movie,,,,,,,,,,,,,
image_2521.jpg,a photo of a minion with the words do i look like someone who are you?,,,,,,,,,,,,,
image_2522.jpg,a photo of a minion holding a coffee cup,,,,,,,,,,,,,
image_2523.jpg,a photo of a minion with the words i miss you,,,,,,,,,,,,,
image_2524.jpg,a photo of a minion with a quote on it,,,,,,,,,,,,,
image_2525.jpg,a photo of a minion with the words stay weird it ' s legal and fun,,,,,,,,,,,,,
image_2526.jpg,"a photo of a minion with text that reads, ` i ' m '",,,,,,,,,,,,,
image_2527.jpg,a photo of two minionss with the capt that reads i ' m sorry animal,,,,,,,,,,,,,
image_2528.jpg,a photo of a minion with a quote on it,,,,,,,,,,,,,
image_2529.jpg,a photo of a minion with a quote on it,,,,,,,,,,,,,
image_253.jpg,a photo of two men in suits and hats,,,,,,,,,,,,,
image_2530.jpg,a photo of a cartoon character with a quote on it,,,,,,,,,,,,,
image_2531.jpg,a photo of a minion with a quote on it,,,,,,,,,,,,,
image_2532.jpg,"a photo of a minion with the words never to be angry, stay awake and not revenge",,,,,,,,,,,,,
image_2533.jpg,a photo of a minion with a quote on it,,,,,,,,,,,,,
image_2534.jpg,a photo of a minion with a quote on it,,,,,,,,,,,,,
image_2535.jpeg,a photo of a stuffed minion with glasses on it,,,,,,,,,,,,,
image_2536.jpg,a photo of a minion with a quote on it,,,,,,,,,,,,,
image_2537.png,a photo of a minion with a quote on it,,,,,,,,,,,,,
image_2538.jpg,a photo of a minion with a quote on it,,,,,,,,,,,,,
image_2539.jpg,a photo of a minion with headphones on,,,,,,,,,,,,,
image_254.png,a photo of a man wearing a suit and tie,,,,,,,,,,,,,
image_2540.jpeg,a photo of a minion sitting in an office with a cup of coffee,,,,,,,,,,,,,
image_2541.jpg,a photo of a minion with a quote on it,,,,,,,,,,,,,
image_2542.jpg,a photo of a minion with a flower crown on his head,,,,,,,,,,,,,
image_2543.jpg,a photo of a minion with the words math on it,,,,,,,,,,,,,
image_2544.jpg,"a photo of a minion with text that reads, you say i ' m dirty minded but you understand",,,,,,,,,,,,,
image_2545.jpg,a photo of a minion with a quote on it,,,,,,,,,,,,,
image_2546.jpg,a photo of a minion with a quote on it,,,,,,,,,,,,,
image_2547.jpg,a photo of a minion holding a phone,,,,,,,,,,,,,
image_2548.jpg,a photo of a minion with a quote on it,,,,,,,,,,,,,
image_2549.jpg,a photo of a minion with a quote on it,,,,,,,,,,,,,
image_255.jpg,a photo of a man in a suit and tie,,,,,,,,,,,,,
image_2550.jpg,a photo of a minion with a quote on it,,,,,,,,,,,,,
image_2551.jpg,"a photo of a minion with the words ' yes, i don '",,,,,,,,,,,,,
image_2552.jpg,a photo of a minion with the words i ' m work day time to take the world,,,,,,,,,,,,,
image_2553.jpg,a photo of a minion with a quote on it,,,,,,,,,,,,,
image_2554.jpg,a photo of a purple bird with the capt that says it ' s not one of those days,,,,,,,,,,,,,
image_2555.jpg,a photo of a minion with a quote on it,,,,,,,,,,,,,
image_2556.jpg,a photo of a minion with a quote on it,,,,,,,,,,,,,
image_2557.jpg,a photo of a minion with the words ' friday is my second favorite ',,,,,,,,,,,,,
image_2558.jpg,"a photo of a minion with the capt that reads, ' my tridentt ' s identity that haven",,,,,,,,,,,,,
image_2559.jpg,a photo of a minion with the capt that says it ' s strange,,,,,,,,,,,,,
image_256.png,a photo of a man in a suit and tie,,,,,,,,,,,,,
image_2560.jpg,"a photo of a minion with the capt that reads, ` when you ' ve been a little girl",,,,,,,,,,,,,
image_2561.jpg,"a photo of a minion with the capt that says, ' i amt ' m '",,,,,,,,,,,,,
image_2562.jpg,a photo of two minions and a quote from the minions movie,,,,,,,,,,,,,
image_2563.jpg,a photo of a dump truck full of gold coins,,,,,,,,,,,,,
image_2564.jpg,a photo of a minion with bananas in the background,,,,,,,,,,,,,
image_2565.jpg,a photo of a cartoon character with the words sleeping is my drug and my alarm is the police,,,,,,,,,,,,,
image_2566.jpg,a photo of a minion with a quote on it,,,,,,,,,,,,,
image_2567.jpg,"a photo of a minion with a quote that says, ' my motto is to have a good day",,,,,,,,,,,,,
image_2568.jpg,"a photo of two minionss with the capt that says, ' i ' m ' really you ' re",,,,,,,,,,,,,
image_2569.jpg,a photo of a minion with the capt that says admit,,,,,,,,,,,,,
image_257.png,a photo of a man in a leather jacket,,,,,,,,,,,,,
image_2570.jpg,a photo of a minion holding a flower,,,,,,,,,,,,,
image_2571.jpg,"a photo of a minion with the capt that says, you ' reated as what do you do",,,,,,,,,,,,,
image_2572.jpg,a photo of a minion with a quote on it,,,,,,,,,,,,,
image_2573.jpg,a photo of a minion with a quote on it,,,,,,,,,,,,,
image_2574.jpg,"a photo of a minion with the capt that says, ` ` ' '",,,,,,,,,,,,,
image_2575.jpg,"a photo of a minion with the words ' some people call me, i prefer the term '",,,,,,,,,,,,,
image_2576.jpg,a photo of two minion minionss with text that reads 10 hilarious memes of the day,,,,,,,,,,,,,
image_2577.jpg,a photo of a minion with the words people talking about you behind it,,,,,,,,,,,,,
image_2578.jpg,a photo of a minion with a quote on it,,,,,,,,,,,,,
image_2579.jpg,"a photo of a minion holding a sign that says, ` ` you ' re '",,,,,,,,,,,,,
image_258.jpg,a photo of a man in a suit and tie,,,,,,,,,,,,,
image_2580.jpg,a photo of a minion with a quote on it,,,,,,,,,,,,,
image_2581.jpg,a photo of a minion with a quote on it,,,,,,,,,,,,,
image_2582.png,a photo of two minions from the minions movie,,,,,,,,,,,,,
image_2583.jpg,a photo of a minion with a quote on it,,,,,,,,,,,,,
image_2584.jpg,a photo of a minion with a quote on it,,,,,,,,,,,,,
image_2585.jpg,"a photo of a flower with the capt that reads, ` facebook me 4 year old moms",,,,,,,,,,,,,
image_2586.jpg,a photo of a minion with a quote on it,,,,,,,,,,,,,
image_2587.jpg,"a photo of a minion with the capt that says, ' when i ' m '",,,,,,,,,,,,,
image_2588.jpg,"a photo of a minion with text that reads, ` ' i ' m ' ing your husband",,,,,,,,,,,,,
image_2589.jpg,a photo of a minion with a quote on it,,,,,,,,,,,,,
image_259.png,a photo of two men sitting in a courtroom,,,,,,,,,,,,,
image_2590.jpg,a photo of a minion with a quote on it,,,,,,,,,,,,,
image_2591.jpg,a photo of a minion with a quote on it,,,,,,,,,,,,,
image_2592.jpg,a photo of a minion with the words how to own an agent,,,,,,,,,,,,,
image_2593.jpg,"a photo of a minion with a quote that says, ` i saw out through the window '",,,,,,,,,,,,,
image_2594.png,a photo of a minion with the words god isn ' t real,,,,,,,,,,,,,
image_2595.jpg,a photo of a minion holding a pair of scissors,,,,,,,,,,,,,
image_2596.jpg,a photo of a minion laying on the ground,,,,,,,,,,,,,
image_2597.png,a photo of a minion with a quote on it,,,,,,,,,,,,,
image_2598.png,"a photo of a minion with the capt that reads, i have violent socios",,,,,,,,,,,,,
image_2599.png,a photo of a minion with the words i ' m ' n fat,,,,,,,,,,,,,
image_26.jpeg,a photo of a man in a dark room,,,,,,,,,,,,,
image_260.jpg,a photo of a man in a suit and tie,,,,,,,,,,,,,
image_2600.png,"a photo of a minion with text that says, ` i ' m ' s not in a people",,,,,,,,,,,,,
image_2601.png,a photo of a minion with the capt that says it wasn fat,,,,,,,,,,,,,
image_2602.jpg,a photo of a minion with the capt that says it ' s true,,,,,,,,,,,,,
image_2603.png,a photo of a minion with a thought bubble,,,,,,,,,,,,,
image_2604.jpg,"a photo of two minions with the capt that says, ' we have one friend who needs to learn how",,,,,,,,,,,,,
image_2605.jpg,a photo of a minion with the words what ' s god present for a baby botes?,,,,,,,,,,,,,
image_2606.png,"a photo of two cartoon characters, one with a hat and the other with an image of a man in",,,,,,,,,,,,,
image_2607.jpg,a photo of a minion with a quote on it,,,,,,,,,,,,,
image_2608.jpg,"a photo of minions from the minions movie, minions memes and sayings",,,,,,,,,,,,,
image_2609.jpg,a photo of two people dressed as minions,,,,,,,,,,,,,
image_261.png,a photo of a man in a suit and tie,,,,,,,,,,,,,
image_2610.jpg,a photo of a minion with the words the minions is not amused,,,,,,,,,,,,,
image_2611.jpg,a photo of a minion sitting on the ground,,,,,,,,,,,,,
image_2612.jpg,a photo of minions from the minions movie,,,,,,,,,,,,,
image_2613.jpg,a photo of a minion with the capt that says i don ' t love on his plane anymore,,,,,,,,,,,,,
image_2614.jpg,"a photo of a minion with the words ' if i had to run my life, i ' m",,,,,,,,,,,,,
image_2615.jpg,"a photo of two minion minions with the capt that says, ` i ' m '",,,,,,,,,,,,,
image_2616.jpg,a photo of a minion with a quote on it,,,,,,,,,,,,,
image_2617.jpg,"a photo of a minion with the capt that says, i can ' t remember",,,,,,,,,,,,,
image_2618.jpg,a photo of a minion holding a phone,,,,,,,,,,,,,
image_2619.jpg,a photo of a minion wearing a chef ' s hat and holding a cup,,,,,,,,,,,,,
image_262.jpg,a photo of a man in a suit holding a drill,,,,,,,,,,,,,
image_2620.png,a photo of a minion with the words dear office i have a lot of people,,,,,,,,,,,,,
image_2621.png,a photo of a minion wearing a police uniform,,,,,,,,,,,,,
image_2622.jpg,"a photo of minions from the minions movie, minions quotes, funny minionss, person, minion minions",,,,,,,,,,,,,
image_2623.jpg,a photo of a cartoon character smoking a cigarette,,,,,,,,,,,,,
image_2624.png,"a photo of a minion with the capt that says, i ' m ' n ' t",,,,,,,,,,,,,
image_2625.jpg,a photo of a minion with a quote on it,,,,,,,,,,,,,
image_2626.jpg,a photo of a minion with a quote on it,,,,,,,,,,,,,
image_2627.jpg,"a photo of a minion with the capt that says, when you ' reting your facebook account and",,,,,,,,,,,,,
image_2628.jpg,"a photo of a cartoon minion with the capt that says, ' do anyones cry when they get angry? '",,,,,,,,,,,,,
image_2629.jpg,a photo of a minion with a quote on it,,,,,,,,,,,,,
image_263.jpg,a photo of a teacher ' s desk with the words teacher appreciation week on it,,,,,,,,,,,,,
image_2630.jpg,a photo of a minion with a quote on it,,,,,,,,,,,,,
image_2631.jpg,a photo of a minion with sunglasses on it ' s head,,,,,,,,,,,,,
image_2632.jpg,a photo of a minion with a quote on it,,,,,,,,,,,,,
image_2633.jpg,a photo of a minion with the words it takes skill to trip over at surfaces,,,,,,,,,,,,,
image_2634.png,"a photo of three minionss with the capt that says, ` ` '",,,,,,,,,,,,,
image_2635.png,a photo of minions from the minions movie,,,,,,,,,,,,,
image_2636.jpg,a photo of a minion with a quote on it,,,,,,,,,,,,,
image_2637.jpg,a photo of a minion with a crown on it ' s head,,,,,,,,,,,,,
image_2638.jpg,a photo of a minion with the words i hate when i sing,,,,,,,,,,,,,
image_2639.jpg,a photo of a minion with a quote on it,,,,,,,,,,,,,
image_264.jpg,"a photo of a woman with a quote on it that says, ` ' new resolution '",,,,,,,,,,,,,
image_2640.jpg,a photo of a minion with a quote on it,,,,,,,,,,,,,
image_2641.jpg,a photo of a minion with a quote on it,,,,,,,,,,,,,
image_2642.jpg,a photo of a minion with the words stop waiting for pine,,,,,,,,,,,,,
image_2643.jpg,a photo of a minion with a quote on it,,,,,,,,,,,,,
image_2644.jpg,a photo of a minion with a quote on it,,,,,,,,,,,,,
image_2645.jpg,a photo of a minion with a quote on it,,,,,,,,,,,,,
image_2646.jpg,a photo of a minion with a quote on it,,,,,,,,,,,,,
image_2647.jpg,a photo of a minion with the capt that says he ' s home alone except party,,,,,,,,,,,,,
image_2648.jpg,a photo of a minion with a quote on it,,,,,,,,,,,,,
image_2649.jpg,a photo of a minion with a quote on it,,,,,,,,,,,,,
image_265.jpg,a photo of two women in black and white,,,,,,,,,,,,,
image_2650.jpg,a photo of a minion with a quote on it,,,,,,,,,,,,,
image_2651.jpg,a photo of a minion with a quote on it,,,,,,,,,,,,,
image_2652.jpg,"a photo of two minion minionss with the capt that says, what do you want to do?",,,,,,,,,,,,,
image_2653.jpg,a photo of a minion with a quote on it,,,,,,,,,,,,,
image_2654.png,a photo of two minions with heart shaped balloons,,,,,,,,,,,,,
image_2655.jpg,a photo of a minion with the capt that says i ' m normal,,,,,,,,,,,,,
image_2656.jpg,a photo of a minion with a quote on it,,,,,,,,,,,,,
image_2657.jpg,a photo of a minion holding a camera,,,,,,,,,,,,,
image_2658.png,a photo of a man holding a sign with the words we have been comrised,,,,,,,,,,,,,
image_2659.jpg,a photo of two people sitting in a car,,,,,,,,,,,,,
image_266.jpg,"a photo of an old man with a hood on his head and the capt that says, ` ' me should",,,,,,,,,,,,,
image_2660.jpg,a photo of a minion with a quote on it,,,,,,,,,,,,,
image_2661.png,a photo of two minionss with the words you ' re and are getting divorce,,,,,,,,,,,,,
image_2662.jpg,a photo of two minionss wearing christmas hats,,,,,,,,,,,,,
image_2663.png,a photo of a man with different facial expressions,,,,,,,,,,,,,
image_2664.jpg,"a photo of an old man sitting in a chair with the capt that says, you can ' t want",,,,,,,,,,,,,
image_2665.png,"a photo of a man in a suit and tie with text that reads, iceland ' s president explains how",,,,,,,,,,,,,
image_2666.jpg,a photo of a man in a suit sitting at a desk,,,,,,,,,,,,,
image_2667.jpg,a photo of a woman with her hand on her face,,,,,,,,,,,,,
image_2668.jpg,"a photo of a woman in a room with the capt that says, if you watch cinderella ' s it",,,,,,,,,,,,,
image_2669.jpg,a photo of a woman sitting on a couch,,,,,,,,,,,,,
image_267.jpg,a photo of a woman with a quote on it,,,,,,,,,,,,,
image_2670.jpg,a photo of a man with long hair and a mustache,,,,,,,,,,,,,
image_2671.jpg,a photo of a man with a mustache and mustache on his face,,,,,,,,,,,,,
image_2672.png,a photo of a woman with her hand on her head,,,,,,,,,,,,,
image_2673.jpg,a photo of some people with different faces,,,,,,,,,,,,,
image_2674.jpg,a photo of a woman in a green shirt with the words get to missy in speech,,,,,,,,,,,,,
image_2675.png,a photo of donald the trump,,,,,,,,,,,,,
image_2676.jpg,a photo of a woman with a quote on her face,,,,,,,,,,,,,
image_2677.png,a photo of a man with glasses and a butterfly on his shoulder,,,,,,,,,,,,,
image_2678.png,a photo of hillary sanders with the capt that says it ' s not a living room,,,,,,,,,,,,,
image_2679.png,a photo of a woman with red hair and glasses,,,,,,,,,,,,,
image_268.jpg,a photo of a black and white quote sticker,,,,,,,,,,,,,
image_2680.jpg,a photo of donald and hillary face to face,,,,,,,,,,,,,
image_2681.png,"a photo of a girl with glasses and text that reads, who are you to say no?",,,,,,,,,,,,,
image_2682.jpg,a photo of a man with a gun in his hand,,,,,,,,,,,,,
image_2683.jpg,a photo of a man and woman talking to each other people,,,,,,,,,,,,,
image_2684.png,a photo of two men with the capt that says what do you call a chinese post?,,,,,,,,,,,,,
image_2685.jpg,a photo of a painting with the words i like to start my morning with a bowl of meat,,,,,,,,,,,,,
image_2686.jpg,a photo of a woman ' s lips with a quote on it,,,,,,,,,,,,,
image_2687.jpg,a photo of an elephant standing on top of a building,,,,,,,,,,,,,
image_2688.jpg,a photo of a young girl standing in front of books,,,,,,,,,,,,,
image_2689.jpg,a photo of a little girl holding an owl,,,,,,,,,,,,,
image_269.jpg,a photo of a quote on a white background,,,,,,,,,,,,,
image_2690.jpg,a photo of a sign that says you ' d love a beautiful daughter,,,,,,,,,,,,,
image_2691.png,a photo of a woman with a sword in her hand,,,,,,,,,,,,,
image_2692.jpg,a photo of a woman sitting in a chair,,,,,,,,,,,,,
image_2693.jpg,a photo of a man on a surfboard in the ocean,,,,,,,,,,,,,
image_2694.png,"a photo of a man in a black shirt with a quote on it that reads, we ' re the",,,,,,,,,,,,,
image_2695.jpg,a photo of a man with a gun in his hand,,,,,,,,,,,,,
image_2696.jpg,a photo of a girl with her hands up in the air,,,,,,,,,,,,,
image_2697.jpg,a photo of a lizard with its mouth open,,,,,,,,,,,,,
image_2698.jpg,a photo of a man wearing a hat and holding a cigarette,,,,,,,,,,,,,
image_2699.png,a photo of a man in a car with the capt on his face,,,,,,,,,,,,,
image_27.jpeg,a photo of a man and woman in avengers comics,,,,,,,,,,,,,
image_270.jpg,"a photo of the text that says, ` ` '",,,,,,,,,,,,,
image_2700.jpg,"a photo of a piece of paper with the words, ` ` ' and ' person ' on it",,,,,,,,,,,,,
image_2701.jpg,a photo of hillary giving a speech,,,,,,,,,,,,,
image_2702.jpg,a photo of a man talking on the phone,,,,,,,,,,,,,
image_2703.png,a photo of a woman in a red swimsuit,,,,,,,,,,,,,
image_2704.jpg,a photo of a woman in a white suit and red lipstick,,,,,,,,,,,,,
image_2705.jpg,a photo of a woman with eyebrows and eyebrows,,,,,,,,,,,,,
image_2706.jpg,a photo of a black and white poster with the words,,,,,,,,,,,,,
image_2707.png,a photo of a poster with the words vote for anyone,,,,,,,,,,,,,
image_2708.jpg,a photo of a woman pointing at the camera,,,,,,,,,,,,,
image_2709.png,a photo of hillary sanders with the capt that says she ' s a female running for president,,,,,,,,,,,,,
image_271.jpg,a photo of a girl dancing with her friends,,,,,,,,,,,,,
image_2710.png,a photo of a woman with tattoos and piercings,,,,,,,,,,,,,
image_2711.jpg,"a photo of a girl with red hair, wearing a striped shirt and jeans",,,,,,,,,,,,,
image_2712.jpg,a photo of a person wearing sunglasses and giving the thumbs,,,,,,,,,,,,,
image_2713.png,a photo of a girl with a fire in the background,,,,,,,,,,,,,
image_2714.jpg,a photo of a minion with a quote on it,,,,,,,,,,,,,
image_2715.jpg,a photo of a black and white cat sitting on the floor,,,,,,,,,,,,,
image_2716.jpg,a photo of a woman with a hat on her head,,,,,,,,,,,,,
image_2717.jpg,a photo of a woman cooking in a kitchen,,,,,,,,,,,,,
image_2718.jpg,a photo of chocolates with a quote on it,,,,,,,,,,,,,
image_2719.jpg,a photo of a man with a mustache and mustache,,,,,,,,,,,,,
image_272.jpg,a photo of a teddy bear with the words ` my spirit animal ',,,,,,,,,,,,,
image_2720.jpg,a photo of a cartoon character eating a sandwich,,,,,,,,,,,,,
image_2721.jpg,a photo of a man in a suit and tie with the words waiting for a wonder woman movie,,,,,,,,,,,,,
image_2722.jpg,a photo of three people sitting on the floor,,,,,,,,,,,,,
image_2723.jpg,a photo of a man with a gun in the desert,,,,,,,,,,,,,
image_2724.jpg,a photo of a woman in a red shirt with text that reads does like bitchs like,,,,,,,,,,,,,
image_2725.jpg,a photo of a woman in a pink tank top,,,,,,,,,,,,,
image_2726.jpg,a photo of a man and woman sitting at a table,,,,,,,,,,,,,
image_2727.jpg,a photo of a man in a suit sitting at a desk with his head in his hands,,,,,,,,,,,,,
image_2728.jpg,"a photo of a group of people with text that reads, i amr not because don ' t have",,,,,,,,,,,,,
image_2729.jpg,a photo of a person drinking from a cup,,,,,,,,,,,,,
image_273.jpg,a photo of a black and white quote art print,,,,,,,,,,,,,
image_2730.jpg,a photo of a woman sitting on a couch,,,,,,,,,,,,,
image_2731.jpg,a photo of a woman with glasses and a poster,,,,,,,,,,,,,
image_2732.jpg,a photo of a man smiling and looking at the camera,,,,,,,,,,,,,
image_2733.jpg,a photo of some people with different faces,,,,,,,,,,,,,
image_2734.jpg,a photo of abraham abraham is shown in this image,,,,,,,,,,,,,
image_2735.jpg,"a photo of a cartoon character with the capt that reads, when you can ' tweer and wipe",,,,,,,,,,,,,
image_2736.jpg,a photo of a young man with the capt that says gay is gay,,,,,,,,,,,,,
image_2737.jpg,a photo of a monster sitting on top of another monster,,,,,,,,,,,,,
image_2738.jpg,a photo of a man in a suit and tie,,,,,,,,,,,,,
image_2739.jpg,a photo of an older man in a suit and tie,,,,,,,,,,,,,
image_274.jpg,a photo of a black and white quote on a white background,,,,,,,,,,,,,
image_2740.jpeg,a photo of an old man wearing a hat,,,,,,,,,,,,,
image_2741.jpg,a photo of a woman in a red shirt with the words god luck hillary don,,,,,,,,,,,,,
image_2742.jpg,a photo of a woman with the capt that says i haven on the time to think,,,,,,,,,,,,,
image_2743.JPG,a photo of a baby wearing a monkey costume,,,,,,,,,,,,,
image_2744.jpg,a photo of india ' s prime pm naji and his wife,,,,,,,,,,,,,
image_2745.jpg,a photo of an old man sitting on a couch,,,,,,,,,,,,,
image_2746.jpg,a photo of an older man wearing a hat and jacket,,,,,,,,,,,,,
image_2747.jpeg,a photo of two men hugging in a room,,,,,,,,,,,,,
image_2748.jpg,a photo of an old man with a beard and glasses,,,,,,,,,,,,,
image_2749.jpg,a photo of a man in a white suit sitting on a chair and looking at his phone,,,,,,,,,,,,,
image_275.jpg,a photo of a man dancing on the street,,,,,,,,,,,,,
image_2750.jpeg,a photo of a woman in a bathing suit,,,,,,,,,,,,,
image_2751.jpg,a photo of a group of men sitting on a couch,,,,,,,,,,,,,
image_2752.jpg,a photo of a group of men standing on a red carpet,,,,,,,,,,,,,
image_2753.jpg,a photo of an old man with a beard and glasses,,,,,,,,,,,,,
image_2754.png,a photo of an indian woman with green hair and a man in the background,,,,,,,,,,,,,
image_2755.jpg,a photo of india ' s prime pm naren singh,,,,,,,,,,,,,
image_2756.jpg,a photo of two men sitting at a table,,,,,,,,,,,,,
image_2757.png,a photo of an old man with a long white beard and glasses,,,,,,,,,,,,,
image_2758.jpg,a photo of a man standing in front of statues,,,,,,,,,,,,,
image_2759.jpg,a photo of two men shaking hands in front of a painting,,,,,,,,,,,,,
image_276.jpg,"a photo of a cartoon character with the capt that reads, don ' twer sponge",,,,,,,,,,,,,
image_2760.jpg,a photo of a man in a yellow shirt,,,,,,,,,,,,,
image_2761.jpg,a photo of two men and one woman with the words difference difference,,,,,,,,,,,,,
image_2762.jpg,a photo of a man talking to an older woman,,,,,,,,,,,,,
image_2763.png,a photo of a man with a smile on his face,,,,,,,,,,,,,
image_2764.jpg,a photo of the prime of india with a speech bubble in the background,,,,,,,,,,,,,
image_2765.jpg,a photo of a man with a speech bubble on his face,,,,,,,,,,,,,
image_2766.png,"a photo of an indian man sitting on a couch with the capt that reads, ' narena mo",,,,,,,,,,,,,
image_2767.jpg,a photo of an indian man giving a speech,,,,,,,,,,,,,
image_2768.jpg,a photo of a woman talking to a child,,,,,,,,,,,,,
image_2769.jpg,a photo of two men hugging each other men,,,,,,,,,,,,,
image_277.jpg,a photo of a man in a suit with his mouth open,,,,,,,,,,,,,
image_2770.png,"a photo of a man in a helmet with the capt that reads, memea after what next?",,,,,,,,,,,,,
image_2771.jpg,a photo of a man wearing a hat,,,,,,,,,,,,,
image_2772.jpg,a photo of a man holding a bat and a picture of an indian flag,,,,,,,,,,,,,
image_2773.png,a photo of a man sitting in front of an indian currency,,,,,,,,,,,,,
image_2774.jpg,a photo of a man in a suit and tie,,,,,,,,,,,,,
image_2775.jpg,a photo of an indian man with his hands out and the capt reads i ' m to buy speak,,,,,,,,,,,,,
image_2776.jpg,"a photo of an indian man with his arms outstretched and the words ` `, ` ', ' `",,,,,,,,,,,,,
image_2777.jpg,a photo of a man in a red tuk with the words i ' m to buy speak,,,,,,,,,,,,,
image_2778.jpg,a photo of an old man holding a sticker with the words happy valentine day,,,,,,,,,,,,,
image_2779.jpg,a photo of a man holding a piece of paper,,,,,,,,,,,,,
image_278.jpg,a photo of a group of people sitting around a table with the words we review our ideas thank you,,,,,,,,,,,,,
image_2780.jpg,a photo of two men sitting on top of a bed,,,,,,,,,,,,,
image_2781.jpg,a photo of two men sitting at a table with flags,,,,,,,,,,,,,
image_2782.jpg,a photo of a man singing into a microphone,,,,,,,,,,,,,
image_2783.jpg,a photo of a man giving a speech at a podium,,,,,,,,,,,,,
image_2784.png,a photo of president donald and his wife,,,,,,,,,,,,,
image_2785.jpg,a photo of a man in a suit and tie sitting at a desk,,,,,,,,,,,,,
image_2786.jpg,a photo of an old man and a woman,,,,,,,,,,,,,
image_2787.png,a photo of a man with a white beard and glasses,,,,,,,,,,,,,
image_2788.png,"a photo of a man in a suit with the capt that says, that ' s not how science works",,,,,,,,,,,,,
image_2789.jpg,"a photo of a man in a white shirt and black pants with the capt that reads, ` when you",,,,,,,,,,,,,
image_279.jpg,a photo of a man in a suit and tie,,,,,,,,,,,,,
image_2790.jpg,a photo of a man jumping in the air,,,,,,,,,,,,,
image_2791.png,a photo of an old man holding a cell phone,,,,,,,,,,,,,
image_2792.png,"a photo of the prime of india, pm modi",,,,,,,,,,,,,
image_2793.jpg,a photo of a man in yellow shirt and sunglasses pointing at the camera,,,,,,,,,,,,,
image_2794.png,"a photo of a man in a black suit and a white beard, with the capt that reads ' government",,,,,,,,,,,,,
image_2795.png,a photo of a man in a suit and tie waving,,,,,,,,,,,,,
image_2796.png,"a photo of the prime of india, pm naren",,,,,,,,,,,,,
image_2797.jpg,a photo of two men on motorcycles with the capt in the middle,,,,,,,,,,,,,
image_2798.png,"a photo of the prime of india, pm naji",,,,,,,,,,,,,
image_2799.png,a photo of a man in a tuk hat with a quote on it,,,,,,,,,,,,,
image_28.jpg,a photo of captain america in the avengers universe,,,,,,,,,,,,,
image_280.jpg,a photo of a girl laying on the ground and reading a book,,,,,,,,,,,,,
image_2800.png,"a photo of an old man and woman with the capt that reads,",,,,,,,,,,,,,
image_2801.png,a photo of two men shaking hands with each other people,,,,,,,,,,,,,
image_2802.png,a photo of two men sitting on a couch with the capt in front of them,,,,,,,,,,,,,
image_2803.png,a photo of sponge and patrick from the sponge movie,,,,,,,,,,,,,
image_2804.png,"a photo of a man with glasses on his head and the capt that reads, when you can ' t",,,,,,,,,,,,,
image_2805.jpg,a photo of two men standing next to each other men,,,,,,,,,,,,,
image_2806.jpg,a photo of a man in sunglasses with the capt that says you ' rely mortgage payment,,,,,,,,,,,,,
image_2807.jpg,a photo of a man in a suit looking out over the city at night,,,,,,,,,,,,,
image_2808.jpg,a photo of a man with the words what the hell happened at night,,,,,,,,,,,,,
image_2809.png,a photo of a man with glasses on,,,,,,,,,,,,,
image_281.png,a photo of a man and woman sitting at a table,,,,,,,,,,,,,
image_2810.jpg,a photo of a man wearing sunglasses with the sun setting in the background,,,,,,,,,,,,,
image_2811.jpg,a photo of a man with the words what i did you?,,,,,,,,,,,,,
image_2812.jpg,a photo of a man in a white lab coat and glasses,,,,,,,,,,,,,
image_2813.jpg,a photo of a cat with sunglasses on,,,,,,,,,,,,,
image_2814.jpg,"a photo of a man in sunglasses with the capt that reads, what if i told you? you can",,,,,,,,,,,,,
image_2815.jpg,a photo of a poster with the quote ` what do you? ',,,,,,,,,,,,,
image_2816.jpg,"a photo of a man with glasses on his face and the capt that says, what do you know?",,,,,,,,,,,,,
image_2817.jpg,a photo of a man with the words what if do you? you could ' t -,,,,,,,,,,,,,
image_2818.jpg,"a photo of a man in a suit and tie, with the capt that reads what if is it mor",,,,,,,,,,,,,
image_2819.jpg,a photo of a man in karate gear with the words you have go mes show me,,,,,,,,,,,,,
image_282.png,a photo of a man holding up a sign,,,,,,,,,,,,,
image_2820.jpg,a photo of a bald man with the capt that says what i told you,,,,,,,,,,,,,
image_2821.jpg,a photo of a man with the words what did you there was a more big chance?,,,,,,,,,,,,,
image_2822.jpg,a photo of a man in sunglasses with the capt that reads what if i told you you read the line,,,,,,,,,,,,,
image_2823.jpg,"a photo of a bald man with glasses and the capt that says, what do you do?",,,,,,,,,,,,,
image_2824.jpg,a photo of two men standing next to each other man,,,,,,,,,,,,,
image_2825.png,a photo of a ferrett in a bag,,,,,,,,,,,,,
image_2826.jpg,"a photo of a man in a black shirt and sunglasses, with the words ` what do you want?",,,,,,,,,,,,,
image_2827.jpg,a photo of a man holding two pills in his hands,,,,,,,,,,,,,
image_2828.png,a photo of a group of people in the audience,,,,,,,,,,,,,
image_2829.jpg,a photo of a man with a green lantern on his face,,,,,,,,,,,,,
image_283.jpg,"a photo of an open book on a table with text overlay that reads, ' laghed by",,,,,,,,,,,,,
image_2830.jpg,a photo of the face of a man wearing sunglasses,,,,,,,,,,,,,
image_2831.jpg,a photo of a man wearing sunglasses with the words what if i told you they are working on the internet,,,,,,,,,,,,,
image_2832.png,a photo of a man with glasses that says mors from the matrix,,,,,,,,,,,,,
image_2833.jpg,a photo of a man wearing sunglasses with the words what i do you,,,,,,,,,,,,,
image_2834.png,a photo of a person holding a small mouse,,,,,,,,,,,,,
image_2835.png,"a photo of a man in a crowd with the capt that says, ' not people that the name no",,,,,,,,,,,,,
image_2836.jpg,a photo of a bald man with the capt that reads what if do you think?,,,,,,,,,,,,,
image_2837.jpg,a photo of a man holding a pill pill,,,,,,,,,,,,,
image_2838.jpg,a photo of a man in sunglasses with the capt that says what i do,,,,,,,,,,,,,
image_2839.png,a photo of a person in a mirror,,,,,,,,,,,,,
image_284.PNG,a photo of a man with tattoos on his face,,,,,,,,,,,,,
image_2840.jpg,a photo of a man wearing a cowboy hat,,,,,,,,,,,,,
image_2841.png,a photo of a man in a karate stance,,,,,,,,,,,,,
image_2842.png,a photo of two women with sunglasses on,,,,,,,,,,,,,
image_2843.png,a photo of a man with the words what i told white,,,,,,,,,,,,,
image_2844.jpg,a photo of a man with glasses and the words what i told you nobody,,,,,,,,,,,,,
image_2845.png,a photo of a man in sunglasses with the capt that says what i told you,,,,,,,,,,,,,
image_2846.png,"a photo of two men in cowboy hats, one wearing a hat and the other wearing sunglasses",,,,,,,,,,,,,
image_2847.png,"a photo of a man in a leopard suit and sunglasses with the capt that reads, what if did you",,,,,,,,,,,,,
image_2848.png,a photo of a spider laying on the ground,,,,,,,,,,,,,
image_2849.jpg,a photo of a man with a bunch of potatoes,,,,,,,,,,,,,
image_285.jpg,a photo of a group of football players on the field,,,,,,,,,,,,,
image_2850.jpg,a photo of a young boy with the capt that reads takes driving test gets du,,,,,,,,,,,,,
image_2851.png,a photo of a young boy with the capt that reads only facebook friend is mom cyber,,,,,,,,,,,,,
image_2852.jpg,a photo of a young boy with the words bad luck,,,,,,,,,,,,,
image_2853.jpg,a photo of a man laughing with the capt in front of him,,,,,,,,,,,,,
image_2854.jpg,a photo of a young boy with the capt that reads goes batman for halloween,,,,,,,,,,,,,
image_2855.png,a photo of a man sitting in a chair,,,,,,,,,,,,,
image_2856.jpg,a photo of president obama pointing at the camera,,,,,,,,,,,,,
image_2857.png,"a photo of a young boy smiling with the capt that says, ' i ' m '",,,,,,,,,,,,,
image_2858.jpg,a photo of a young boy with the capt that says given the silent treatment by mute,,,,,,,,,,,,,
image_2859.jpg,a photo of a boy in a plaid shirt and vest,,,,,,,,,,,,,
image_286.jpg,a photo of a black and white quote sticker,,,,,,,,,,,,,
image_2860.jpg,"a photo of an older man with the capt that reads, ` person '",,,,,,,,,,,,,
image_2861.jpg,a photo of a kid in a school uniform and a picture of the same person,,,,,,,,,,,,,
image_2862.jpg,a photo of a person eating food,,,,,,,,,,,,,
image_2863.jpg,a photo of a baby with a beard and mustache,,,,,,,,,,,,,
image_2864.png,a photo of a man holding up a sign,,,,,,,,,,,,,
image_2865.jpg,a photo of a young boy with the capt that says stop drs and rolls into another fire,,,,,,,,,,,,,
image_2866.jpg,a photo of a person wearing a plaid shirt and smiling,,,,,,,,,,,,,
image_2867.jpg,a photo of a young boy with the capt that says go surfing for the first time hurricane,,,,,,,,,,,,,
image_2868.jpg,a photo of a baby in a green shirt,,,,,,,,,,,,,
image_2869.jpg,a photo of a young boy with a smile on his face,,,,,,,,,,,,,
image_287.jpg,a photo of a man with a light saber in his hand,,,,,,,,,,,,,
image_2870.jpg,a photo of a kid with the capt that says parents get divorced no one wants custody,,,,,,,,,,,,,
image_2871.jpeg,a photo of a young boy with a smile on his face,,,,,,,,,,,,,
image_2872.png,a photo of a young boy with the capt that reads bad guy,,,,,,,,,,,,,
image_2873.jpg,"a photo of a young boy in a green shirt with the capt that says, ` ` fall asleep class we dream '",,,,,,,,,,,,,
image_2874.jpg,a photo of a man in a pink outfit holding a bottle,,,,,,,,,,,,,
image_2875.jpg,a photo of a young boy wearing a plaid shirt,,,,,,,,,,,,,
image_2876.png,"a photo of two young men, one is smiling and the other is laughing",,,,,,,,,,,,,
image_2877.png,a photo of a man wearing a headset,,,,,,,,,,,,,
image_2878.jpg,a photo of a girl with red hair,,,,,,,,,,,,,
image_2879.jpg,a photo of donald the trump is talking to a woman,,,,,,,,,,,,,
image_288.jpg,a photo of an older woman holding a guitar,,,,,,,,,,,,,
image_2880.jpg,a photo of the president giving a thumbs gesture,,,,,,,,,,,,,
image_2881.jpg,a photo of a guy with a red shirt and plaid shirt,,,,,,,,,,,,,
image_2882.jpg,"a photo of a young boy with the capt that reads, i ' ll ' veld me what?",,,,,,,,,,,,,
image_2883.png,a photo of a man in a suit with his arms crossed,,,,,,,,,,,,,
image_2884.jpg,a photo of a young boy looking at the camera,,,,,,,,,,,,,
image_2885.jpg,a photo of a baby in a pink shirt,,,,,,,,,,,,,
image_2886.png,a photo of a man in a classroom with a blackboard,,,,,,,,,,,,,
image_2887.png,a photo of a boy with the words play video game dies on tutor,,,,,,,,,,,,,
image_2888.png,a photo of a man in a plaid shirt,,,,,,,,,,,,,
image_2889.png,a photo of a person with tattoos on their hands,,,,,,,,,,,,,
image_289.jpg,a photo of an old typewriter with a quote on it,,,,,,,,,,,,,
image_2890.jpg,a photo of a man in a suit and tie,,,,,,,,,,,,,
image_2891.jpg,a photo of an old nintendo game boy,,,,,,,,,,,,,
image_2892.jpg,a photo of a woman with a blackboard in front of her,,,,,,,,,,,,,
image_2893.jpg,a photo of a person wearing a hat and vest,,,,,,,,,,,,,
image_2894.png,a photo of a man in a suit and tie,,,,,,,,,,,,,
image_2895.jpg,a photo of a man with a smile on his face,,,,,,,,,,,,,
image_2896.jpg,a photo of a bald man with the capt that reads what if do you?,,,,,,,,,,,,,
image_2897.jpg,a photo of a cat that is looking at the camera,,,,,,,,,,,,,
image_2898.jpg,a photo of the faces of a man and a woman,,,,,,,,,,,,,
image_2899.jpg,"a photo of a man with long hair, wearing a vest and smiling",,,,,,,,,,,,,
image_29.jpg,"a photo of a man in a suit and tie, with the capt that says he ' s new?",,,,,,,,,,,,,
image_290.jpg,a photo of an old man with a hat and overall,,,,,,,,,,,,,
image_2900.jpg,"a photo of the face of a person with text that reads, ` the moment '",,,,,,,,,,,,,
image_2901.png,a photo of a tweet on twitter,,,,,,,,,,,,,
image_2902.png,a photo of a cartoon character with a candle in his hand,,,,,,,,,,,,,
image_2903.png,a photo of two women laying on the ground with text that reads blizzard wants to be overwatch,,,,,,,,,,,,,
image_2904.jpg,a photo of a young boy with a birthday card,,,,,,,,,,,,,
image_2905.jpeg,a photo of a man in a green shirt,,,,,,,,,,,,,
image_2906.jpg,a photo of a baby sitting at a table with a beer,,,,,,,,,,,,,
image_2907.jpg,a photo of a boy with glasses and a hat,,,,,,,,,,,,,
image_2908.png,a photo of a young boy smiling with the capt that reads dating girl says she wants to start seeing her,,,,,,,,,,,,,
image_2909.jpg,a photo of a man and a cat,,,,,,,,,,,,,
image_291.png,"a photo of president donald and the capt that says, ' i ' m ' t barr pokemon now",,,,,,,,,,,,,
image_2910.jpg,a photo of a young boy with the capt that says use drops super glue,,,,,,,,,,,,,
image_2911.jpg,a photo of a group of people posing for a picture,,,,,,,,,,,,,
image_2912.png,a photo of a young boy with a capt that reads get ' s crumbd wake up with va,,,,,,,,,,,,,
image_2913.jpg,a photo of a woman making a funny face,,,,,,,,,,,,,
image_2914.jpg,a photo of two men wearing vests with the words happy birthday greg and brian,,,,,,,,,,,,,
image_2915.jpg,a photo of a squirrel sitting on a bench,,,,,,,,,,,,,
image_2916.jpg,a photo of a man sitting on the floor with a beer,,,,,,,,,,,,,
image_2917.jpg,a photo of an old man wearing a hat,,,,,,,,,,,,,
image_2918.jpg,a photo of a fish in the ocean,,,,,,,,,,,,,
image_2919.jpg,"a photo of two sharks in the ocean, one with its mouth open and the other with it ' s",,,,,,,,,,,,,
image_292.jpg,a photo of a snowman holding a sparkle,,,,,,,,,,,,,
image_2920.jpg,a photo of a turtle swimming in the ocean,,,,,,,,,,,,,
image_2921.jpg,a photo of two fish kissing each other fish,,,,,,,,,,,,,
image_2922.jpg,a photo of a turtle swimming in the water,,,,,,,,,,,,,
image_2923.jpg,a photo of two sharks in the ocean,,,,,,,,,,,,,
image_2924.jpg,a photo of a blue and yellow fish,,,,,,,,,,,,,
image_2925.jpg,a photo of the face of a person with a red hair and a bow on it ' s head,,,,,,,,,,,,,
image_2926.jpg,a photo of a person holding a red star,,,,,,,,,,,,,
image_2927.jpg,"a photo of a fish with the capt that says, not my shot memory bad but so i ' m",,,,,,,,,,,,,
image_2928.jpg,a photo of a cartoon character holding a sign,,,,,,,,,,,,,
image_2929.jpg,a photo of a sea lion with the capt that says disney needs to make movies about gerald,,,,,,,,,,,,,
image_293.jpg,a photo of a baby sitting on a chair,,,,,,,,,,,,,
image_2930.jpg,a photo of a fish in the ocean with capt that reads when you raise the tide smoke weed,,,,,,,,,,,,,
image_2931.jpg,a photo of a group of sharks in the ocean,,,,,,,,,,,,,
image_2932.jpg,a photo of a shark with its mouth open,,,,,,,,,,,,,
image_2933.jpg,a photo of a kitten playing with a toy,,,,,,,,,,,,,
image_2934.jpg,"a photo of a baby fish with the capt that says, i ' m ' s having a bad day",,,,,,,,,,,,,
image_2935.jpg,a photo of an orange clown in the ocean,,,,,,,,,,,,,
image_2936.jpeg,a photo of an animal on top of a rock,,,,,,,,,,,,,
image_2937.jpeg,a photo of a shark with its mouth open,,,,,,,,,,,,,
image_2938.jpg,"a photo of a cat with the capt that reads, when you ask for coke and it ' s okay",,,,,,,,,,,,,
image_2939.jpg,a photo of an otter that says lo finding memes are fun,,,,,,,,,,,,,
image_294.jpg,a photo of two people dancing together,,,,,,,,,,,,,
image_2940.jpg,a photo of some birds sitting on a tree branch,,,,,,,,,,,,,
image_2941.jpg,a photo of a turtle swimming in the ocean,,,,,,,,,,,,,
image_2942.jpg,a photo of the logo for finding the wild,,,,,,,,,,,,,
image_2943.jpg,a photo of a car that has been painted to look like a fish,,,,,,,,,,,,,
image_2944.jpg,a photo of an orange clown in the ocean,,,,,,,,,,,,,
image_2945.png,a photo of two fish swimming in the ocean with text that reads ohko moms never i want to,,,,,,,,,,,,,
image_2946.jpg,a photo of two clowns in an aquarium,,,,,,,,,,,,,
image_2947.jpeg,a photo of a cat laying on the floor next to a toy,,,,,,,,,,,,,
image_2948.png,"a photo of a girl looking at her phone with the capt that reads, ' what do you want?",,,,,,,,,,,,,
image_2949.jpg,a photo of a blue and yellow fish in the ocean,,,,,,,,,,,,,
image_295.jpg,a photo of a black and white quote sticker,,,,,,,,,,,,,
image_2950.jpg,"a photo of a girl with the capt that says, what do you think?",,,,,,,,,,,,,
image_2951.png,a photo of a person holding a cat,,,,,,,,,,,,,
image_2952.png,a photo of an aquarium with the capt that reads finding me,,,,,,,,,,,,,
image_2953.jpg,a photo of an aquarium with two different types of fish,,,,,,,,,,,,,
image_2954.png,a photo of two hands holding each other hands,,,,,,,,,,,,,
image_2955.png,a photo of a bird with its mouth open in the water,,,,,,,,,,,,,
image_2956.jpg,"a photo of a cartoon character with the capt that says, you guys made me",,,,,,,,,,,,,
image_2957.jpg,a photo of a woman yelling at a man in the kitchen,,,,,,,,,,,,,
image_2958.png,a photo of a fish swimming in the ocean,,,,,,,,,,,,,
image_2959.png,"a photo of a cartoon character with the capt that says, i ' m ' s going to seefin",,,,,,,,,,,,,
image_296.png,a photo of a bird in a cage,,,,,,,,,,,,,
image_2960.png,"a photo of a cartoon character with the capt that says, ' have you seen on the internet??",,,,,,,,,,,,,
image_2961.png,"a photo of two clowns, one clown and the other clown",,,,,,,,,,,,,
image_2962.jpg,a photo of a man in a white shirt pointing at the camera,,,,,,,,,,,,,
image_2963.png,a photo of a horse and a man standing next to it,,,,,,,,,,,,,
image_2964.jpg,a photo of two clowns in an aquarium,,,,,,,,,,,,,
image_2965.jpg,a photo of a fish with the capt that says i ' m never drink,,,,,,,,,,,,,
image_2966.png,a photo of some fish in an aquarium,,,,,,,,,,,,,
image_2967.jpg,a photo of a turtle swimming in an aquarium,,,,,,,,,,,,,
image_2968.jpg,a photo of some fish in the water,,,,,,,,,,,,,
image_2969.jpg,"a photo of a smiling shark with the capt that says, ` ` why '",,,,,,,,,,,,,
image_297.jpg,"a photo of a blue background with the words sorry, i like a sister",,,,,,,,,,,,,
image_2970.png,a photo of an orange fish with the capt that says people who we ' vee meme out will,,,,,,,,,,,,,
image_2971.png,"a photo of a blue and yellow fish with the capt that says, ' i ' m '",,,,,,,,,,,,,
image_2972.jpg,a photo of a fish that says i need to save money oh look a sale,,,,,,,,,,,,,
image_2973.png,"a photo of the face of a man in a suit and tie, with text that reads, you know",,,,,,,,,,,,,
image_2974.jpg,a photo of a fish in the ocean,,,,,,,,,,,,,
image_2975.png,a photo of a fish that says i ' m never drinking again oh look alcohol,,,,,,,,,,,,,
image_2976.png,"a photo of a man with his mouth open and the capt reads, ' the walking cat '",,,,,,,,,,,,,
image_2977.png,"a photo of a girl in a blue shirt with the capt that reads, ' who is this little girl",,,,,,,,,,,,,
image_2978.jpg,a photo of a group of anime characters,,,,,,,,,,,,,
image_2979.png,a photo of a cartoon character with the capt that reads when it starts to look like a cat,,,,,,,,,,,,,
image_298.jpg,a photo of some kids playing in the dirt,,,,,,,,,,,,,
image_2980.png,a photo of a sea otter with a green cup in its mouth,,,,,,,,,,,,,
image_2981.jpg,a photo of a smiling shark with a fish in its mouth,,,,,,,,,,,,,
image_2982.png,a photo of a dog wearing a fish costume,,,,,,,,,,,,,
image_2983.jpg,a photo of a goldfish in an aquarium,,,,,,,,,,,,,
image_2984.jpg,a photo of the president with his hand up in the air,,,,,,,,,,,,,
image_2985.png,a photo of two men in suits and ties,,,,,,,,,,,,,
image_2986.jpg,a photo of the president smiling and wearing a suit,,,,,,,,,,,,,
image_2987.png,a photo of president obama and president trump,,,,,,,,,,,,,
image_2988.jpg,a photo of a man holding up a medal,,,,,,,,,,,,,
image_2989.png,a photo of the president pointing his finger at the camera,,,,,,,,,,,,,
image_299.jpg,a photo of a man ' s face with the words okay,,,,,,,,,,,,,
image_2990.jpg,a photo of president person with an american flag in the background,,,,,,,,,,,,,
image_2991.png,a photo of the president in front of an american flag,,,,,,,,,,,,,
image_2992.jpg,a photo of president obama and his wife,,,,,,,,,,,,,
image_2993.png,a photo of a woman holding a baby in her arms,,,,,,,,,,,,,
image_2994.jpg,a photo of a man and a little girl playing with legos,,,,,,,,,,,,,
image_2995.png,a photo of the president and first lady talking to each other people,,,,,,,,,,,,,
image_2996.jpg,a photo of the president talking on a cell,,,,,,,,,,,,,
image_2997.jpg,a photo of the president in front of a building,,,,,,,,,,,,,
image_2998.jpg,a photo of a man in uniform with a medal on his neck,,,,,,,,,,,,,
image_2999.jpeg,a photo of a woman talking to a man,,,,,,,,,,,,,
image_3.JPG,a photo of a green trash bin with the words ` ` ' on it,,,,,,,,,,,,,
image_30.jpg,"a photo of a young boy smiling and laughing with the capt that says, what ' s your name?",,,,,,,,,,,,,
image_300.jpg,a photo of a beach with the words perspective is everything,,,,,,,,,,,,,
image_3000.jpg,a photo of a person holding a cookie in a jar,,,,,,,,,,,,,
image_3001.jpg,a photo of the president and his wife,,,,,,,,,,,,,
image_3002.png,a photo of president obama with the capt that reads don ' t remember,,,,,,,,,,,,,
image_3003.jpg,a photo of a man in a suit and hat,,,,,,,,,,,,,
image_3004.jpg,a photo of a woman with her mouth open,,,,,,,,,,,,,
image_3005.jpg,a photo of the president sitting in a chair with his hand on his face,,,,,,,,,,,,,
image_3006.jpg,a photo of the president giving a speech,,,,,,,,,,,,,
image_3007.jpg,a photo of a man in a suit and tie sitting at a desk,,,,,,,,,,,,,
image_3008.jpg,a photo of a man in a suit and tie,,,,,,,,,,,,,
image_3009.jpg,a photo of a man in a suit holding a pokemon ball,,,,,,,,,,,,,
image_301.jpg,"a photo of a street sign with the words sometimes the wrong, but to the right places",,,,,,,,,,,,,
image_3010.jpg,a photo of the president giving a thumbs gesture,,,,,,,,,,,,,
image_3011.jpg,a photo of president obama pointing at the camera,,,,,,,,,,,,,
image_3012.jpg,a photo of donald the best ever,,,,,,,,,,,,,
image_3013.jpg,a photo of the president in a white shirt,,,,,,,,,,,,,
image_3014.png,a photo of president obama giving a speech,,,,,,,,,,,,,
image_3015.png,a photo of president obama holding up a t - shirt,,,,,,,,,,,,,
image_3016.png,a photo of a man in a suit and tie laughing,,,,,,,,,,,,,
image_3017.jpg,a photo of president obama looking up at the sky,,,,,,,,,,,,,
image_3018.png,"a photo of two people, one is a woman and the other has a man",,,,,,,,,,,,,
image_3019.jpg,a photo of two men in suits and ties,,,,,,,,,,,,,
image_302.png,a photo of a person standing next to a sign that reads thank for all the support for sonic,,,,,,,,,,,,,
image_3020.jpeg,a photo of president obama and batman,,,,,,,,,,,,,
image_3021.jpg,a photo of a smiling man in a suit and tie,,,,,,,,,,,,,
image_3022.jpg,a photo of two men looking at their cell phones,,,,,,,,,,,,,
image_3023.jpg,a photo of president obama with the words when makes you side,,,,,,,,,,,,,
image_3024.jpg,a photo of president obama talking on the phone,,,,,,,,,,,,,
image_3025.jpg,a photo of two men smiling at the camera,,,,,,,,,,,,,
image_3026.jpg,a photo of president obama giving a speech,,,,,,,,,,,,,
image_3027.png,a photo of a woman with an american flag in the background,,,,,,,,,,,,,
image_3028.jpg,a photo of the president and first lady sitting on a couch,,,,,,,,,,,,,
image_3029.jpg,a photo of president obama giving a speech,,,,,,,,,,,,,
image_303.jpg,a photo of a cat that is looking at the camera,,,,,,,,,,,,,
image_3030.jpg,a photo of president obama looking at the camera,,,,,,,,,,,,,
image_3031.png,"a photo of president obama with the capt that reads, ' to say it '",,,,,,,,,,,,,
image_3032.jpg,a photo of two people talking on their cell phones,,,,,,,,,,,,,
image_3033.jpg,a photo of the president talking on the phone,,,,,,,,,,,,,
image_3034.jpg,a photo of the president with his arms crossed,,,,,,,,,,,,,
image_3035.png,a photo of a man in white pants and sunglasses,,,,,,,,,,,,,
image_3036.jpg,a photo of president obama holding up a glass,,,,,,,,,,,,,
image_3037.jpg,a photo of two men in suits and one is pointing at the camera,,,,,,,,,,,,,
image_3038.jpg,"a photo of an older man in a suit and sunglasses, with the capt that reads when you ' re",,,,,,,,,,,,,
image_3039.png,a photo of the president and his family in the oval room,,,,,,,,,,,,,
image_304.jpeg,a photo of a man with glasses and a shirt,,,,,,,,,,,,,
image_3040.jpg,a photo of president obama and first lady michelle bach,,,,,,,,,,,,,
image_3041.jpg,a photo of a man in a suit and tie,,,,,,,,,,,,,
image_3042.jpg,a photo of president obama pointing his finger at the camera,,,,,,,,,,,,,
image_3043.png,a photo of president obama and his wife,,,,,,,,,,,,,
image_3044.jpg,a photo of president obama standing in front of an american flag,,,,,,,,,,,,,
image_3045.jpg,a photo of a man standing in front of an oven,,,,,,,,,,,,,
image_3046.jpg,a photo of the president giving a speech,,,,,,,,,,,,,
image_3047.png,a photo of a man in a fur coat holding a microphone,,,,,,,,,,,,,
image_3048.jpg,a photo of the president with his finger on his nose,,,,,,,,,,,,,
image_3049.jpg,a photo of president obama and his wife in the audience,,,,,,,,,,,,,
image_305.jpeg,"a photo of a man in a white shirt with a pink background and text that reads, ' today found",,,,,,,,,,,,,
image_3050.jpg,a photo of a man in a car with a gun,,,,,,,,,,,,,
image_3051.png,a photo of president obama laughing with other people,,,,,,,,,,,,,
image_3052.jpg,a photo of a man in uniform talking on the phone,,,,,,,,,,,,,
image_3053.jpg,a photo of president obama giving a speech,,,,,,,,,,,,,
image_3054.png,a photo of a baby in a green shirt,,,,,,,,,,,,,
image_3055.jpg,a photo of president obama and the crowd,,,,,,,,,,,,,
image_3056.jpg,"a photo of a man with long hair, wearing a leather jacket and holding his hand up to his ear",,,,,,,,,,,,,
image_3057.jpg,a photo of a man in a suit and hat with the capt i love you to song,,,,,,,,,,,,,
image_3058.jpg,a photo of a man in front of the white house,,,,,,,,,,,,,
image_3059.jpg,a photo of the president holding a microphone,,,,,,,,,,,,,
image_306.jpeg,"a photo of a man in a white shirt with the capt that reads, ' mr buys punching wife an",,,,,,,,,,,,,
image_3060.jpeg,a photo of a man in a suit and sunglasses,,,,,,,,,,,,,
image_3061.jpg,a photo of president donald is shown on the twitter,,,,,,,,,,,,,
image_3062.jpeg,a photo of president obama and the white house,,,,,,,,,,,,,
image_3063.png,a photo of the world trade building on fire,,,,,,,,,,,,,
image_3064.jpg,a photo of president obama waving at an easter bunny,,,,,,,,,,,,,
image_3065.jpg,a photo of the president in front of an american flag,,,,,,,,,,,,,
image_3066.jpg,a photo of two women sitting in front of a fireplace,,,,,,,,,,,,,
image_3067.png,a photo of the first lady holding up a sign,,,,,,,,,,,,,
image_3068.jpg,a photo of two men in suits sitting at a desk,,,,,,,,,,,,,
image_3069.jpg,a photo of president obama and his wife,,,,,,,,,,,,,
image_307.jpeg,a photo of a woman with long hair,,,,,,,,,,,,,
image_3070.jpeg,a photo of president trump and the president,,,,,,,,,,,,,
image_3071.jpg,a photo of a man in a suit and tie,,,,,,,,,,,,,
image_3072.jpg,a photo of a man in a tuxed suit and bow tie,,,,,,,,,,,,,
image_3073.jpg,a photo of president obama and vice mccain on twitter,,,,,,,,,,,,,
image_3074.png,a photo of a man and woman on an airplane,,,,,,,,,,,,,
image_3075.jpg,a photo of the president looking up to the sky,,,,,,,,,,,,,
image_3076.jpg,a photo of two penguins on top of an iceberg,,,,,,,,,,,,,
image_3077.jpg,a photo of a man with a penguin on his head,,,,,,,,,,,,,
image_3078.jpg,a photo of a bird standing on the beach,,,,,,,,,,,,,
image_3079.jpg,a photo of a penguin with the capt that reads when your friend is having an emotional breakdown you ' re,,,,,,,,,,,,,
image_308.jpg,a photo of two cats sleeping on a bed,,,,,,,,,,,,,
image_3080.jpg,a photo of two penguins standing next to each other penguins,,,,,,,,,,,,,
image_3081.png,a photo of a penguin with a no anime allowed sign,,,,,,,,,,,,,
image_3082.jpeg,a photo of a penguin standing in the snow,,,,,,,,,,,,,
image_3083.jpg,a photo of an animated video game with the words ' you can ' t ' in french,,,,,,,,,,,,,
image_3084.jpg,a photo of a penguin sitting on a rock,,,,,,,,,,,,,
image_3085.jpg,a photo of a penguin on a red background,,,,,,,,,,,,,
image_3086.jpg,a photo of a bird flying through the air,,,,,,,,,,,,,
image_3087.jpg,a photo of a penguin on a blue background,,,,,,,,,,,,,
image_3088.png,a photo of a penguin sitting next to a barcode,,,,,,,,,,,,,
image_3089.jpg,a photo of penguins and penguins in the snow,,,,,,,,,,,,,
image_309.jpg,a photo of a black and white cat with green eyes,,,,,,,,,,,,,
image_3090.jpg,a photo of a penguin that says i like the cold because i ' m a bad penguin,,,,,,,,,,,,,
image_3091.jpg,a photo of a bear sitting on a log,,,,,,,,,,,,,
image_3092.jpg,a photo of a penguin on a green background,,,,,,,,,,,,,
image_3093.jpg,a photo of two penguins and one penguin,,,,,,,,,,,,,
image_3094.jpg,a photo of a penguin with the words what do you know?,,,,,,,,,,,,,
image_3095.jpg,a photo of a penguin that says my mom was up when i sleep,,,,,,,,,,,,,
image_3096.jpg,a photo of a cartoon character with the words rockhopper on it,,,,,,,,,,,,,
image_3097.png,a photo of a green frog with the capt that says it ' s not okay,,,,,,,,,,,,,
image_3098.jpg,a photo of a penguin and some soldiers,,,,,,,,,,,,,
image_3099.png,a photo of two penguins walking down the street,,,,,,,,,,,,,
image_31.jpg,a photo of an old man in a top hat with the words oh there ' s a new move,,,,,,,,,,,,,
image_310.jpg,a photo of an old book and a cat ' s paw,,,,,,,,,,,,,
image_3100.jpg,a photo of two penguins standing on the beach,,,,,,,,,,,,,
image_3101.png,"a photo of a penguin on a blue background with the words, now i don ' t going to see",,,,,,,,,,,,,
image_3102.jpg,"a photo of a penguin with the capt that says, ` why ' s perry, i ' m ' d wake because they don ' t",,,,,,,,,,,,,
image_3103.jpg,a photo of a group of penguins standing on the ice,,,,,,,,,,,,,
image_3104.jpg,"a photo of a penguin with the capt that reads, ' my reaction everything '",,,,,,,,,,,,,
image_3105.jpg,a photo of harry and his friends in harry ' s house,,,,,,,,,,,,,
image_3106.png,a photo of a penguin on a red and black background,,,,,,,,,,,,,
image_3107.png,a photo of a penguin in the snow,,,,,,,,,,,,,
image_3108.jpg,a photo of two penguins and one penguin,,,,,,,,,,,,,
image_3109.png,a photo of a penguin standing on the ground,,,,,,,,,,,,,
image_311.jpg,a photo of a dog with a pink nose,,,,,,,,,,,,,
image_3110.png,a photo of two eggs on a plate,,,,,,,,,,,,,
image_3111.jpg,a photo of a rabbit with a gun,,,,,,,,,,,,,
image_3112.jpg,a photo of a penguin with the words don ' t up your dreams motivation,,,,,,,,,,,,,
image_3113.jpg,a photo of a penguin in the snow,,,,,,,,,,,,,
image_3114.png,a photo of a woman with a cigarette in her mouth,,,,,,,,,,,,,
image_3115.png,a photo of a monkey jumping in the air,,,,,,,,,,,,,
image_3116.jpg,"a photo of a baby blue t shirt with the words, ' he ' s much enough '",,,,,,,,,,,,,
image_3117.jpg,a photo of a penguin standing in the snow,,,,,,,,,,,,,
image_3118.jpg,a photo of a penguin walking next to a person,,,,,,,,,,,,,
image_3119.jpg,"a photo of a penguin with the capt that reads, when you get into a snowball fight club penguin",,,,,,,,,,,,,
image_312.jpg,a photo of a man in a suit and tie,,,,,,,,,,,,,
image_3120.png,"a photo of two cartoon characters, one is black and the other is white",,,,,,,,,,,,,
image_3121.jpg,a photo of two penguins standing next to each other penguins,,,,,,,,,,,,,
image_3122.jpg,a photo of a penguin with the capt on it ' s face,,,,,,,,,,,,,
image_3123.jpg,a photo of a penguin sitting on the ground,,,,,,,,,,,,,
image_3124.png,a photo of a penguin and two penguins in a hole,,,,,,,,,,,,,
image_3125.png,a photo of a penguin in the snow,,,,,,,,,,,,,
image_3126.jpg,a photo of two penguins and one penguin sitting on the ground,,,,,,,,,,,,,
image_3127.png,a photo of a person in a room with a whiteboard and a red curtain,,,,,,,,,,,,,
image_3128.jpg,a photo of a penguin with its mouth open in the snow,,,,,,,,,,,,,
image_3129.jpg,a photo of a cat standing in the snow,,,,,,,,,,,,,
image_313.jpg,"a photo of a cartoon character with the capt that reads, ` ' my boyfriend ' s an asshole '",,,,,,,,,,,,,
image_3130.jpg,a photo of a man with long hair and beards,,,,,,,,,,,,,
image_3131.png,"a photo of a penguin with the capt that reads, the perfect penguin ex",,,,,,,,,,,,,
image_3132.png,"a photo of a penguin with the capt that says, this is actually awesome",,,,,,,,,,,,,
image_3133.jpg,a photo of two penguins standing next to each other penguins,,,,,,,,,,,,,
image_3134.png,a photo of two penguins on the beach,,,,,,,,,,,,,
image_3135.png,a photo of a penguin with the capt that says it ' s not okay,,,,,,,,,,,,,
image_3136.png,"a photo of a cartoon character with the capt that says, ` ` '",,,,,,,,,,,,,
image_3137.png,"a photo of a penguin with the capt that reads, when people say they ' re",,,,,,,,,,,,,
image_3138.png,a photo of a penguin sitting in the grass,,,,,,,,,,,,,
image_3139.png,a photo of a bird with the capt that reads when you ' re,,,,,,,,,,,,,
image_314.jpg,a photo of a young boy with his hand on his head,,,,,,,,,,,,,
image_3140.png,a photo of two penguins standing next to each other penguins,,,,,,,,,,,,,
image_3141.jpg,"a photo of a cartoon character with the capt that says, i don ' t",,,,,,,,,,,,,
image_3142.jpg,a photo of an image of a purple frog with the capt that reads ultrape only sensee in 10,,,,,,,,,,,,,
image_3143.jpg,a photo of a frog with a gun in his hand,,,,,,,,,,,,,
image_3144.jpg,a photo of a person looking at a window with the capt that says she never gave me,,,,,,,,,,,,,
image_3145.jpg,a photo of a frog with a gun in his hand,,,,,,,,,,,,,
image_3146.jpg,a photo of a frog sitting next to another frog,,,,,,,,,,,,,
image_3147.jpg,a photo of a cartoon character with an angry expression,,,,,,,,,,,,,
image_3148.jpg,"a photo of a frog in a t - shirt with the words please one day, stop mes",,,,,,,,,,,,,
image_3149.jpg,a photo of person from the muppets movie,,,,,,,,,,,,,
image_315.jpg,a photo of an old man with a hat and bow tie,,,,,,,,,,,,,
image_3150.jpeg,"a photo of a frog with the capt that says, when you ' re",,,,,,,,,,,,,
image_3151.jpeg,"a photo of a frog with the capt that says, when you ' re",,,,,,,,,,,,,
image_3152.jpg,"a photo of a cartoon character with the capt that reads, when you lose your phone for a week and",,,,,,,,,,,,,
image_3153.jpg,"a photo of a cartoon bear with the capt that says, ` ` ' '",,,,,,,,,,,,,
image_3154.png,a photo of a cartoon frog holding a sign,,,,,,,,,,,,,
image_3155.jpg,a photo of a cartoon character sitting at a desk with the capt that reads ahh i don ' t,,,,,,,,,,,,,
image_3156.jpg,a photo of a green monster with red eyes,,,,,,,,,,,,,
image_3157.jpg,a photo of a frog sitting on a toilet,,,,,,,,,,,,,
image_3158.jpg,a photo of a bee wearing a sweater,,,,,,,,,,,,,
image_3159.jpg,a photo of a frog wearing glasses and a blue shirt,,,,,,,,,,,,,
image_316.jpg,a photo of a little girl with fire in the background,,,,,,,,,,,,,
image_3160.jpg,a photo of president donald and the frog,,,,,,,,,,,,,
image_3161.jpg,a photo of a frog sitting on the ground,,,,,,,,,,,,,
image_3162.jpg,a photo of a frog wearing a football uniform,,,,,,,,,,,,,
image_3163.jpg,a photo of a city with a water tower in the background,,,,,,,,,,,,,
image_3164.jpg,a photo of a cartoon frog with the words be nice man,,,,,,,,,,,,,
image_3165.jpg,a photo of a man in a suit and tie,,,,,,,,,,,,,
image_3166.jpg,a photo of a frog looking at the camera,,,,,,,,,,,,,
image_3167.png,"a photo of a cartoon character with the capt that says, ' i ' m '",,,,,,,,,,,,,
image_3168.png,"a photo of a person standing in front of an audience with the capt that reads, ' big problems are",,,,,,,,,,,,,
image_3169.jpg,"a photo of a cartoon character with the capt that reads fuck you, never shit you ' re",,,,,,,,,,,,,
image_317.jpg,a photo of the front of a liquor store,,,,,,,,,,,,,
image_3170.jpg,a photo of the face of a cartoon character,,,,,,,,,,,,,
image_3171.png,a photo of a frog holding a banana,,,,,,,,,,,,,
image_3172.jpg,a photo of a cartoon frog with the capt that reads when you ' reting 3 lines and someone tells,,,,,,,,,,,,,
image_3173.jpg,a photo of two green frogs with text that reads when you finally text it ' s just the phone company,,,,,,,,,,,,,
image_3174.png,"a photo of a frog with the capt that says, don ' t",,,,,,,,,,,,,
image_3175.jpg,a photo of a frog holding a rifle,,,,,,,,,,,,,
image_3176.jpg,a photo of a person wearing a frog mask,,,,,,,,,,,,,
image_3177.jpg,"a photo of a frog wearing a hat with the words mes, the life of the go they are",,,,,,,,,,,,,
image_3178.jpg,a photo of a man holding a frog,,,,,,,,,,,,,
image_3179.jpg,a photo of a man in a black shirt with a red circle around his neck,,,,,,,,,,,,,
image_318.jpg,a photo of some people with different faces,,,,,,,,,,,,,
image_3180.jpg,"a photo of a cartoon character with the capt that reads, ` when you ' re in the rg",,,,,,,,,,,,,
image_3181.jpg,"a photo of a frog wearing sunglasses with the capt that says, ` i ' m ' peo where",,,,,,,,,,,,,
image_3182.jpg,a photo of some of the different types of pokemon,,,,,,,,,,,,,
image_3183.png,a photo of four different types of animals,,,,,,,,,,,,,
image_3184.png,"a photo of a cartoon character with the capt that says, when you ' remed and still wants to",,,,,,,,,,,,,
image_3185.png,a photo of a frog wearing sunglasses and holding a gun,,,,,,,,,,,,,
image_3186.png,"a photo of a skeleton with a capt that reads, this skeleton pee, he is one of the rest",,,,,,,,,,,,,
image_3187.png,a photo of a green man with a beard and mustache,,,,,,,,,,,,,
image_3188.jpg,a photo of a girl with pink hair,,,,,,,,,,,,,
image_3189.jpg,a photo of a person hanging on a rope,,,,,,,,,,,,,
image_319.png,a photo of two cats sitting next to each other cats,,,,,,,,,,,,,
image_3190.jpg,a photo of a cartoon frog with the capt ` ` when you start out a super dark memee end up like a symbol ',,,,,,,,,,,,,
image_3191.png,a photo of a frog wearing a baseball cap,,,,,,,,,,,,,
image_3192.png,a photo of a cartoon character with the capt that reads when they say they are dead,,,,,,,,,,,,,
image_3193.png,a photo of a frog wearing a hard hat and holding a drill,,,,,,,,,,,,,
image_3194.png,"a photo of a cartoon frog with the capt that says, you can ' t just tell me",,,,,,,,,,,,,
image_3195.jpg,a photo of a man in a red shirt with his hands up,,,,,,,,,,,,,
image_3196.jpg,a photo of a man in a red shirt with his mouth open,,,,,,,,,,,,,
image_3197.jpg,"a photo of a man in a red shirt with text that reads, the fact that one understands you doesn",,,,,,,,,,,,,
image_3198.jpg,a photo of a man in a red shirt holding a glass,,,,,,,,,,,,,
image_3199.jpg,"a photo of a man in a star trek uniform with the capt that reads, ` i ' d never",,,,,,,,,,,,,
image_32.jpg,a photo of the avengers movie memes,,,,,,,,,,,,,
image_320.jpg,a photo of a man with a beard and a woman in the background,,,,,,,,,,,,,
image_3200.jpg,a photo of a man in a red shirt pointing his finger at the camera,,,,,,,,,,,,,
image_3201.jpg,a photo of a man in a red shirt holding two pills,,,,,,,,,,,,,
image_3202.jpeg,a photo of a man in a red shirt pointing his finger at the camera,,,,,,,,,,,,,
image_3203.jpg,a photo of a man in a pink shirt,,,,,,,,,,,,,
image_3204.jpeg,a photo of a man holding a piece of wood,,,,,,,,,,,,,
image_3205.jpg,"a photo of an older man with the words, ' the fuck? '",,,,,,,,,,,,,
image_3206.png,a photo of a man in a red shirt pointing his finger at the camera,,,,,,,,,,,,,
image_3207.jpg,a photo of a man in a red shirt with his hands on his face,,,,,,,,,,,,,
image_3208.jpg,a photo of a man sitting in a chair reading a book,,,,,,,,,,,,,
image_3209.jpg,a photo of a baby in a green shirt with the capt that says open an luc pad me doesn to,,,,,,,,,,,,,
image_321.jpg,a photo of a cat sitting on the floor,,,,,,,,,,,,,
image_3210.jpg,a photo of a man sitting on a couch with a laptop,,,,,,,,,,,,,
image_3211.jpg,a photo of a man with a quote on his face,,,,,,,,,,,,,
image_3212.jpg,a photo of a man in a red shirt with his fist up,,,,,,,,,,,,,
image_3213.jpg,a photo of two men standing next to each other people,,,,,,,,,,,,,
image_3214.jpeg,"a photo of a man in a red shirt, with the capt that reads, ` ' why is this",,,,,,,,,,,,,
image_3215.jpg,a photo of a man in a red shirt pointing at the camera,,,,,,,,,,,,,
image_3216.png,a photo of a man wearing glasses and a bow tie,,,,,,,,,,,,,
image_3217.png,a photo of a man sitting at a desk with his hands on his face,,,,,,,,,,,,,
image_3218.png,a photo of a man talking on the phone,,,,,,,,,,,,,
image_3219.png,a photo of a man sitting in a chair,,,,,,,,,,,,,
image_322.jpg,a photo of two hands holding each other hands,,,,,,,,,,,,,
image_3220.jpg,a photo of a man in a suit holding a gun,,,,,,,,,,,,,
image_3221.jpg,a photo of a man in a red shirt pointing at something,,,,,,,,,,,,,
image_3222.png,a photo of three men standing next to each other men,,,,,,,,,,,,,
image_3223.jpg,a photo of a man in a suit and tie,,,,,,,,,,,,,
image_3224.jpg,a photo of a man in a red shirt and black pants,,,,,,,,,,,,,
image_3225.jpg,a photo of a man in a star trek uniform,,,,,,,,,,,,,
image_3226.jpg,a photo of a man sitting at a computer,,,,,,,,,,,,,
image_3227.jpg,a photo of a man in a red shirt sitting at a desk with the capt that says sorry i ',,,,,,,,,,,,,
image_3228.png,a photo of two people with the capt that says make them you wish to see the world,,,,,,,,,,,,,
image_3229.jpg,"a photo of a woman sitting on a couch with the capt that says, always to rive the enterprise",,,,,,,,,,,,,
image_323.jpg,a photo of two men sitting at a table in front of a painting,,,,,,,,,,,,,
image_3230.png,a photo of a man with a gun and the capt reads first images of the new captain,,,,,,,,,,,,,
image_3231.jpg,a photo of a man sitting in a chair with his hand on his face,,,,,,,,,,,,,
image_3232.png,a photo of a man in a red shirt,,,,,,,,,,,,,
image_3233.png,a photo of a man in a red shirt pointing at the camera,,,,,,,,,,,,,
image_3234.png,a photo of a man holding a guitar,,,,,,,,,,,,,
image_3235.jpg,a photo of a man with a quote on it,,,,,,,,,,,,,
image_3236.jpg,a photo of a man sitting in a chair,,,,,,,,,,,,,
image_3237.jpg,a photo of a man in a star trek uniform,,,,,,,,,,,,,
image_3238.jpg,a photo of a man in a red shirt,,,,,,,,,,,,,
image_3239.png,a photo of a man in a red shirt holding a cigarette,,,,,,,,,,,,,
image_324.jpg,a photo of a white cat with blue eyes,,,,,,,,,,,,,
image_3240.png,a photo of a man in a star trek uniform,,,,,,,,,,,,,
image_3241.png,a photo of a man in a red uniform,,,,,,,,,,,,,
image_3242.png,a photo of a man in a red shirt pointing at the camera,,,,,,,,,,,,,
image_3243.jpg,a photo of a man holding a log,,,,,,,,,,,,,
image_3244.jpg,a photo of a man in a red shirt and hat talking on the phone,,,,,,,,,,,,,
image_3245.png,a photo of a man in a room with a quote on it,,,,,,,,,,,,,
image_3246.jpg,a photo of a man sitting in a chair,,,,,,,,,,,,,
image_3247.jpg,a photo of a man in a space station,,,,,,,,,,,,,
image_3248.jpg,a photo of a man sitting at a desk,,,,,,,,,,,,,
image_3249.jpg,a photo of two men in suits and ties,,,,,,,,,,,,,
image_325.jpg,a photo of a lighthouse and a ship in the ocean,,,,,,,,,,,,,
image_3250.jpg,a photo of a man in a suit sitting at a table,,,,,,,,,,,,,
image_3251.jpg,a photo of president donald trump and the capt that says we don ' t,,,,,,,,,,,,,
image_3252.jpg,"a photo of vladimir putin with the capt that reads, looks like having turkey for christmas",,,,,,,,,,,,,
image_3253.jpg,a photo of the president and his wife at a dinner table,,,,,,,,,,,,,
image_3254.jpg,a photo of a bride and groom posing for the camera,,,,,,,,,,,,,
image_3255.png,a photo of a man in a military uniform,,,,,,,,,,,,,
image_3256.jpg,a photo of a man pointing at the camera,,,,,,,,,,,,,
image_3257.jpg,a photo of a man in a suit looking at the camera,,,,,,,,,,,,,
image_3258.jpg,a photo of a man standing on a ledge with a crowd behind him,,,,,,,,,,,,,
image_3259.jpg,a photo of a man holding a gun,,,,,,,,,,,,,
image_326.jpg,a photo of an owl sitting on top of a table,,,,,,,,,,,,,
image_3260.jpg,a photo of vladimir putin with the capt,,,,,,,,,,,,,
image_3261.jpg,a photo of a person dressed as the joker,,,,,,,,,,,,,
image_3262.jpg,a photo of a man in a suit giving a thumbs,,,,,,,,,,,,,
image_3263.jpg,a photo of two men holding guns in their hands,,,,,,,,,,,,,
image_3264.jpg,a photo of a bunch of balloons with the words don ' t know about it,,,,,,,,,,,,,
image_3265.jpg,a photo of a man kneeling on the ground with a backpack in front of him,,,,,,,,,,,,,
image_3266.jpg,a photo of a man in a suit standing next to a lemon,,,,,,,,,,,,,
image_3267.jpg,"a photo of a man in a fur coat with the capt that reads, ' when you spend your ex",,,,,,,,,,,,,
image_3268.jpg,a photo of a man with long hair and beards,,,,,,,,,,,,,
image_3269.jpg,a photo of a smiling sun with the words only in russian,,,,,,,,,,,,,
image_327.jpeg,a photo of a dog looking up at the camera,,,,,,,,,,,,,
image_3270.jpg,a photo of a woman wearing a mcdonald hat,,,,,,,,,,,,,
image_3271.jpg,a photo of a woman in a red dress holding a microphone,,,,,,,,,,,,,
image_3272.jpg,a photo of a man in a suit and tie holding a pen,,,,,,,,,,,,,
image_3273.jpg,"a photo of vladimir putin with the words don ' t ' n mes but i ' d, put",,,,,,,,,,,,,
image_3274.jpg,a photo of three men in suits holding candles,,,,,,,,,,,,,
image_3275.jpg,a photo of a man wearing sunglasses with the capt just put on my glasses,,,,,,,,,,,,,
image_3276.jpg,a photo of a man in a suit kissing a dog,,,,,,,,,,,,,
image_3277.jpg,a photo of a man in a suit holding a kolo,,,,,,,,,,,,,
image_3278.jpg,a photo of a man in a suit talking to a woman,,,,,,,,,,,,,
image_3279.jpg,a photo of a man in a suit and tie speaking into a microphone,,,,,,,,,,,,,
image_328.jpg,a photo of a person wearing a yellow hat,,,,,,,,,,,,,
image_3280.jpg,a photo of a man in a suit and sunglasses,,,,,,,,,,,,,
image_3281.jpeg,a photo of president obama and his friends,,,,,,,,,,,,,
image_3282.jpg,a photo of a man in a fur coat holding a sword,,,,,,,,,,,,,
image_3283.jpg,a photo of president obama talking on the phone,,,,,,,,,,,,,
image_3284.jpg,a photo of a man wearing a vest,,,,,,,,,,,,,
image_3285.jpg,a photo of a man in karate gear,,,,,,,,,,,,,
image_3286.png,a photo of a man in a suit with his hands on his face,,,,,,,,,,,,,
image_3287.jpg,a photo of a man in a suit pointing at the camera,,,,,,,,,,,,,
image_3288.jpg,a photo of a man in a suit and tie,,,,,,,,,,,,,
image_3289.jpg,a photo of a man with glasses on his face,,,,,,,,,,,,,
image_329.jpg,a photo of two men standing next to each other men,,,,,,,,,,,,,
image_3290.jpg,"a photo of vladimir putin with the capt that reads oh, and we ' d ' think you ' re",,,,,,,,,,,,,
image_3291.png,a photo of a man in a suit and tie holding a pen,,,,,,,,,,,,,
image_3292.jpg,a photo of president person giving a speech,,,,,,,,,,,,,
image_3293.jpg,a photo of a man in a suit and tie,,,,,,,,,,,,,
image_3294.jpg,a photo of the faces of politicians and politicians,,,,,,,,,,,,,
image_3295.jpg,a photo of two people and a dog,,,,,,,,,,,,,
image_3296.jpg,a photo of a man in a suit and tie,,,,,,,,,,,,,
image_3297.png,a photo of president obama drinking a beer,,,,,,,,,,,,,
image_3298.jpg,a photo of a man in a suit and sunglasses,,,,,,,,,,,,,
image_3299.png,a photo of a man in a suit sitting at a table,,,,,,,,,,,,,
image_33.jpg,a photo of a man and woman in a room,,,,,,,,,,,,,
image_330.jpg,a photo of a person walking down the street,,,,,,,,,,,,,
image_3300.png,a photo of a man in a suit pointing at the camera,,,,,,,,,,,,,
image_3301.jpg,a photo of a group of people standing in a line,,,,,,,,,,,,,
image_3302.jpg,a photo of a man in a black jacket holding a microphone,,,,,,,,,,,,,
image_3303.png,a photo of hillary clinton with a quote on it,,,,,,,,,,,,,
image_3304.png,a photo of a group of people in suits and ties,,,,,,,,,,,,,
image_3305.jpg,a photo of a book with the title put was fairyed and other jokes you can ' t yourself,,,,,,,,,,,,,
image_3306.jpg,a photo of a man in a suit sitting at a desk,,,,,,,,,,,,,
image_3307.jpg,a photo of a man in a suit and tie,,,,,,,,,,,,,
image_3308.jpg,a photo of a man talking on the phone,,,,,,,,,,,,,
image_3309.jpg,a photo of the one does meme,,,,,,,,,,,,,
image_331.jpg,"a photo of a sign that says, ' i ' ll ' re your hand if you still like tequila",,,,,,,,,,,,,
image_3310.jpg,a photo of a diver in the water,,,,,,,,,,,,,
image_3311.jpg,a photo of a man in the water with a shark,,,,,,,,,,,,,
image_3312.jpg,a photo of two people in suits and ties,,,,,,,,,,,,,
image_3313.jpg,a photo of a group of people in riot gear,,,,,,,,,,,,,
image_3314.png,a photo of a man in a suit sitting on a chair,,,,,,,,,,,,,
image_3315.jpg,a photo of a group of people with their arms in the air,,,,,,,,,,,,,
image_3316.jpg,a photo of a man in a suit on a boat,,,,,,,,,,,,,
image_3317.jpg,a photo of two men in suits and ties,,,,,,,,,,,,,
image_3318.jpg,a photo of a man in a suit and tie waving,,,,,,,,,,,,,
image_3319.png,a photo of a man in a suit and tie pointing his finger at the camera,,,,,,,,,,,,,
image_332.jpg,a photo of a cat sitting on the ground,,,,,,,,,,,,,
image_3320.jpg,a photo of a man in a suit sitting at a desk,,,,,,,,,,,,,
image_3321.jpg,a photo of two men in suits standing next to each other men,,,,,,,,,,,,,
image_3322.jpg,a photo of two men in suits talking to each other people,,,,,,,,,,,,,
image_3323.png,a photo of president obama and russian president putin,,,,,,,,,,,,,
image_3324.jpg,a photo of a man in a suit and tie,,,,,,,,,,,,,
image_3325.jpg,a photo of a man eating popcorn,,,,,,,,,,,,,
image_3326.png,a photo of a man looking through binoculars,,,,,,,,,,,,,
image_3327.jpg,a photo of a woman in a white dress talking to a man wearing a suit,,,,,,,,,,,,,
image_3328.png,a photo of a man in a suit and sunglasses,,,,,,,,,,,,,
image_3329.jpg,a photo of a man with a mustache on his face,,,,,,,,,,,,,
image_333.jpg,"a photo of a sign that reads, ' you call you should we resolve? '",,,,,,,,,,,,,
image_3330.jpg,a photo of three men standing next to each other men,,,,,,,,,,,,,
image_3331.jpg,a photo of two men sitting on top of a wooden box,,,,,,,,,,,,,
image_3332.jpg,a photo of a man in a suit talking on the phone,,,,,,,,,,,,,
image_3333.jpg,a photo of a cow eating a hamburger,,,,,,,,,,,,,
image_3334.jpg,a photo of two women with their faces painted in rainbows,,,,,,,,,,,,,
image_3335.jpg,a photo of two men in suits sitting on chairs,,,,,,,,,,,,,
image_3336.png,a photo of a dragon eating a hot dog,,,,,,,,,,,,,
image_3337.jpg,a photo of a man in a hospital bed,,,,,,,,,,,,,
image_3338.jpg,a photo of two men in suits with the capt that says racism is among all races in the world,,,,,,,,,,,,,
image_3339.jpeg,a photo of a man with a beard and a quote on it,,,,,,,,,,,,,
image_334.jpg,a photo of some people in uniform,,,,,,,,,,,,,
image_3340.png,a photo of a woman talking to a child,,,,,,,,,,,,,
image_3341.png,a photo of a person with the words trump is called racist,,,,,,,,,,,,,
image_3342.jpeg,a photo of an old man wearing a hat,,,,,,,,,,,,,
image_3343.jpg,a photo of a man with his mouth open,,,,,,,,,,,,,
image_3344.jpg,a photo of two men sitting on a couch,,,,,,,,,,,,,
image_3345.jpg,a photo of a man in a lab,,,,,,,,,,,,,
image_3346.jpeg,a photo of a man wearing glasses and a suit,,,,,,,,,,,,,
image_3347.jpg,a photo of a dog in a bowl of rice,,,,,,,,,,,,,
image_3348.jpg,a photo of a man holding a microphone,,,,,,,,,,,,,
image_3349.jpg,a photo of the face of a man with glasses that says you got 100? yoi can ' t,,,,,,,,,,,,,
image_335.jpg,a photo of a man and woman sitting on a couch talking to each other people,,,,,,,,,,,,,
image_3350.jpg,a photo of a man in a black leather jacket with the words i am not racist,,,,,,,,,,,,,
image_3351.jpg,a photo of a man in a white shirt and tie,,,,,,,,,,,,,
image_3352.jpg,a photo of a woman with glasses on her face,,,,,,,,,,,,,
image_3353.jpg,"a photo of a man and woman sitting on a bench with the capt that reads, ` you are absolutely",,,,,,,,,,,,,
image_3354.jpg,a photo of an older man with white hair and beards,,,,,,,,,,,,,
image_3355.jpg,a photo of a woman with her mouth open,,,,,,,,,,,,,
image_3356.png,a photo of a woman with her hand on her chin,,,,,,,,,,,,,
image_3357.jpg,"a photo of a man with his mouth open, saying what do i call a black person on the moon",,,,,,,,,,,,,
image_3358.png,"a photo of a man in a suit and tie, with the capt that reads trump says he ' s",,,,,,,,,,,,,
image_3359.jpg,a photo of a man in a suit and tie holding a cat,,,,,,,,,,,,,
image_336.jpg,a photo of an anime girl with pink hair and blue eyes,,,,,,,,,,,,,
image_3360.png,a photo of president obama and an image of a lion,,,,,,,,,,,,,
image_3361.jpg,a photo of a man in a suit smoking a cigarette,,,,,,,,,,,,,
image_3362.jpg,a photo of a man in a suit and tie,,,,,,,,,,,,,
image_3363.jpg,a photo of a man with long hair in a red truck,,,,,,,,,,,,,
image_3364.png,a photo of a woman with glasses and a red background,,,,,,,,,,,,,
image_3365.jpg,a photo of a group of girls posing for the camera,,,,,,,,,,,,,
image_3366.png,a photo of a woman holding a sign,,,,,,,,,,,,,
image_3367.jpg,a photo of a man sitting in a chair,,,,,,,,,,,,,
image_3368.png,a photo of a man shaking another man ' s hand at a basketball game,,,,,,,,,,,,,
image_3369.jpg,a photo of a black woman with red hair,,,,,,,,,,,,,
image_337.jpg,a photo of a sign that says millennias walking around like they ' re the place,,,,,,,,,,,,,
image_3370.jpg,a photo of a woman with her hair in a bunt,,,,,,,,,,,,,
image_3371.jpeg,"a photo of a man with long hair and a beard that says, i ' m ' t racist racism",,,,,,,,,,,,,
image_3372.jpg,a photo of a cartoon character with a capt,,,,,,,,,,,,,
image_3373.jpg,a photo of a man in a costume that says i ' m king,,,,,,,,,,,,,
image_3374.jpg,a photo of a man fixing a sink in a bathroom,,,,,,,,,,,,,
image_3375.png,"a photo of president donald, with the capt that says okay",,,,,,,,,,,,,
image_3376.jpg,a photo of a man in a suit and tie waving,,,,,,,,,,,,,
image_3377.jpg,a photo of an older man with the capt that says you ' re your gaby?,,,,,,,,,,,,,
image_3378.png,a photo of a man in a suit and tie,,,,,,,,,,,,,
image_3379.jpg,a photo of a soldier holding a watermel,,,,,,,,,,,,,
image_338.jpg,a photo of a man in a blue shirt and headphones with the words what is content?,,,,,,,,,,,,,
image_3380.png,"a photo of a man in a white shirt with the capt that reads, dad trump is not a person",,,,,,,,,,,,,
image_3381.jpg,"a photo of a snowman with the capt that reads, ` ' me you ' ret ' and",,,,,,,,,,,,,
image_3382.jpg,a photo of a man with a mustache and mustache,,,,,,,,,,,,,
image_3383.jpg,a photo of a cartoon character holding a cell phone,,,,,,,,,,,,,
image_3384.jpg,a photo of a man with a cigarette in his mouth,,,,,,,,,,,,,
image_3385.jpg,a photo of a dog with glasses on,,,,,,,,,,,,,
image_3386.png,a photo of the face of a man in a suit and tie,,,,,,,,,,,,,
image_3387.jpg,a photo of two men in suits standing next to each other men,,,,,,,,,,,,,
image_3388.jpg,a photo of people walking down the street with flags,,,,,,,,,,,,,
image_3389.jpg,a photo of a man with a tattoo on his back,,,,,,,,,,,,,
image_339.jpg,a photo of president obama and hillary in front of the capitol,,,,,,,,,,,,,
image_3390.jpg,"a photo of two boys with the capt that says, ' god luck on your ass and i see when",,,,,,,,,,,,,
image_3391.jpg,a photo of a man in a white tank top and striped pants,,,,,,,,,,,,,
image_3392.jpg,a photo of the joker in the movie,,,,,,,,,,,,,
image_3393.jpg,"a photo of a quote on a white background with the words, just saying the word and don ' t",,,,,,,,,,,,,
image_3394.jpg,a photo of a man in a suit pointing his finger at the camera,,,,,,,,,,,,,
image_3395.jpg,a photo of a man in a red shirt pointing his finger at the camera,,,,,,,,,,,,,
image_3396.jpg,a photo of a cat sitting on a couch,,,,,,,,,,,,,
image_3397.jpg,a photo of two kids eating a turkey,,,,,,,,,,,,,
image_3398.jpg,a photo of a man and woman on their wedding day,,,,,,,,,,,,,
image_3399.jpg,a photo of a woman holding a cat,,,,,,,,,,,,,
image_34.jpg,a photo of the avengers movie still not watched,,,,,,,,,,,,,
image_340.jpg,a photo of a person wearing a fox mask,,,,,,,,,,,,,
image_3400.jpg,a photo of a man in a suit holding a gun,,,,,,,,,,,,,
image_3401.jpg,a photo of person drinking tea on the balcony,,,,,,,,,,,,,
image_3402.jpg,a photo of a man in a red shirt,,,,,,,,,,,,,
image_3403.jpg,a photo of a baby in a bunny costume,,,,,,,,,,,,,
image_3404.jpeg,a photo of a group of children behind a barbed fence,,,,,,,,,,,,,
image_3405.jpg,a photo of a man standing next to a refrigerator,,,,,,,,,,,,,
image_3406.png,a photo of a woman talking to someone,,,,,,,,,,,,,
image_3407.png,a photo of three women in black robes walking down the street,,,,,,,,,,,,,
image_3408.jpg,a photo of a man in a white shirt and a black and white image of him,,,,,,,,,,,,,
image_3409.png,a photo of a man in an orange jacket talking on the phone,,,,,,,,,,,,,
image_341.jpg,a photo of a black and white poster with the words heavy pop is heavy cast on it,,,,,,,,,,,,,
image_3410.png,a photo of two people standing next to each other people,,,,,,,,,,,,,
image_3411.png,a photo of a man holding a basketball ball,,,,,,,,,,,,,
image_3412.jpg,a photo of a baby orang in the grass,,,,,,,,,,,,,
image_3413.jpg,a photo of a bigfoot with an american flag on it,,,,,,,,,,,,,
image_3414.png,a photo of a man in a red suit with his hands up and the capt reads what ' s back,,,,,,,,,,,,,
image_3415.png,a photo of a man holding a gun,,,,,,,,,,,,,
image_3416.jpg,a photo of a bear that says i ' ver be more said to be a idiot,,,,,,,,,,,,,
image_3417.jpg,a photo of a husky dog sitting on a bed,,,,,,,,,,,,,
image_3418.jpg,a photo of two police officers on the street,,,,,,,,,,,,,
image_3419.png,a photo of a blue and yellow fish,,,,,,,,,,,,,
image_342.png,a photo of a red bull racing car in the middle of the screen,,,,,,,,,,,,,
image_3420.jpg,a photo of an old man with a long beard,,,,,,,,,,,,,
image_3421.png,a photo of two football players kneeling on the field,,,,,,,,,,,,,
image_3422.png,a photo of a cartoon character with the words don ' t racist hate everyone,,,,,,,,,,,,,
image_3423.png,a photo of a woman washing her baby in a bathtub,,,,,,,,,,,,,
image_3424.png,a photo of a little girl and a man,,,,,,,,,,,,,
image_3425.jpg,"a photo of a woman and an older man with the capt that reads, ` how do you feel when",,,,,,,,,,,,,
image_3426.jpeg,a photo of a field with white flowers,,,,,,,,,,,,,
image_3427.jpg,a photo of a young boy writing in a classroom,,,,,,,,,,,,,
image_3428.png,"a photo of a man in a top hat and bow tie, with the capt that reads blockchai without",,,,,,,,,,,,,
image_3429.jpg,"a photo of a man in a suit and tie, with the capt that reads nobody called trump",,,,,,,,,,,,,
image_343.png,a photo of a young boy wearing a white shirt and black pants,,,,,,,,,,,,,
image_3430.jpeg,a photo of a young boy with his mouth open,,,,,,,,,,,,,
image_3431.jpeg,a photo of an old man with a bottle of beer,,,,,,,,,,,,,
image_3432.png,a photo of a man holding a gun,,,,,,,,,,,,,
image_3433.jpeg,a photo of two men wearing different outfits,,,,,,,,,,,,,
image_3434.jpg,a photo of a man with glasses and a green background,,,,,,,,,,,,,
image_3435.jpg,a photo of president obama with the words i amblad i was president of the usa you closer,,,,,,,,,,,,,
image_3436.jpg,a photo of an asian man with his hands on his head,,,,,,,,,,,,,
image_3437.jpg,a photo of a man in a suit and tie,,,,,,,,,,,,,
image_3438.jpg,a photo of a man in a suit and sunglasses,,,,,,,,,,,,,
image_3439.jpg,a photo of a man with a big smile on his face,,,,,,,,,,,,,
image_344.png,"a photo of a woman ' s tweet with the text that reads, ' get as you don",,,,,,,,,,,,,
image_3440.jpg,a photo of a man in a suit talking to another man,,,,,,,,,,,,,
image_3441.jpg,a photo of a man with his thumbs up,,,,,,,,,,,,,
image_3442.jpg,"a photo of a person in a hoodie with the capt that reads me to mr, i ' ll",,,,,,,,,,,,,
image_3443.jpeg,a photo of three men with different facial expressions,,,,,,,,,,,,,
image_3444.jpg,a photo of a man sitting on a bench,,,,,,,,,,,,,
image_3445.jpg,a photo of a man in a suit with his mouth open,,,,,,,,,,,,,
image_3446.jpg,a photo of a man and woman looking at each other people,,,,,,,,,,,,,
image_3447.jpg,a photo of a man talking on the phone,,,,,,,,,,,,,
image_3448.png,a photo of a man speaking into microphones with a crowd behind him,,,,,,,,,,,,,
image_3449.jpg,a photo of an old man in a top hat,,,,,,,,,,,,,
image_345.png,a photo of two police officers talking to each other officer,,,,,,,,,,,,,
image_3450.jpg,a photo of two men standing next to each other men,,,,,,,,,,,,,
image_3451.jpg,a photo of a man giving a speech,,,,,,,,,,,,,
image_3452.jpg,a photo of a group of people sitting on the ground,,,,,,,,,,,,,
image_3453.jpg,"a photo of a man in a suit and tie with the capt that says, ' your party 2 biggest",,,,,,,,,,,,,
image_3454.jpg,a photo of a man sitting in a chair with his hand on his chin,,,,,,,,,,,,,
image_3455.png,"a photo of a man in a suit and tie, with the words on it",,,,,,,,,,,,,
image_3456.png,a photo of two men talking to each other man,,,,,,,,,,,,,
image_3457.jpg,a photo of a man with the words victory is state of mind,,,,,,,,,,,,,
image_3458.jpg,a photo of a man in a white shirt holding a microphone,,,,,,,,,,,,,
image_3459.jpg,a photo of a man in a suit and tie,,,,,,,,,,,,,
image_346.png,a photo of a man with a beard and an image of captain america,,,,,,,,,,,,,
image_3460.jpg,a photo of a man in a white shirt,,,,,,,,,,,,,
image_3461.jpg,a photo of a man with his hand up in the air,,,,,,,,,,,,,
image_3462.jpg,a photo of a woman with glasses and a quote on it,,,,,,,,,,,,,
image_3463.jpg,a photo of a man with red paint on his face,,,,,,,,,,,,,
image_3464.jpg,"a photo of a man in a suit and tie, with the capt that says i love abuh",,,,,,,,,,,,,
image_3465.jpg,"a photo of two people, one with a microphone and the other with sunglasses on",,,,,,,,,,,,,
image_3466.jpg,a photo of a man speaking into a microphone,,,,,,,,,,,,,
image_3467.jpg,a photo of a man standing in front of rows of beds,,,,,,,,,,,,,
image_3468.jpg,a photo of a man pointing his finger at the camera,,,,,,,,,,,,,
image_3469.png,a photo of a man in a suit and sunglasses,,,,,,,,,,,,,
image_347.png,"a photo of a black man with dread dread hair, and the capt that says he ' s in the",,,,,,,,,,,,,
image_3470.jpg,"a photo of two women and one man with the capt that reads, ' now, i ' m ra",,,,,,,,,,,,,
image_3471.jpg,a photo of a man with his mouth open,,,,,,,,,,,,,
image_3472.jpg,a photo of a man in a white shirt looking at the camera,,,,,,,,,,,,,
image_3473.jpg,a photo of a man with a smile on his face,,,,,,,,,,,,,
image_3474.jpg,a photo of some people with different expressions,,,,,,,,,,,,,
image_3475.jpg,a photo of a man in a suit and tie,,,,,,,,,,,,,
image_3476.jpg,a photo of two men in suits and ties,,,,,,,,,,,,,
image_3477.png,a photo of a man and woman with tennis rackets,,,,,,,,,,,,,
image_3478.jpg,a photo of a group of people sitting around a table,,,,,,,,,,,,,
image_3479.jpg,a photo of a man in a white robe waving,,,,,,,,,,,,,
image_348.jpg,a photo of an old man with the capt that says doctor strange,,,,,,,,,,,,,
image_3480.jpg,a photo of a man in a white shirt sitting at a table,,,,,,,,,,,,,
image_3481.jpg,a photo of a man with a baseball bat in his hand,,,,,,,,,,,,,
image_3482.png,a photo of a man in a white shirt sitting at a table with the capt that reads rad ',,,,,,,,,,,,,
image_3483.jpg,a photo of a man giving the peace sign,,,,,,,,,,,,,
image_3484.png,a photo of a man with long hair,,,,,,,,,,,,,
image_3485.jpg,a photo of a man holding a camera in front of an audience,,,,,,,,,,,,,
image_3486.png,a photo of a man and a woman with the words ' ramsh ',,,,,,,,,,,,,
image_3487.jpg,a photo of two men shaking hands in front of a house,,,,,,,,,,,,,
image_3488.png,a photo of a man with a beard and mustache,,,,,,,,,,,,,
image_3489.png,"a photo of sonia gandhi with the capt that reads, ' because she already have '",,,,,,,,,,,,,
image_349.png,a photo of a person holding a light,,,,,,,,,,,,,
image_3490.png,a photo of a woman with a quote on her face,,,,,,,,,,,,,
image_3491.jpg,a photo of a bald man with glasses on,,,,,,,,,,,,,
image_3492.png,a photo of two men talking to each other man,,,,,,,,,,,,,
image_3493.jpg,a photo of a man talking on the phone,,,,,,,,,,,,,
image_3494.jpg,a photo of rad ' s reaction when he sees on youtube,,,,,,,,,,,,,
image_3495.jpg,a photo of a seal in the water,,,,,,,,,,,,,
image_3496.png,a photo of a man in camouflage gear holding a rifle,,,,,,,,,,,,,
image_3497.jpg,a photo of a baby seal in the snow,,,,,,,,,,,,,
image_3498.jpg,a photo of a seal in a basket,,,,,,,,,,,,,
image_3499.png,a photo of a seal in the water with its mouth open,,,,,,,,,,,,,
image_35.png,a photo of captain marvel and a picture of the avengers,,,,,,,,,,,,,
image_350.jpg,a photo of a hand holding an orange and blue ball,,,,,,,,,,,,,
image_3500.jpeg,a photo of two soldiers in the water,,,,,,,,,,,,,
image_3501.jpg,a photo of a baby seal in the snow,,,,,,,,,,,,,
image_3502.jpg,a photo of a seal with the capt that says he who sleeps with it but wake with silly,,,,,,,,,,,,,
image_3503.jpg,"a photo of a seal with the capt that says, when you ' re to take a bath after a",,,,,,,,,,,,,
image_3504.jpg,a photo of a shark and a fish,,,,,,,,,,,,,
image_3505.jpg,a photo of a sea turtle looking at the camera,,,,,,,,,,,,,
image_3506.jpg,a photo of a dog looking up at the camera,,,,,,,,,,,,,
image_3507.png,a photo of a cartoon character with four different expressions,,,,,,,,,,,,,
image_3508.jpg,a photo of a seal sitting on a rock,,,,,,,,,,,,,
image_3509.jpg,a photo of an otter that says you think this is a mothering game,,,,,,,,,,,,,
image_351.png,a photo of a cat sitting next to a chalkboard,,,,,,,,,,,,,
image_3510.jpeg,a photo of a dog with food on it ' s face,,,,,,,,,,,,,
image_3511.jpg,a photo of a baby seal in the snow,,,,,,,,,,,,,
image_3512.jpg,a photo of a seal with its head in the water,,,,,,,,,,,,,
image_3513.jpg,"a photo of a seal with the capt that says, how do you know?",,,,,,,,,,,,,
image_3514.jpg,a photo of a seal in the water,,,,,,,,,,,,,
image_3515.jpg,a photo of a rad rat with the capt that reads hate mes,,,,,,,,,,,,,
image_3516.jpg,a photo of a black and white quote,,,,,,,,,,,,,
image_3517.jpg,a photo of a man holding up a piece of paper,,,,,,,,,,,,,
image_3518.jpg,a photo of a seal with the capt i ' m not fat,,,,,,,,,,,,,
image_3519.jpeg,a photo of soldiers on the ground with smoke in the background,,,,,,,,,,,,,
image_352.png,a photo of people sitting at a table in a restaurant,,,,,,,,,,,,,
image_3520.jpeg,a photo of two people in the water with text that reads us navy seals and you thought the most dangerous,,,,,,,,,,,,,
image_3521.png,a photo of a cat that is laying on the floor,,,,,,,,,,,,,
image_3522.png,a photo of two rabbits laying on the ground,,,,,,,,,,,,,
image_3523.png,a photo of a man in a suit and tie waving,,,,,,,,,,,,,
image_3524.jpg,a photo of two men in sunglasses talking to each other men,,,,,,,,,,,,,
image_3525.jpg,a photo of a man in a car with his tongue out,,,,,,,,,,,,,
image_3526.png,a photo of two people sitting on a boat,,,,,,,,,,,,,
image_3527.jpg,"a photo of a seal with the capt that says, i miss my turn and i ' ll ' d",,,,,,,,,,,,,
image_3528.jpg,a photo of a dog on the stairs,,,,,,,,,,,,,
image_3529.jpg,a photo of two sea lions sitting on top of a rock,,,,,,,,,,,,,
image_353.png,a photo of a pile of clothes on the floor,,,,,,,,,,,,,
image_3530.jpg,a photo of a seal with the capt that reads when mum parks the car leaf i ' m just,,,,,,,,,,,,,
image_3531.jpg,a photo of a shark and a seal in the ocean,,,,,,,,,,,,,
image_3532.jpg,a photo of a baby seal in the snow,,,,,,,,,,,,,
image_3533.jpg,a photo of a snowball in the snow,,,,,,,,,,,,,
image_3534.jpg,a photo of a otter eating an apple,,,,,,,,,,,,,
image_3535.png,"a photo of a seal with the capt that says, come to work all over sick",,,,,,,,,,,,,
image_3536.png,a photo of a seal with the capt that reads crap hate,,,,,,,,,,,,,
image_3537.jpg,a photo of a seal with its mouth open,,,,,,,,,,,,,
image_3538.jpg,a photo of a seal in the water,,,,,,,,,,,,,
image_3539.jpg,a photo of a seal with the capt on it ' s face,,,,,,,,,,,,,
image_354.jpg,a photo of a cake being made to look like a tree,,,,,,,,,,,,,
image_3540.jpg,a photo of a seal sitting on a rock,,,,,,,,,,,,,
image_3541.jpg,a photo of a cat in the sky,,,,,,,,,,,,,
image_3542.png,a photo of a seal on the ground,,,,,,,,,,,,,
image_3543.jpg,a photo of a man in a black shirt and white gloves,,,,,,,,,,,,,
image_3544.jpg,a photo of two people sitting on the ground next to an elephant,,,,,,,,,,,,,
image_3545.jpg,a photo of a seal in the middle of the picture,,,,,,,,,,,,,
image_3546.jpg,"a photo of two sea otters, one with its mouth open and the other with it ' s mouth",,,,,,,,,,,,,
image_3547.jpg,a photo of a shark jumping out of the water,,,,,,,,,,,,,
image_3548.jpg,a photo of a baby seal in the snow,,,,,,,,,,,,,
image_3549.png,a photo of a cat with a balloon in the air,,,,,,,,,,,,,
image_355.jpg,a photo of yoo yo yoon in the mandal,,,,,,,,,,,,,
image_3550.jpg,a photo of a seal with its mouth open,,,,,,,,,,,,,
image_3551.png,"a photo of a seal with its mouth open and the capt reads, i have been to memede",,,,,,,,,,,,,
image_3552.png,"a photo of a seal with the capt that reads, how do you know??",,,,,,,,,,,,,
image_3553.jpg,"a photo of a seal with the capt that reads, me trying to get my dog to come",,,,,,,,,,,,,
image_3554.png,a photo of a seal with an egg in it ' s mouth,,,,,,,,,,,,,
image_3555.jpg,a photo of a police officer with his dog,,,,,,,,,,,,,
image_3556.jpg,a photo of a woman on a boat with a sea lion,,,,,,,,,,,,,
image_3557.jpg,a photo of a seal sitting on the beach,,,,,,,,,,,,,
image_3558.jpg,a photo of a bird with a fish in it ' s mouth,,,,,,,,,,,,,
image_3559.jpg,a photo of a man in front of the twin towers,,,,,,,,,,,,,
image_356.jpg,"a photo of a man in a blue shirt and headphones, with the words toxic on it",,,,,,,,,,,,,
image_3560.png,a photo of an elephant with a balloon in the air,,,,,,,,,,,,,
image_3561.jpg,"a photo of a seal with the capt that says, i ' m at sleep in a friend ' s house first one wake up",,,,,,,,,,,,,
image_3562.png,a photo of two sea lions sitting on a rock,,,,,,,,,,,,,
image_3563.png,a photo of a pug looking at the camera,,,,,,,,,,,,,
image_3564.png,a photo of a dog looking up at the camera,,,,,,,,,,,,,
image_3565.jpg,a photo of the joker in a box,,,,,,,,,,,,,
image_3566.jpg,a photo of a boat in the ocean,,,,,,,,,,,,,
image_3567.jpg,"a photo of a soldier with the capt that says, when i get this black friday",,,,,,,,,,,,,
image_3568.jpg,a photo of a sea otter with a plastic cup in its mouth,,,,,,,,,,,,,
image_3569.jpg,a photo of a dog laying on the floor,,,,,,,,,,,,,
image_357.png,a photo of a kitten standing on its hinds,,,,,,,,,,,,,
image_3570.jpg,a photo of a seal with the capt that says when you watch a movie and your parents walk at the,,,,,,,,,,,,,
image_3571.jpg,a photo of a man feeding a sea lion,,,,,,,,,,,,,
image_3572.png,a photo of a seal in the ocean,,,,,,,,,,,,,
image_3573.jpg,a photo of a seal with its eyes closed,,,,,,,,,,,,,
image_3574.png,a photo of a sea otter wearing a police hat,,,,,,,,,,,,,
image_3575.png,a photo of the front and back of a building with the words six - sided by,,,,,,,,,,,,,
image_3576.jpg,a photo of a snowball in the snow,,,,,,,,,,,,,
image_3577.png,a photo of a seal in the rear view mirror,,,,,,,,,,,,,
image_3578.jpg,a photo of a cartoon character with the capt that says why i ' d ' t monster that eaten by,,,,,,,,,,,,,
image_3579.png,a photo of a seal in the grass,,,,,,,,,,,,,
image_358.jpg,a photo of a person with a hat on,,,,,,,,,,,,,
image_3580.png,a photo of a seal sitting in the snow,,,,,,,,,,,,,
image_3581.png,a photo of a baby seal in the snow,,,,,,,,,,,,,
image_3582.jpg,a photo of a penguin jumping out of the water,,,,,,,,,,,,,
image_3583.png,a photo of a seal sitting on a rock,,,,,,,,,,,,,
image_3584.png,"a photo of two people standing in a row of blue portable toilets with the capt that reads, when you",,,,,,,,,,,,,
image_3585.jpg,a photo of a woman kissing a sea lion,,,,,,,,,,,,,
image_3586.png,a photo of a dog laying on the floor,,,,,,,,,,,,,
image_3587.png,a photo of a man holding an american flag,,,,,,,,,,,,,
image_3588.png,a photo of a sea lion on a computer screen,,,,,,,,,,,,,
image_3589.jpg,a photo of a bear sitting on a log,,,,,,,,,,,,,
image_359.jpg,a photo of a man with the words ' this is bill don ',,,,,,,,,,,,,
image_3590.png,"a photo of ruth ginsberg with a quote that reads, ' my mother is to be and her parents",,,,,,,,,,,,,
image_3591.jpeg,"a photo of a text message that reads, ` ` i ' m going to hell but '",,,,,,,,,,,,,
image_3592.png,"a photo of a woman with her hands on her head and the capt says, ` i ' m is",,,,,,,,,,,,,
image_3593.jpg,a photo of a woman with her hand on her face,,,,,,,,,,,,,
image_3594.png,"a photo of a man kissing a woman with the capt that reads, ` ` '",,,,,,,,,,,,,
image_3595.jpg,a photo of a man that is smiling for the camera,,,,,,,,,,,,,
image_3596.jpg,"a photo of a cartoon character with the capt that says, if you don ' t want to go to",,,,,,,,,,,,,
image_3597.jpg,a photo of a man in a suit smoking a pipe,,,,,,,,,,,,,
image_3598.jpg,a photo of a man with a cigarette in his mouth,,,,,,,,,,,,,
image_3599.jpg,a photo of an old man with a long beard and a hat,,,,,,,,,,,,,
image_36.jpg,"a photo of a man in a car with the capt that reads, we are in game now",,,,,,,,,,,,,
image_360.jpg,a photo of a person with a hat on,,,,,,,,,,,,,
image_3600.jpg,a photo of a bear that says i saw hoes man and gave him $ 10,,,,,,,,,,,,,
image_3601.jpg,a photo of a woman in an astronaut suit,,,,,,,,,,,,,
image_3602.jpg,a photo of a man and woman hugging in the rain,,,,,,,,,,,,,
image_3603.jpeg,"a photo of the human body, with text that reads there are 2 genders",,,,,,,,,,,,,
image_3604.jpeg,a photo of a group of people sitting at a bar,,,,,,,,,,,,,
image_3605.jpg,a photo of a woman with her mouth covered in water,,,,,,,,,,,,,
image_3606.jpg,a photo of two women standing in front of a fire,,,,,,,,,,,,,
image_3607.jpeg,a photo of a man with glasses on his face,,,,,,,,,,,,,
image_3608.jpg,a photo of president bill clinton giving a speech,,,,,,,,,,,,,
image_3609.jpg,a photo of a man driving a car with a woman in the back seat,,,,,,,,,,,,,
image_361.png,a photo of a man with glasses holding a cell,,,,,,,,,,,,,
image_3610.jpg,a photo of a man sitting at a desk with a computer,,,,,,,,,,,,,
image_3611.jpg,a photo of a person in ski gear,,,,,,,,,,,,,
image_3612.jpg,a photo of a man sitting at a table,,,,,,,,,,,,,
image_3613.jpg,"a photo of a girl with blonde hair and text that reads, ` fake girls exist me girls don '",,,,,,,,,,,,,
image_3614.jpg,a photo of two people that are smiling,,,,,,,,,,,,,
image_3615.jpg,a photo of two men standing next to each other man,,,,,,,,,,,,,
image_3616.bmp,a photo of a woman with long brown hair,,,,,,,,,,,,,
image_3617.jpg,a photo of an old man smoking a cigarette,,,,,,,,,,,,,
image_3618.jpg,a photo of a man wearing a hat and jacket,,,,,,,,,,,,,
image_3619.jpg,"a photo of a young boy sitting in a chair with the capt that reads, ` when you ' re",,,,,,,,,,,,,
image_362.jpg,a photo of a person holding a video game controller,,,,,,,,,,,,,
image_3620.png,"a photo of a man in a suit and tie with the capt that reads, don ' t beven",,,,,,,,,,,,,
image_3621.png,a photo of a woman holding a card with the words don ' t ' ndw men sex,,,,,,,,,,,,,
image_3622.jpg,"a photo of a man in a suit and tie with text that reads, ` don ' t women like",,,,,,,,,,,,,
image_3623.jpg,a photo of a man in a suit sitting at a desk,,,,,,,,,,,,,
image_3624.jpg,a photo of an airplane with the words girls like baby careful it ' s my first time,,,,,,,,,,,,,
image_3625.png,a photo of a bird that is standing in the grass,,,,,,,,,,,,,
image_3626.png,a photo of a girl with the words hate children become teacher,,,,,,,,,,,,,
image_3627.jpg,a photo of some vegetables and carrots on a table,,,,,,,,,,,,,
image_3628.png,"a photo of a man in a suit and tie with the capt that says, if is made in the",,,,,,,,,,,,,
image_3629.png,a photo of a girl drinking from a can,,,,,,,,,,,,,
image_363.jpg,a photo of a person with a hat on their head,,,,,,,,,,,,,
image_3630.jpg,a photo of a woman in a white dress holding a microphone,,,,,,,,,,,,,
image_3631.jpg,a photo of a man in a suit and tie,,,,,,,,,,,,,
image_3632.png,a photo of an older man sitting at a table,,,,,,,,,,,,,
image_3633.jpg,a photo of a woman wearing glasses and looking at the camera,,,,,,,,,,,,,
image_3634.jpg,a photo of a woman standing next to a jeep,,,,,,,,,,,,,
image_3635.png,a photo of a man in a suit and hat speaking into a microphone,,,,,,,,,,,,,
image_3636.jpg,a photo of a girl with a cigarette in her mouth,,,,,,,,,,,,,
image_3637.jpg,a photo of a man getting his hair cut,,,,,,,,,,,,,
image_3638.jpg,a photo of a man and woman laying on a bed,,,,,,,,,,,,,
image_3639.png,a photo of a woman with her head in her hands,,,,,,,,,,,,,
image_364.jpg,a photo of a person with a hat on,,,,,,,,,,,,,
image_3640.jpg,"a photo of a guy with the capt that says, but i ' m such a nice guy",,,,,,,,,,,,,
image_3641.jpg,a photo of a man in a suit sitting at a table,,,,,,,,,,,,,
image_3642.jpg,a photo of a person dressed as the joker,,,,,,,,,,,,,
image_3643.png,a photo of two people sitting at a table,,,,,,,,,,,,,
image_3644.png,"a photo of a woman ' s face with the capt that reads, you ' d surprised, why?",,,,,,,,,,,,,
image_3645.jpg,"a photo of a man in a suit sitting at a desk with the capt that says, you know what",,,,,,,,,,,,,
image_3646.png,a photo of president trump with the words sex?,,,,,,,,,,,,,
image_3647.png,a photo of a woman with long red hair,,,,,,,,,,,,,
image_3648.png,a photo of a woman with red hair and glasses,,,,,,,,,,,,,
image_3649.png,a photo of a man smiling for the camera,,,,,,,,,,,,,
image_365.png,a photo of a person holding a bouquet,,,,,,,,,,,,,
image_3650.jpg,"a photo of a model of the human body with text that reads, ` ' apparently they studying anatomy '",,,,,,,,,,,,,
image_3651.png,a photo of a black and white quote,,,,,,,,,,,,,
image_3652.jpg,a photo of a man in a suit sitting on a chair,,,,,,,,,,,,,
image_3653.jpg,a photo of a man and woman looking at a computer,,,,,,,,,,,,,
image_3654.jpg,a photo of person ' s twitter tweet,,,,,,,,,,,,,
image_3655.png,a photo of a man in a suit and tie,,,,,,,,,,,,,
image_3656.png,a photo of a person dressed as the joker,,,,,,,,,,,,,
image_3657.png,a photo of a man in a suit and tie,,,,,,,,,,,,,
image_3658.png,"a photo of a man in a suit and tie with the capt that reads, when we ' reting",,,,,,,,,,,,,
image_3659.jpg,a photo of a person in a halloween costume,,,,,,,,,,,,,
image_366.jpg,a photo of a person with a hat on,,,,,,,,,,,,,
image_3660.jpeg,a photo of a man talking on the phone,,,,,,,,,,,,,
image_3661.jpg,a photo of a man with a beard and mustache,,,,,,,,,,,,,
image_3662.png,a photo of two people standing in front of a sign that says vision is better than strength,,,,,,,,,,,,,
image_3663.jpg,a photo of an old man sitting at a table,,,,,,,,,,,,,
image_3664.jpg,a photo of two men standing next to each other man,,,,,,,,,,,,,
image_3665.jpg,a photo of a baby with a caption that says you cantfree to blind man,,,,,,,,,,,,,
image_3666.jpg,a photo of a baby holding a stuffed animal,,,,,,,,,,,,,
image_3667.jpg,a photo of a crowd of people at a concert,,,,,,,,,,,,,
image_3668.jpg,a photo of a man holding a baby,,,,,,,,,,,,,
image_3669.jpg,a photo of a baby sitting on a couch,,,,,,,,,,,,,
image_367.jpg,a photo of a person holding a laptop,,,,,,,,,,,,,
image_3670.png,a photo of a baby looking at the camera,,,,,,,,,,,,,
image_3671.jpg,"a photo of a baby sitting on a bed with the capt that reads, what do you have??",,,,,,,,,,,,,
image_3672.jpg,a photo of a baby with the capt that says how i wake up in my bed,,,,,,,,,,,,,
image_3673.jpg,a photo of a baby sitting on the floor,,,,,,,,,,,,,
image_3674.jpg,a photo of a baby being held by a woman,,,,,,,,,,,,,
image_3675.jpg,a photo of a baby in a car seat,,,,,,,,,,,,,
image_3676.jpg,a photo of a baby sitting on the ground,,,,,,,,,,,,,
image_3677.jpg,a photo of a baby with a capt,,,,,,,,,,,,,
image_3678.jpg,"a photo of a baby with the capt that says, you put your what in her what?",,,,,,,,,,,,,
image_3679.png,a photo of a baby looking at the camera,,,,,,,,,,,,,
image_368.jpg,a photo of a person with a hat on,,,,,,,,,,,,,
image_3680.jpg,a photo of a baby wearing a bow tie,,,,,,,,,,,,,
image_3681.jpg,a photo of a baby sitting on the ground,,,,,,,,,,,,,
image_3682.jpg,a photo of a baby sitting on a couch,,,,,,,,,,,,,
image_3683.png,"a photo of a baby in a white shirt with the capt that says, sometimes i ' m",,,,,,,,,,,,,
image_3684.jpg,a photo of a baby with the words when you realize spring break is over,,,,,,,,,,,,,
image_3685.jpg,a photo of a man in a suit and tie,,,,,,,,,,,,,
image_3686.jpg,a photo of a man in a suit and tie,,,,,,,,,,,,,
image_3687.jpeg,a photo of a man in a suit sitting at a desk with a laptop,,,,,,,,,,,,,
image_3688.jpg,a photo of a man drinking from a glass,,,,,,,,,,,,,
image_3689.jpg,a photo of a man in a suit and tie,,,,,,,,,,,,,
image_369.jpg,a photo of a man with a hat on his head,,,,,,,,,,,,,
image_3690.jpg,a photo of a man in a suit sitting at a desk,,,,,,,,,,,,,
image_3691.jpeg,a photo of a man in a suit looking at something,,,,,,,,,,,,,
image_3692.jpg,a photo of a man in a suit and tie,,,,,,,,,,,,,
image_3693.jpeg,a photo of a man in a suit and tie,,,,,,,,,,,,,
image_3694.jpg,a photo of a man in a suit and tie,,,,,,,,,,,,,
image_3695.jpg,"a photo of two men in suits, one is talking to the other man",,,,,,,,,,,,,
image_3696.jpeg,a photo of a man in a suit and tie,,,,,,,,,,,,,
image_3697.jpg,a photo of a man in a suit and tie,,,,,,,,,,,,,
image_3698.jpg,a photo of a man in a suit and tie,,,,,,,,,,,,,
image_3699.jpg,a photo of a man in a suit talking to another man,,,,,,,,,,,,,
image_37.png,"a photo of a man in a suit and tie, with the capt that reads, ` ' not '",,,,,,,,,,,,,
image_370.jpg,a photo of a person with a hat on,,,,,,,,,,,,,
image_3700.jpg,a photo of a man in a suit and tie,,,,,,,,,,,,,
image_3701.jpg,a photo of a man in a suit and tie,,,,,,,,,,,,,
image_3702.jpg,a photo of a man in a suit and tie,,,,,,,,,,,,,
image_3703.jpg,a photo of a man in a suit and tie,,,,,,,,,,,,,
image_3704.jpg,a photo of a man in a suit and tie,,,,,,,,,,,,,
image_3705.jpg,a photo of a man with a cigar in his mouth,,,,,,,,,,,,,
image_3706.jpeg,a photo of a man in a suit and tie,,,,,,,,,,,,,
image_3707.jpg,a photo of a man in a suit and tie,,,,,,,,,,,,,
image_3708.jpeg,a photo of a man in a suit smoking a cigarette,,,,,,,,,,,,,
image_3709.jpg,a photo of a man and woman looking at each other people,,,,,,,,,,,,,
image_371.jpg,a photo of a person sitting at a desk with the words bill on it,,,,,,,,,,,,,
image_3710.jpg,a photo of a man in a suit and tie,,,,,,,,,,,,,
image_3711.jpg,"a photo of a man in an orange robe with the capt that reads, i don ' t know how",,,,,,,,,,,,,
image_3712.jpg,a photo of a man in a suit smoking a cigarette,,,,,,,,,,,,,
image_3713.jpg,a photo of two people in suits and ties,,,,,,,,,,,,,
image_3714.jpg,a photo of a man in a suit sitting at a desk,,,,,,,,,,,,,
image_3715.png,a photo of a quote on a white background,,,,,,,,,,,,,
image_3716.jpg,a photo of a man in a suit and tie,,,,,,,,,,,,,
image_3717.jpg,a photo of a man in a suit and tie,,,,,,,,,,,,,
image_3718.jpeg,a photo of a man in a suit and bow tie,,,,,,,,,,,,,
image_3719.png,a photo of a man in a suit looking out the window,,,,,,,,,,,,,
image_372.jpg,a photo of a person with a hat on,,,,,,,,,,,,,
image_3720.jpg,a photo of spider - man in the middle of a city,,,,,,,,,,,,,
image_3721.jpg,a photo of a spider sitting on a train track,,,,,,,,,,,,,
image_3722.jpg,"a photo of a spider on a brick wall with the capt that reads, ` ` ' i ' m",,,,,,,,,,,,,
image_3723.jpg,a photo of a spider in the kitchen,,,,,,,,,,,,,
image_3724.jpg,"a photo of a spider and a car with the capt that says, ` ' the fucks '",,,,,,,,,,,,,
image_3725.jpg,"a photo of two superheros in the middle of a street with text that reads, when you ' re",,,,,,,,,,,,,
image_3726.jpg,"a photo of a video game controller with the text, when you ' reting from behind the button",,,,,,,,,,,,,
image_3727.jpg,a photo of spider and hulk in the avengers universe,,,,,,,,,,,,,
image_3728.jpg,a photo of a spider with the words oh god it ' s no water,,,,,,,,,,,,,
image_3729.jpeg,a photo of spider and captain america in the avengers movie,,,,,,,,,,,,,
image_373.png,a photo of a woman with a hat on her head,,,,,,,,,,,,,
image_3730.jpg,a photo of a spider riding a bike,,,,,,,,,,,,,
image_3731.jpg,a photo of spider and his friends on the subway,,,,,,,,,,,,,
image_3732.jpg,"a photo of a spider with the capt that reads, when you ' ret your job and remember you",,,,,,,,,,,,,
image_3733.jpg,a photo of a spider sitting on a bed,,,,,,,,,,,,,
image_3734.png,a photo of a spider with the capt that reads fucking rocks why do they taste god?,,,,,,,,,,,,,
image_3735.jpg,a photo of spider from the animated movie,,,,,,,,,,,,,
image_3736.jpeg,"a photo of a spider in a cage with the capt that reads, i don ' t know she said",,,,,,,,,,,,,
image_3737.jpeg,"a photo of a spider sitting on a building with the capt that says, ` i ' ll ' m",,,,,,,,,,,,,
image_3738.jpeg,a photo of a spider with the capt that says i ' mz in style on you,,,,,,,,,,,,,
image_3739.jpg,a photo of a person wearing a spider costume,,,,,,,,,,,,,
image_374.jpg,"a photo of a man with a hat and text that reads, ` this is so smart '",,,,,,,,,,,,,
image_3740.jpeg,a photo of a spider with the capt that says it ' s not even,,,,,,,,,,,,,
image_3741.jpeg,a photo of spider and spiderman with the words yeah that teach me,,,,,,,,,,,,,
image_3742.jpg,a photo of a spider sitting on a bench,,,,,,,,,,,,,
image_3743.jpg,a photo of a spider hugging a man in the desert,,,,,,,,,,,,,
image_3744.jpg,a photo of a man in a blue suit standing on a rock,,,,,,,,,,,,,
image_3745.jpg,a photo of two superheros in front of a building with the capt that says i have it strange,,,,,,,,,,,,,
image_3746.jpeg,a photo of two men standing next to each other man,,,,,,,,,,,,,
image_3747.jpg,"a photo of a spider with the capt that reads, here are your options 1 you ' m superman",,,,,,,,,,,,,
image_3748.jpg,a photo of the amazing spider - man and his wife,,,,,,,,,,,,,
image_3749.jpg,a photo of a spider sitting at a desk with the capt that says everyone is looking at spider mes,,,,,,,,,,,,,
image_375.jpg,a photo of a man with a hat on his head,,,,,,,,,,,,,
image_3750.jpg,a photo of a boat on the water,,,,,,,,,,,,,
image_3751.jpg,a photo of a spider in a classroom with the words i came,,,,,,,,,,,,,
image_3752.jpg,"a photo of a cartoon character with the capt that reads, ` everybody ut this is my tread now",,,,,,,,,,,,,
image_3753.jpg,a photo of a spider flying in the air,,,,,,,,,,,,,
image_3754.jpg,a photo of a spider with the capt on it,,,,,,,,,,,,,
image_3755.png,"a photo of two people in spider suits, one is looking at the camera",,,,,,,,,,,,,
image_3756.jpg,a photo of a cartoon character in a room,,,,,,,,,,,,,
image_3757.jpg,"a photo of a spider with the capt that says, ` i ' m ' t is my gift you",,,,,,,,,,,,,
image_3758.jpg,a photo of a man in a suit and tie,,,,,,,,,,,,,
image_3759.jpg,a photo of a spider sitting at a desk,,,,,,,,,,,,,
image_376.jpg,a photo of a hand holding a credit card,,,,,,,,,,,,,
image_3760.jpg,a photo of a spider holding a piece of paper,,,,,,,,,,,,,
image_3761.jpg,"a photo of a spider in a room with the capt that reads, you may give fuck but ask you",,,,,,,,,,,,,
image_3762.jpg,a photo of a spider and a man in a suit,,,,,,,,,,,,,
image_3763.png,"a photo of a spider in the middle of the screen with the capt that says, i ' mw",,,,,,,,,,,,,
image_3764.png,"a photo of a spider with the capt that says, fight me snatch man i ' ll ' verte",,,,,,,,,,,,,
image_3765.jpg,a photo of a spider in the middle of the frame,,,,,,,,,,,,,
image_3766.jpg,a photo of a spider sitting at a desk,,,,,,,,,,,,,
image_3767.jpg,"a photo of a spider sitting on a bed with the capt that reads, ` i ' m under why",,,,,,,,,,,,,
image_3768.jpg,a photo of a spider in the bathroom,,,,,,,,,,,,,
image_3769.jpeg,"a photo of a spider with the capt that reads, ' here are your tons i lick you ' m",,,,,,,,,,,,,
image_377.jpg,a photo of a person sitting at a desk,,,,,,,,,,,,,
image_3770.jpg,a photo of a cartoon character flying in the sky,,,,,,,,,,,,,
image_3771.jpg,"a photo of a spider with the capt that reads, you ' ret me of the time i am",,,,,,,,,,,,,
image_3772.jpg,a photo of spider and spider - man in the background,,,,,,,,,,,,,
image_3773.png,a photo of spider - man sitting on a couch,,,,,,,,,,,,,
image_3774.jpg,a photo of a spider pointing at the camera,,,,,,,,,,,,,
image_3775.jpg,"a photo of a cartoon character with the capt that reads, ` ` '",,,,,,,,,,,,,
image_3776.jpg,a photo of spider - man and iron man in the avengers universe,,,,,,,,,,,,,
image_3777.jpg,a photo of a man in a spider suit,,,,,,,,,,,,,
image_3778.png,a photo of a spider with the capt that says i am living all day,,,,,,,,,,,,,
image_3779.jpg,"a photo of a cartoon character with the capt that says, ` i ' m batman how are your parents",,,,,,,,,,,,,
image_378.jpg,a photo of a man with a hat on his head,,,,,,,,,,,,,
image_3780.jpg,a photo of a spider with the capt that reads oh i ' m sorry,,,,,,,,,,,,,
image_3781.jpg,a photo of a man in a suit looking at a spider,,,,,,,,,,,,,
image_3782.jpg,a photo of a spider and a man with a gun,,,,,,,,,,,,,
image_3783.jpg,a photo of the amazing spider - man,,,,,,,,,,,,,
image_3784.jpg,"a photo of spider and spider - man with the capt that reads pst, i ' m ' n",,,,,,,,,,,,,
image_3785.jpg,"a photo of two cartoon characters, one with a cat and the other with an image of the same character",,,,,,,,,,,,,
image_3786.png,a photo of spider sitting on a bed,,,,,,,,,,,,,
image_3787.jpg,"a photo of a cartoon character with a capt that reads, let go to the way right no regret is",,,,,,,,,,,,,
image_3788.jpg,"a photo of a cartoon character with the capt that reads, when you ' reting your name, you",,,,,,,,,,,,,
image_3789.jpg,a photo of a spider in a room with a ladder,,,,,,,,,,,,,
image_379.jpg,a photo of a person sitting at a desk,,,,,,,,,,,,,
image_3790.jpg,"a photo of a spider in the background with text that reads, i ' ll ' m rap crap i",,,,,,,,,,,,,
image_3791.jpg,"a photo of a cartoon character with the capt that reads hey batman, how do you want to be?",,,,,,,,,,,,,
image_3792.jpg,a photo of the characters in star wars,,,,,,,,,,,,,
image_3793.jpg,"a photo of a man in a spider suit with the capt that reads, ` i can ' t make",,,,,,,,,,,,,
image_3794.jpg,a photo of a man and woman talking to each other people,,,,,,,,,,,,,
image_3795.jpeg,a photo of a spider with the capt that reads oh no i forgot my lo,,,,,,,,,,,,,
image_3796.png,"a photo of a spider with the capt that reads, spider memes are relevant",,,,,,,,,,,,,
image_3797.jpg,a photo of a cartoon character with the capt that says qut i ' m t ewh aka,,,,,,,,,,,,,
image_3798.jpg,a photo of a man in a room with a spider on the wall,,,,,,,,,,,,,
image_3799.png,"a photo of a man playing cards with the capt that reads, when you ' re to get a job",,,,,,,,,,,,,
image_38.jpg,a photo of a man in a suit and a woman dressed as spider,,,,,,,,,,,,,
image_380.jpg,a photo of a man with a hat on his head,,,,,,,,,,,,,
image_3800.jpg,a photo of a spider hanging on a ceiling fan,,,,,,,,,,,,,
image_3801.jpg,a photo of a spider and a man in a suit,,,,,,,,,,,,,
image_3802.jpg,a photo of a spider and a woman in front of an ambulance,,,,,,,,,,,,,
image_3803.jpg,a photo of an image of a spider,,,,,,,,,,,,,
image_3804.png,"a photo of a dead spider with the capt that reads, when you ' reting to someone who you",,,,,,,,,,,,,
image_3805.jpg,"a photo of a spider with the capt that reads, ' when your black friend calls you '",,,,,,,,,,,,,
image_3806.jpg,a photo of person and spider in the same picture,,,,,,,,,,,,,
image_3807.jpg,a photo of a football player with his head in his hands,,,,,,,,,,,,,
image_3808.jpg,a photo of a man in a purple suit and top hat,,,,,,,,,,,,,
image_3809.jpg,a photo of person wearing a patriots hat,,,,,,,,,,,,,
image_381.jpeg,"a photo of a man with a hat on his head and text that reads, this is jesus",,,,,,,,,,,,,
image_3810.jpg,"a photo of two basketball players, one holding a basketball ball and the other standing in front of them",,,,,,,,,,,,,
image_3811.jpg,a photo of a basketball player talking to a referee,,,,,,,,,,,,,
image_3812.jpeg,a photo of two girls in front of a crowd,,,,,,,,,,,,,
image_3813.jpg,a photo of a soccer ball in the grass,,,,,,,,,,,,,
image_3814.jpg,a photo of a man running in a marathon,,,,,,,,,,,,,
image_3815.jpg,a photo of a basketball player with the words hold up when game?,,,,,,,,,,,,,
image_3816.jpg,a photo of a football player jumping in the air,,,,,,,,,,,,,
image_3817.jpg,a photo of a man with his head in his hands,,,,,,,,,,,,,
image_3818.png,a photo of a football player with the capt that says what do chicago bears have to do?,,,,,,,,,,,,,
image_3819.jpg,a photo of green bay packers ' s memes,,,,,,,,,,,,,
image_382.png,a photo of a person with a hat on,,,,,,,,,,,,,
image_3820.jpg,a photo of two football players talking to each other players,,,,,,,,,,,,,
image_3821.jpg,a photo of a man in a suit and tie,,,,,,,,,,,,,
image_3822.jpg,a photo of two football players talking to each other players,,,,,,,,,,,,,
image_3823.jpg,"a photo of a woman on a track with the words, when you ' reted drive",,,,,,,,,,,,,
image_3824.jpg,a photo of two men talking on the field,,,,,,,,,,,,,
image_3825.jpg,a photo of a basketball player trying to block the ball,,,,,,,,,,,,,
image_3826.jpg,a photo of a man in a car with a leopard on it,,,,,,,,,,,,,
image_3827.jpg,a photo of a woman with a soccer ball in her hand,,,,,,,,,,,,,
image_3828.jpg,a photo of a man in a suit and tie sitting on a car,,,,,,,,,,,,,
image_3829.jpg,a photo of a basketball player on the court,,,,,,,,,,,,,
image_383.jpg,a photo of a sign with a cartoon figure in it,,,,,,,,,,,,,
image_3830.jpg,a photo of a man with a smile on his face,,,,,,,,,,,,,
image_3831.jpg,a photo of a man wearing a hoodie,,,,,,,,,,,,,
image_3832.jpg,a photo of a tennis player about to hit the ball,,,,,,,,,,,,,
image_3833.jpg,a photo of a soccer player with his arms outstretched in the air,,,,,,,,,,,,,
image_3834.jpg,a photo of two nfl players standing on the field,,,,,,,,,,,,,
image_3835.jpg,a photo of two football players on the field,,,,,,,,,,,,,
image_3836.jpg,a photo of a football team on the field,,,,,,,,,,,,,
image_3837.jpg,a photo of a man wearing a patriots uniform,,,,,,,,,,,,,
image_3838.jpg,a photo of two soccer players with the capt that reads and then said he ' s better than me,,,,,,,,,,,,,
image_3839.png,a photo of the atlanta football team,,,,,,,,,,,,,
image_384.jpg,a photo of a person sitting at a desk,,,,,,,,,,,,,
image_3840.jpg,a photo of a basketball player with his head in his hands,,,,,,,,,,,,,
image_3841.jpg,a photo of a football player sitting on the ground,,,,,,,,,,,,,
image_3842.jpg,a photo of a football player running with the ball,,,,,,,,,,,,,
image_3843.jpg,a photo of two basketball players with their hands in the air,,,,,,,,,,,,,
image_3844.jpg,"a photo of a man in a red hat with the capt that reads, ` ' so you ' re",,,,,,,,,,,,,
image_3845.jpg,a photo of a man in a red suit sitting at a table,,,,,,,,,,,,,
image_3846.jpg,a photo of a man holding a baby,,,,,,,,,,,,,
image_3847.jpg,a photo of two basketball players on the court,,,,,,,,,,,,,
image_3848.png,"a photo of jesus with his arms spread out and the words that says, ' we don ' t know",,,,,,,,,,,,,
image_3849.jpeg,a photo of a man in a suit pointing at the camera,,,,,,,,,,,,,
image_385.jpg,a photo of a man with a quote on it,,,,,,,,,,,,,
image_3850.jpg,a photo of a football player laying on the ground,,,,,,,,,,,,,
image_3851.jpg,a photo of a football player with the words 15 funest sports mes of 2012,,,,,,,,,,,,,
image_3852.jpg,a photo of a man with a beard and a basketball player in the background,,,,,,,,,,,,,
image_3853.jpg,a photo of a baby in a tuxed suit,,,,,,,,,,,,,
image_3854.png,a photo of the face of a man with a mustache,,,,,,,,,,,,,
image_3855.png,a photo of a man in a suit and tie with the words what happens when russell westbrook is your,,,,,,,,,,,,,
image_3856.png,"a photo of a basketball player with the capt that reads, hey girl, are my mes??",,,,,,,,,,,,,
image_3857.jpg,a photo of a teddy bear wearing a basketball uniform,,,,,,,,,,,,,
image_3858.png,a photo of a man sitting in a chair with a bowl of popcorn,,,,,,,,,,,,,
image_3859.jpg,a photo of a hockey player drinking water from a bottle,,,,,,,,,,,,,
image_386.jpg,a photo of a person with a hat on,,,,,,,,,,,,,
image_3860.png,a photo of an old man with a beard and glasses,,,,,,,,,,,,,
image_3861.jpg,a photo of a football player talking on the phone,,,,,,,,,,,,,
image_3862.jpg,a photo of a man holding a baseball bat,,,,,,,,,,,,,
image_3863.jpg,a photo of a hockey player with the words i love hockey except for the amazing moments when it ' s,,,,,,,,,,,,,
image_3864.png,"a photo of a man in a black hoodie, with the capt that reads make a meme never",,,,,,,,,,,,,
image_3865.jpg,a photo of a man with tattoos on his arms,,,,,,,,,,,,,
image_3866.png,"a photo of a football player with the capt that reads, what do you get for christmas? thanks to",,,,,,,,,,,,,
image_3867.jpg,"a photo of two basketball players, one is smiling and the other is looking at him",,,,,,,,,,,,,
image_3868.png,a photo of two baseball players on a field,,,,,,,,,,,,,
image_3869.jpg,a photo of a shirtless man playing tennis,,,,,,,,,,,,,
image_387.png,a photo of a person with a hat on their head,,,,,,,,,,,,,
image_3870.jpg,a photo of a man in a blue shirt talking to someone,,,,,,,,,,,,,
image_3871.png,a photo of a football player on the field,,,,,,,,,,,,,
image_3872.png,a photo of a man with glasses in an office,,,,,,,,,,,,,
image_3873.jpg,a photo of two hockey players on the ice,,,,,,,,,,,,,
image_3874.jpg,a photo of a baseball stadium at night,,,,,,,,,,,,,
image_3875.jpg,a photo of a man in a green and white uniform,,,,,,,,,,,,,
image_3876.jpg,"a photo of a woman holding a bunch of flowers with the capt that reads, i don ' t",,,,,,,,,,,,,
image_3877.png,a photo of a man in a suit and tie,,,,,,,,,,,,,
image_3878.jpg,a photo of two baseball players on the field,,,,,,,,,,,,,
image_3879.jpg,a photo of two men playing soccer on the field,,,,,,,,,,,,,
image_388.jpg,a photo of a person with a hat on,,,,,,,,,,,,,
image_3880.jpg,a photo of a soccer player getting his hair done,,,,,,,,,,,,,
image_3881.jpg,a photo of a man with tattoos on his arms,,,,,,,,,,,,,
image_3882.png,"a photo of a basketball player with the capt that says, i ' d them have some who??",,,,,,,,,,,,,
image_3883.bmp,a photo of the olympic team with their medals,,,,,,,,,,,,,
image_3884.jpg,a photo of a man in a suit and tie,,,,,,,,,,,,,
image_3885.jpg,a photo of a football player throwing the ball,,,,,,,,,,,,,
image_3886.jpg,a photo of a man with glasses and a quote on it,,,,,,,,,,,,,
image_3887.jpg,a photo of an older man pointing at the camera,,,,,,,,,,,,,
image_3888.jpg,a photo of a man pointing his finger at the camera,,,,,,,,,,,,,
image_3889.jpg,"a photo of an older man in a black sweater and glasses, with the capt that reads ' perfectly healthy",,,,,,,,,,,,,
image_389.jpg,a photo of a person holding a computer,,,,,,,,,,,,,
image_3890.png,a photo of a man pointing his finger at the camera,,,,,,,,,,,,,
image_3891.jpg,a photo of a man smiling and wearing a black shirt,,,,,,,,,,,,,
image_3892.jpg,a photo of a man in a white shirt talking to another man,,,,,,,,,,,,,
image_3893.jpg,a photo of an older man with his hands in the air,,,,,,,,,,,,,
image_3894.jpg,a photo of an older man wearing glasses,,,,,,,,,,,,,
image_3895.jpg,"a photo of a blue background with the quote innovation is not about sayings, but it ' s about",,,,,,,,,,,,,
image_3896.jpg,a photo of a man holding an iphone,,,,,,,,,,,,,
image_3897.png,a photo of an old man with glasses and a beard,,,,,,,,,,,,,
image_3898.jpg,"a photo of person pointing at the camera with text that reads, you ' re your old and everything you",,,,,,,,,,,,,
image_3899.jpg,a photo of a comic book page with an image of two people in the background,,,,,,,,,,,,,
image_39.png,a photo of captain marvel and a picture of the avengers,,,,,,,,,,,,,
image_390.png,a photo of a man in a baseball cap laughing,,,,,,,,,,,,,
image_3900.png,a photo of a t - rex with the capt that reads can steve do robot?,,,,,,,,,,,,,
image_3901.jpg,a photo of a man holding up an iphone,,,,,,,,,,,,,
image_3902.jpg,a photo of a man holding an iphone,,,,,,,,,,,,,
image_3903.jpg,a photo of a man with glasses and a quote on it,,,,,,,,,,,,,
image_3904.jpg,"a photo of two men, one with glasses and the other with a mustache",,,,,,,,,,,,,
image_3905.jpg,a photo of a man in a black shirt and glasses with his hands out,,,,,,,,,,,,,
image_3906.jpg,a photo of a man wearing glasses and pointing at the camera,,,,,,,,,,,,,
image_3907.png,a photo of a man in a suit and tie with the words have an army we have steve,,,,,,,,,,,,,
image_3908.png,a photo of steve jobs in black and white,,,,,,,,,,,,,
image_3909.jpg,a photo of a person standing near a waterfall,,,,,,,,,,,,,
image_391.jpg,a photo of a man holding a knife in his hand,,,,,,,,,,,,,
image_3910.png,"a photo of a man in a suit and glasses, with the capt that reads legend ' s waking time",,,,,,,,,,,,,
image_3911.png,a photo of a man with glasses and a quote on it,,,,,,,,,,,,,
image_3912.jpg,"a photo of a man in a suit and tie, with the capt that reads ` i ' m not",,,,,,,,,,,,,
image_3913.png,a photo of a man with glasses and a quote on it,,,,,,,,,,,,,
image_3914.jpg,a photo of a frog with the capt that says it ' s all over me,,,,,,,,,,,,,
image_3915.png,a photo of a man with glasses that says what i told you success doesn,,,,,,,,,,,,,
image_3916.jpg,a photo of an old man with glasses and the words good ridnce,,,,,,,,,,,,,
image_3917.jpg,a photo of an old man with glasses on his face,,,,,,,,,,,,,
image_3918.jpg,a photo of a man in a suit sitting at a table,,,,,,,,,,,,,
image_3919.png,a photo of a man standing in front of an orange and yellow background,,,,,,,,,,,,,
image_392.jpg,a photo of a person with a hat on,,,,,,,,,,,,,
image_3920.png,a photo of an apple laptop on the floor,,,,,,,,,,,,,
image_3921.jpg,a photo of a man in a suit and tie,,,,,,,,,,,,,
image_3922.jpg,a photo of person holding up an iphone,,,,,,,,,,,,,
image_3923.png,a photo of a man in a suit holding an apple,,,,,,,,,,,,,
image_3924.png,"a photo of a man in a black shirt with the words, ' my job is not easy to make",,,,,,,,,,,,,
image_3925.jpg,a photo of a man with glasses and a quote,,,,,,,,,,,,,
image_3926.jpg,a photo of a man with a beard and glasses,,,,,,,,,,,,,
image_3927.jpg,a photo of a man wearing a hat and glasses,,,,,,,,,,,,,
image_3928.png,a photo of a man in a black shirt and glasses with the words share you are,,,,,,,,,,,,,
image_3929.png,a photo of a man sitting at a table with a laptop,,,,,,,,,,,,,
image_393.jpg,a photo of one does privacy check,,,,,,,,,,,,,
image_3930.png,"a photo of steve jobs with the capt that reads, ' this is the story of a syrian immigrant steve",,,,,,,,,,,,,
image_3931.jpg,a photo of a man pointing at the camera,,,,,,,,,,,,,
image_3932.jpg,a photo of a man holding an ipad,,,,,,,,,,,,,
image_3933.jpg,"a photo of a man sitting at a desk with the capt that says, i ' m working overtime is",,,,,,,,,,,,,
image_3934.png,a photo of two men standing next to each other people,,,,,,,,,,,,,
image_3935.jpg,a photo of a baby in a baseball cap,,,,,,,,,,,,,
image_3936.jpg,a photo of a baby in a green shirt,,,,,,,,,,,,,
image_3937.jpeg,a photo of a young boy sitting on the floor with his hands on his knees,,,,,,,,,,,,,
image_3938.png,a photo of a baby on the beach with the words success,,,,,,,,,,,,,
image_3939.jpeg,a photo of a baby in a green shirt,,,,,,,,,,,,,
image_394.png,a photo of two people holding hands with the text ` this bill has girlfriend ',,,,,,,,,,,,,
image_3940.png,a photo of a baby with the words you heard me make a sandwich,,,,,,,,,,,,,
image_3941.jpeg,a photo of a baby wearing a hat and holding a cell,,,,,,,,,,,,,
image_3942.jpg,a photo of a baby in a tuxed suit,,,,,,,,,,,,,
image_3943.jpg,a photo of a baby in a green shirt,,,,,,,,,,,,,
image_3944.jpg,"a photo of a baby in a green shirt and white shirt, with the capt that says ` ' stay",,,,,,,,,,,,,
image_3945.jpg,"a photo of a baby with the capt that says hey hey, i can wipe my own",,,,,,,,,,,,,
image_3946.jpg,a photo of a man in a suit and tie,,,,,,,,,,,,,
image_3947.jpg,"a photo of a baby sitting in front of the camera with the capt that says, ` ' one to",,,,,,,,,,,,,
image_3948.png,a photo of a guy with the capt that reads accidentally posts on facebook has no friends,,,,,,,,,,,,,
image_3949.jpg,"a photo of a baby in a green shirt, with the capt that reads take walk in the woods",,,,,,,,,,,,,
image_395.png,"a photo of a man and woman holding hands, with the capt that reads this is bi",,,,,,,,,,,,,
image_3950.jpg,a photo of a baby with the capt that reads had stupid opinions as teenager facebook and twitter,,,,,,,,,,,,,
image_3951.png,a photo of a group of children dancing together,,,,,,,,,,,,,
image_3952.jpg,a photo of a baby in a green shirt,,,,,,,,,,,,,
image_3953.jpg,"a photo of a boy in a green shirt with the capt that says, ` i ' lly got",,,,,,,,,,,,,
image_3954.jpg,a photo of a baby in a green shirt,,,,,,,,,,,,,
image_3955.png,a photo of a baby in the avengers universe,,,,,,,,,,,,,
image_3956.jpg,a photo of a baby with the capt that says we got dental surgery,,,,,,,,,,,,,
image_3957.jpeg,a photo of a baby in a green shirt with the words go mcdonalds get happy meal,,,,,,,,,,,,,
image_3958.jpg,"a photo of a baby in a green shirt and white shirt with the words, ' eat on all morning",,,,,,,,,,,,,
image_3959.jpg,"a photo of a baby in a green shirt with the capt that reads, ' fat in an enclosed area",,,,,,,,,,,,,
image_396.jpg,a photo of a man with glasses and a smile on his face,,,,,,,,,,,,,
image_3960.jpeg,a photo of a baby in a green shirt,,,,,,,,,,,,,
image_3961.jpg,a photo of a baby with the capt that says mom walks without watching internet,,,,,,,,,,,,,
image_3962.jpg,"a photo of a baby with the capt that reads, what ' s your name? remember? yeah?",,,,,,,,,,,,,
image_3963.jpg,a photo of a baby in a green shirt,,,,,,,,,,,,,
image_3964.jpg,a photo of a baby in black and white,,,,,,,,,,,,,
image_3965.jpg,a photo of a baby with the words be strong math teacher will get next week,,,,,,,,,,,,,
image_3966.jpg,a photo of a woman with the words what do you mean?,,,,,,,,,,,,,
image_3967.jpg,a photo of an old man using a laptop,,,,,,,,,,,,,
image_3968.jpg,a photo of a man sitting in the woods,,,,,,,,,,,,,
image_3969.jpeg,a photo of a duck looking up at the camera,,,,,,,,,,,,,
image_397.jpg,a photo of a man in a suit and tie,,,,,,,,,,,,,
image_3970.png,a photo of kim jong sitting at a desk with a card in his hand,,,,,,,,,,,,,
image_3971.jpg,a photo of a man holding a telephone,,,,,,,,,,,,,
image_3972.jpg,a photo of an old man wearing a hat,,,,,,,,,,,,,
image_3973.jpg,a photo of three people standing next to each other people,,,,,,,,,,,,,
image_3974.jpg,a photo of a cat sitting on a coffee machine,,,,,,,,,,,,,
image_3975.png,a photo of a man standing in front of his hut,,,,,,,,,,,,,
image_3976.jpg,a photo of a man with a beard and an orange shirt,,,,,,,,,,,,,
image_3977.jpg,a photo of a cat sitting on a person ' s lap holding a tablet,,,,,,,,,,,,,
image_3978.jpeg,a photo of an apple device on a table,,,,,,,,,,,,,
image_3979.jpg,a photo of a man in a red shirt pointing at the camera,,,,,,,,,,,,,
image_398.png,a photo of a man with a hat on his head,,,,,,,,,,,,,
image_3980.jpg,a photo of a man in a suit and tie,,,,,,,,,,,,,
image_3981.jpg,a photo of a man sitting on a pile of boxes,,,,,,,,,,,,,
image_3982.jpg,a photo of an old woman looking at a laptop,,,,,,,,,,,,,
image_3983.jpeg,a photo of an office space with a man in the middle,,,,,,,,,,,,,
image_3984.jpg,a photo of a cat being held up by a person,,,,,,,,,,,,,
image_3985.jpeg,a photo of a man sitting at a desk with his head in his hands,,,,,,,,,,,,,
image_3986.jpg,a photo of north koreans and one you dial up the internet we will destroy america,,,,,,,,,,,,,
image_3987.jpg,a photo of an old lady sitting at her computer,,,,,,,,,,,,,
image_3988.png,a photo of a woman looking at her phone,,,,,,,,,,,,,
image_3989.jpg,a photo of a man with a long beard and a hat,,,,,,,,,,,,,
image_399.jpg,a photo of one does not simply pays on time,,,,,,,,,,,,,
image_3990.jpg,a photo of a person sitting at a desk,,,,,,,,,,,,,
image_3991.jpg,a photo of a dog sitting at a computer,,,,,,,,,,,,,
image_3992.jpg,a photo of a toy story with the words just imagine world with information technology problems,,,,,,,,,,,,,
image_3993.jpg,a photo of a spiral vortex with the words artificial intelligence,,,,,,,,,,,,,
image_3994.jpg,a photo of a man with glasses and a mustache that says yes i love technology,,,,,,,,,,,,,
image_3995.jpg,a photo of a man in a suit and tie,,,,,,,,,,,,,
image_3996.jpg,a photo of a man in a suit talking to another man,,,,,,,,,,,,,
image_3997.jpg,a photo of an old man in a suit and hat,,,,,,,,,,,,,
image_3998.jpg,a photo of two people talking to each other person,,,,,,,,,,,,,
image_3999.jpg,a photo of some people that are in the same picture,,,,,,,,,,,,,
image_4.png,a photo of a woman with a bird on her head,,,,,,,,,,,,,
image_40.jpg,"a photo of a man in armor with the capt that reads, when you just have to watch",,,,,,,,,,,,,
image_400.png,a photo of a man and woman holding hands with the words bill has girlfriend,,,,,,,,,,,,,
image_4000.png,a photo of an old woman sitting at her desk,,,,,,,,,,,,,
image_4001.jpg,a photo of a cat in a microwave oven,,,,,,,,,,,,,
image_4002.png,a photo of a man sitting at a table with a card in his hand,,,,,,,,,,,,,
image_4003.jpg,a photo of a woman speaking into a microphone,,,,,,,,,,,,,
image_4004.png,a photo of a dog wearing a green shirt,,,,,,,,,,,,,
image_4005.png,"a photo of a cartoon character with the capt that reads, ` ` ' person ' s technology i just",,,,,,,,,,,,,
image_4006.png,a photo of a man with long hair and beards,,,,,,,,,,,,,
image_4007.jpg,a photo of a person in a hospital bed with blood on the floor,,,,,,,,,,,,,
image_4008.jpg,a photo of an office with a computer on the desk,,,,,,,,,,,,,
image_4009.jpg,"a photo of a man in scrubs with the capt that reads, ` ` ' when you ' re",,,,,,,,,,,,,
image_401.jpg,a photo of a hand holding a cell,,,,,,,,,,,,,
image_4010.jpg,a photo of a man with a book in his hand,,,,,,,,,,,,,
image_4011.jpg,"a photo of a cartoon character with the capt that reads when you finish another squad, not time to revive",,,,,,,,,,,,,
image_4012.jpg,a photo of an old man with white hair and beards,,,,,,,,,,,,,
image_4013.jpg,a photo of a woman with her mouth open,,,,,,,,,,,,,
image_4014.jpg,a photo of a person holding a cat,,,,,,,,,,,,,
image_4015.png,a photo of a man sitting at a desk with a computer,,,,,,,,,,,,,
image_4016.jpg,a photo of a man with glasses and a quote on it,,,,,,,,,,,,,
image_4017.jpg,a photo of a man talking on a cell phone,,,,,,,,,,,,,
image_4018.jpg,a photo of a kitten laying on a laptop,,,,,,,,,,,,,
image_4019.jpg,a photo of an office space with a man wearing suspends,,,,,,,,,,,,,
image_402.jpg,a photo of a man wearing a hat and holding a guitar,,,,,,,,,,,,,
image_4020.jpg,a photo of a cartoon character reading a book,,,,,,,,,,,,,
image_4021.png,a photo of a man sitting at a computer,,,,,,,,,,,,,
image_4022.jpg,"a photo of a man in an office with the capt that reads, ` i ' m working on false",,,,,,,,,,,,,
image_4023.png,a photo of a duck in the water,,,,,,,,,,,,,
image_4024.jpg,a photo of a guy that is looking at the camera,,,,,,,,,,,,,
image_4025.png,a photo of a man in a shirt and tie,,,,,,,,,,,,,
image_4026.jpg,a photo of a man sitting in front of an old computer,,,,,,,,,,,,,
image_4027.jpg,a photo of one does not simply leave at 9pm,,,,,,,,,,,,,
image_4028.jpg,a photo of a man with glasses and the words what i told you it ' s ok for students,,,,,,,,,,,,,
image_4029.jpeg,a photo of the inside of a server room,,,,,,,,,,,,,
image_403.jpg,a photo of a woman with curly hair,,,,,,,,,,,,,
image_4030.jpeg,a photo of a man sitting at a computer,,,,,,,,,,,,,
image_4031.jpg,a photo of an older woman sitting in a car,,,,,,,,,,,,,
image_4032.jpg,a photo of a man wearing a gold shirt and holding a bit coin,,,,,,,,,,,,,
image_4033.png,a photo of a blue and yellow fish with the words do you keep up with technology? just keep swimming,,,,,,,,,,,,,
image_4034.jpg,a photo of a man with a thought bubble above his head,,,,,,,,,,,,,
image_4035.jpg,a photo of a man in a suit holding a wine glass,,,,,,,,,,,,,
image_4036.jpg,"a photo of person with text that reads, ` ` me every time wake up '",,,,,,,,,,,,,
image_4037.jpg,a photo of a cartoon character looking out the window at sunset,,,,,,,,,,,,,
image_4038.jpg,a photo of a woman with a cat on her lap,,,,,,,,,,,,,
image_4039.jpg,a photo of two children playing with a television,,,,,,,,,,,,,
image_404.jpg,"a photo of a man with sunglasses on his head and the capt that reads, ' this is kanye '",,,,,,,,,,,,,
image_4040.jpg,a photo of a man with a mustache pointing at the camera,,,,,,,,,,,,,
image_4041.jpg,"a photo of a cartoon character with text that reads, ` ' my dad has multiple tube tubes and doesn",,,,,,,,,,,,,
image_4042.jpg,a photo of a man sitting at a desk with a computer in front of him,,,,,,,,,,,,,
image_4043.jpg,a photo of two kittens sleeping in a green chair,,,,,,,,,,,,,
image_4044.jpg,a photo of jesus typing on a computer,,,,,,,,,,,,,
image_4045.jpg,a photo of a man in a white shirt and tie,,,,,,,,,,,,,
image_4046.jpg,a photo of a man sitting at a desk with a computer,,,,,,,,,,,,,
image_4047.jpg,a photo of two men talking to each other man,,,,,,,,,,,,,
image_4048.jpg,a photo of a woman in a police uniform,,,,,,,,,,,,,
image_4049.png,a photo of a young boy in a suit and tie,,,,,,,,,,,,,
image_405.jpg,a photo of a person with money in the background,,,,,,,,,,,,,
image_4050.png,a photo of a man with a camera on his head,,,,,,,,,,,,,
image_4051.jpg,a photo of a bathroom sink with the capt that says it ' s amazing,,,,,,,,,,,,,
image_4052.png,"a photo of a baby in a green shirt with the capt that says, that feeling you get when you",,,,,,,,,,,,,
image_4053.jpg,a photo of sponge and patrick with the capt that reads do work nope it ' s broken on break,,,,,,,,,,,,,
image_4054.png,a photo of people working in an office,,,,,,,,,,,,,
image_4055.jpg,a photo of an older couple looking at their cell,,,,,,,,,,,,,
image_4056.jpg,a photo of a fox sticking its tongue out,,,,,,,,,,,,,
image_4057.jpg,a photo of a man in a diving suit,,,,,,,,,,,,,
image_4058.jpg,a photo of a woman sitting in front of an old machine,,,,,,,,,,,,,
image_4059.jpg,a photo of a man in a blue shirt,,,,,,,,,,,,,
image_406.jpg,a photo of a stick figure holding a sign that reads ` ` ' this is illegal ' ',,,,,,,,,,,,,
image_4060.jpg,a photo of a woman sitting at a desk,,,,,,,,,,,,,
image_4061.jpeg,a photo of a fat man talking on the phone,,,,,,,,,,,,,
image_4062.png,a photo of kids sitting on a couch in the rain,,,,,,,,,,,,,
image_4063.png,a photo of a gorilla and a robot,,,,,,,,,,,,,
image_4064.jpg,a photo of a woman wearing a headset with the words technical support we ' lly know everything,,,,,,,,,,,,,
image_4065.jpg,a photo of an older man using a laptop,,,,,,,,,,,,,
image_4066.png,a photo of a man in a white shirt and tie,,,,,,,,,,,,,
image_4067.jpg,"a photo of a woman with the capt that reads, my grandma ' s 7 and she had her friend",,,,,,,,,,,,,
image_4068.jpg,"a photo of a man and woman with text that says, the remote doesn work what have you done?",,,,,,,,,,,,,
image_4069.jpg,a photo of an old lady sitting at her desk,,,,,,,,,,,,,
image_407.jpg,a photo of a man in a cave with the words love the skin you ' re,,,,,,,,,,,,,
image_4070.png,a photo of a cartoon character holding a cup,,,,,,,,,,,,,
image_4071.jpg,a photo of a man with headphones and a laptop,,,,,,,,,,,,,
image_4072.jpg,a photo of a man in a red shirt pointing his finger at the camera,,,,,,,,,,,,,
image_4073.jpg,a photo of a young boy with the caption what ' s a front page,,,,,,,,,,,,,
image_4074.jpg,a photo of a bear that says i only vote the world mes because he ' s hot,,,,,,,,,,,,,
image_4075.jpg,a photo of a boy with a bear face,,,,,,,,,,,,,
image_4076.jpg,a photo of a baby with the capt that says you get food everyday,,,,,,,,,,,,,
image_4077.jpg,a photo of a woman and a child,,,,,,,,,,,,,
image_4078.jpg,a photo of a man in a fur coat holding a microphone,,,,,,,,,,,,,
image_4079.jpg,a photo of a woman talking to a child,,,,,,,,,,,,,
image_408.jpg,a photo of a man in a white shirt,,,,,,,,,,,,,
image_4080.jpg,a photo of a crowd of people at a concert,,,,,,,,,,,,,
image_4081.jpg,a photo of a baby drinking from a beer glass,,,,,,,,,,,,,
image_4082.jpg,a photo of a woman and a child,,,,,,,,,,,,,
image_4083.jpg,"a photo of two young boys dancing in the dirt with text that reads, ` welcome to the village they",,,,,,,,,,,,,
image_4084.jpg,a photo of some kids playing with guns,,,,,,,,,,,,,
image_4085.png,a photo of a girl with long hair and glasses,,,,,,,,,,,,,
image_4086.jpg,a photo of a woman talking to a child,,,,,,,,,,,,,
image_4087.jpg,a photo of a woman talking to a child,,,,,,,,,,,,,
image_4088.jpg,a photo of a woman talking to a child,,,,,,,,,,,,,
image_4089.jpg,a photo of a group of children playing in the dirt,,,,,,,,,,,,,
image_409.jpg,a photo of a man and woman holding hands,,,,,,,,,,,,,
image_4090.png,a photo of a young boy with a smile on his face,,,,,,,,,,,,,
image_4091.png,"a photo of a mememe with the capt that reads, that feeling when you want to take your",,,,,,,,,,,,,
image_4092.jpg,a photo of a woman talking to a child,,,,,,,,,,,,,
image_4093.jpg,a photo of a man in a suit and tie,,,,,,,,,,,,,
image_4094.png,"a photo of a man in a suit and tie with the capt that says, you know what they are",,,,,,,,,,,,,
image_4095.png,a photo of a woman and child with the capt that says you ' reting me you by water because,,,,,,,,,,,,,
image_4096.jpg,a photo of a woman talking to a child,,,,,,,,,,,,,
image_4097.jpg,a photo of some people in the water,,,,,,,,,,,,,
image_4098.jpg,a photo of an older man with a hat and mustache,,,,,,,,,,,,,
image_4099.jpg,a photo of a woman laughing and holding a wine glass,,,,,,,,,,,,,
image_41.PNG,a photo of a woman in a white shirt and black pants,,,,,,,,,,,,,
image_410.png,"a photo of a green background with text that says, why i ' m ' s never go on sale",,,,,,,,,,,,,
image_4100.jpg,"a photo of a man and a woman with the capt that says, still better love for two things",,,,,,,,,,,,,
image_4101.jpg,a photo of a woman walking down a hallway,,,,,,,,,,,,,
image_4102.jpg,a photo of a group of people sitting on a bench,,,,,,,,,,,,,
image_4103.jpg,a photo of a group of people playing violin,,,,,,,,,,,,,
image_4104.jpeg,"a photo of a man kissing a woman with the capt that reads, ' titanic and gett '",,,,,,,,,,,,,
image_4105.jpeg,a photo of two people hugging each other people,,,,,,,,,,,,,
image_4106.jpg,a photo of a mermaid swimming in the ocean,,,,,,,,,,,,,
image_4107.jpg,a photo of a ship in the ocean,,,,,,,,,,,,,
image_4108.jpg,a photo of a large ship in the ocean,,,,,,,,,,,,,
image_4109.jpg,"a photo of two people in a boat with the capt that reads, i ' m sorry, there '",,,,,,,,,,,,,
image_411.jpeg,a photo of a black and white text on a white background,,,,,,,,,,,,,
image_4110.jpeg,a photo of a person in a costume,,,,,,,,,,,,,
image_4111.jpg,a photo of a man riding a bike in the ocean,,,,,,,,,,,,,
image_4112.jpg,a photo of a man wearing glasses with the words you have never sent??,,,,,,,,,,,,,
image_4113.jpg,a photo of an old woman holding a stick in her hand,,,,,,,,,,,,,
image_4114.jpg,a photo of a man with a smile on his face,,,,,,,,,,,,,
image_4115.jpg,"a photo of two people in the water, one is kissing and the other is hugging",,,,,,,,,,,,,
image_4116.jpg,a photo of a tank in the ocean,,,,,,,,,,,,,
image_4117.jpg,a photo of a boat in the ocean,,,,,,,,,,,,,
image_4118.jpg,a photo of a man standing in the water next to a ship,,,,,,,,,,,,,
image_4119.jpg,a photo of a ship in the ocean,,,,,,,,,,,,,
image_412.jpg,a photo of two men standing in front of a podium,,,,,,,,,,,,,
image_4120.jpg,a photo of a ship sinking in the ocean,,,,,,,,,,,,,
image_4121.jpg,a photo of a woman in a black dress,,,,,,,,,,,,,
image_4122.jpg,"a photo of the face of a man in black and white text that reads, on the titanic jack is",,,,,,,,,,,,,
image_4123.jpg,a photo of a man with tattoos on his chest,,,,,,,,,,,,,
image_4124.jpg,a photo of a man playing a violin,,,,,,,,,,,,,
image_4125.jpg,a photo of a person riding a bike,,,,,,,,,,,,,
image_4126.jpg,a photo of a ship in the ocean,,,,,,,,,,,,,
image_4127.jpeg,a photo of an old ship in the ocean,,,,,,,,,,,,,
image_4128.jpg,a photo of an iceberg and a picture of a ship in the ocean,,,,,,,,,,,,,
image_4129.jpg,a photo of a woman in a dress with her mouth open,,,,,,,,,,,,,
image_413.jpg,a photo of a man in a sweater with the capt that says i told the black culture was lame,,,,,,,,,,,,,
image_4130.jpg,a photo of a young boy with the capt that says survive,,,,,,,,,,,,,
image_4131.png,a photo of an older woman with the words breaking news old from titanic says she ' s longer republican,,,,,,,,,,,,,
image_4132.jpg,"a photo of an older man in uniform with a capt that reads, ` i ' m going down with",,,,,,,,,,,,,
image_4133.jpg,a photo of a boat sinking in the ocean,,,,,,,,,,,,,
image_4134.jpg,a photo of a man with a ship in the background,,,,,,,,,,,,,
image_4135.jpg,a photo of two people laying on the ground,,,,,,,,,,,,,
image_4136.jpg,a photo of a group of people in the water,,,,,,,,,,,,,
image_4137.jpg,a photo of a man in a suit and tie with the capt that says i made this meme i,,,,,,,,,,,,,
image_4138.jpg,"a photo of a white cat with the words, like titanic, my favorite character",,,,,,,,,,,,,
image_4139.jpg,a photo of a boat in the water at night,,,,,,,,,,,,,
image_414.jpg,a photo of a woman with long blonde hair and red lipstick,,,,,,,,,,,,,
image_4140.jpg,a photo of a man and woman standing in a kitchen,,,,,,,,,,,,,
image_4141.png,a photo of leonardo leonardo happy birthday card,,,,,,,,,,,,,
image_4142.jpg,a photo of an older man sitting at a table with a beer,,,,,,,,,,,,,
image_4143.png,a photo of a man in a room with the capt that reads if you watch titanic backwardss,,,,,,,,,,,,,
image_4144.jpg,a photo of a man in a suit and tie,,,,,,,,,,,,,
image_4145.jpg,a photo of a man kissing a woman,,,,,,,,,,,,,
image_4146.jpg,a photo of a man on stage with his hands up,,,,,,,,,,,,,
image_4147.jpg,a photo of a person in the water with a banana,,,,,,,,,,,,,
image_4148.jpg,a photo of two frogs sitting on top of a brick,,,,,,,,,,,,,
image_4149.png,a photo of a cruise ship with the words nice job stars,,,,,,,,,,,,,
image_415.jpg,a photo of a man in a purple suit and top hat,,,,,,,,,,,,,
image_4150.jpg,a photo of a person laying on a bed,,,,,,,,,,,,,
image_4151.jpg,a photo of a ship sinking in the ocean,,,,,,,,,,,,,
image_4152.jpg,a photo of a man in a suit and tie,,,,,,,,,,,,,
image_4153.jpg,a photo of two people kissing in front of a crowd,,,,,,,,,,,,,
image_4154.jpg,a photo of a cruise ship at night,,,,,,,,,,,,,
image_4155.png,a photo of a person on a bike in the water,,,,,,,,,,,,,
image_4156.jpg,a photo of a polar bear laying in the snow,,,,,,,,,,,,,
image_4157.jpg,a photo of two people kissing in front of a book,,,,,,,,,,,,,
image_4158.jpg,"a photo of two girls, one with red hair and the other with brown eyes",,,,,,,,,,,,,
image_4159.jpg,a photo of a man and woman on a cruise,,,,,,,,,,,,,
image_416.jpg,a photo of a woman in a red dress singing into a microphone,,,,,,,,,,,,,
image_4160.jpg,"a photo of a man with a gun in his hand and the capt says, i want to draw me like one of your friends",,,,,,,,,,,,,
image_4161.jpg,a photo of a man swimming in the ocean,,,,,,,,,,,,,
image_4162.jpg,a photo of two men in suits talking to each other men,,,,,,,,,,,,,
image_4163.jpg,a photo of a titanic ship in the ocean,,,,,,,,,,,,,
image_4164.jpg,a photo of a couple kissing in the water,,,,,,,,,,,,,
image_4165.jpg,a photo of a man in a suit and tie,,,,,,,,,,,,,
image_4166.png,a photo of a child looking at a cruise ship,,,,,,,,,,,,,
image_4167.jpg,"a photo of a cartoon character with the capt that reads, i love how we eat",,,,,,,,,,,,,
image_4168.png,a photo of two men standing on top of a boat,,,,,,,,,,,,,
image_4169.jpg,a photo of a man with his mouth open and the capt reads your face when you realize it ' s,,,,,,,,,,,,,
image_417.jpg,a photo of president obama drinking beer at a bar,,,,,,,,,,,,,
image_4170.jpg,a photo of a cat sitting at a table,,,,,,,,,,,,,
image_4171.jpg,a photo of a cartoon cat sitting on the floor,,,,,,,,,,,,,
image_4172.jpeg,a photo of a cat with yellow eyes,,,,,,,,,,,,,
image_4173.jpeg,"a photo of two cartoon characters, one in the middle and the other on the right side",,,,,,,,,,,,,
image_4174.jpeg,a photo of a cat and a dog,,,,,,,,,,,,,
image_4175.jpeg,"a photo of a cat in a suit and tie, with the capt that reads me only listen music",,,,,,,,,,,,,
image_4176.jpg,a photo of a cartoon character in a room,,,,,,,,,,,,,
image_4177.jpg,"a photo of a cartoon character with the capt that reads when i was kid, i always wanted to see",,,,,,,,,,,,,
image_4178.jpg,a photo of a cat sitting at a table,,,,,,,,,,,,,
image_4179.jpg,a photo of a cartoon character talking on the phone,,,,,,,,,,,,,
image_418.jpg,a photo of a man with his hands up in the air,,,,,,,,,,,,,
image_4180.jpg,a photo of a cat holding a bowl of food,,,,,,,,,,,,,
image_4181.jpeg,a photo of two people shaking hands with a cat,,,,,,,,,,,,,
image_4182.png,a photo of a cartoon character with the capt that says you ' re,,,,,,,,,,,,,
image_4183.jpg,"a photo of a cartoon character with a capt that reads, ` ' person '",,,,,,,,,,,,,
image_4184.jpg,"a photo of a cartoon bear with the capt that reads, when you ' ret you passed your grade",,,,,,,,,,,,,
image_4185.jpg,a photo of a cat sitting on a book,,,,,,,,,,,,,
image_4186.jpg,a photo of a cat laying on the ground,,,,,,,,,,,,,
image_4187.jpg,"a photo of two cats, one with yellow eyes and the other with black eyes",,,,,,,,,,,,,
image_4188.jpg,a photo of a cartoon character that says i ' m throwing a million dollars but happy,,,,,,,,,,,,,
image_4189.jpg,a photo of a cat reading a book,,,,,,,,,,,,,
image_419.png,a photo of a football player on the field,,,,,,,,,,,,,
image_4190.jpg,"a photo of a man in a suit and tie, with the capt that reads ` person '",,,,,,,,,,,,,
image_4191.png,a photo of a cat and dog laying on the floor,,,,,,,,,,,,,
image_4192.png,a photo of a cat with its arms in the air,,,,,,,,,,,,,
image_4193.jpg,"a photo of two cartoon characters, one is a cat and the other has a dog",,,,,,,,,,,,,
image_4194.jpg,"a photo of a sponge sponge with the capt that reads, ' told bitch to tell she asked the truth",,,,,,,,,,,,,
image_4195.jpg,a photo of a cat standing in front of an open door,,,,,,,,,,,,,
image_4196.png,a photo of two cats standing in front of a door,,,,,,,,,,,,,
image_4197.png,a photo of a cartoon character holding a balloon,,,,,,,,,,,,,
image_4198.jpg,a photo of a cat sitting in a chair and reading a book,,,,,,,,,,,,,
image_4199.png,"a photo of a cartoon character with a quote on it that reads, some relationships are like i ' m",,,,,,,,,,,,,
image_42.jpg,a photo of two men talking to each other people,,,,,,,,,,,,,
image_420.jpg,"a photo of a man in a suit and tie with the capt that reads, i ' m here to",,,,,,,,,,,,,
image_4200.png,"a photo of a cartoon character with the capt that reads, ' the tom and jerry me is accurate because",,,,,,,,,,,,,
image_4201.png,"a photo of a cartoon character with the capt that reads, i don ' t care if 5 years old",,,,,,,,,,,,,
image_4202.jpg,a photo of a cat laying on the ground,,,,,,,,,,,,,
image_4203.jpg,"a photo of a teddy bear with the capt that reads, me can use room teacher can you sit on",,,,,,,,,,,,,
image_4204.jpg,a photo of a cartoon character holding a door,,,,,,,,,,,,,
image_4205.png,a photo of tom and jerry from the cartoon series,,,,,,,,,,,,,
image_4206.jpg,a photo of jesus with the words i tried to turn but stopped me customs,,,,,,,,,,,,,
image_4207.jpg,a photo of a man with a bandage on his head,,,,,,,,,,,,,
image_4208.jpg,a photo of president obama and hillary on a couch,,,,,,,,,,,,,
image_4209.jpg,a photo of a man in a suit and tie hugging another man,,,,,,,,,,,,,
image_421.jpeg,a photo of a man with a quote on it,,,,,,,,,,,,,
image_4210.jpg,a photo of a man with duct on his mouth,,,,,,,,,,,,,
image_4211.jpg,a photo of a man in a white shirt and red hat holding a golf club ball,,,,,,,,,,,,,
image_4212.jpg,a photo of president and first lady of the united,,,,,,,,,,,,,
image_4213.png,a photo of a man in a suit and tie,,,,,,,,,,,,,
image_4214.jpg,a photo of president trump with the capt,,,,,,,,,,,,,
image_4215.jpg,a photo of president trump on the set of the news,,,,,,,,,,,,,
image_4216.jpg,a photo of the president pointing his finger at the camera,,,,,,,,,,,,,
image_4217.jpeg,a photo of trump pointing at the camera,,,,,,,,,,,,,
image_4218.jpg,a photo of donald trump with a quote on it,,,,,,,,,,,,,
image_4219.jpeg,"a photo of donald the great, and an image of a man in a suit",,,,,,,,,,,,,
image_422.jpg,a photo of a man with a quote on it,,,,,,,,,,,,,
image_4220.jpg,a photo of a man in uniform on a television screen,,,,,,,,,,,,,
image_4221.jpg,a photo of the president giving a thumbs gesture,,,,,,,,,,,,,
image_4222.jpg,a photo of a person wearing a suit and tie,,,,,,,,,,,,,
image_4223.jpg,a photo of a dog on a magazine,,,,,,,,,,,,,
image_4224.png,a photo of a man in a suit and tie with the words breaking trump ' s executive,,,,,,,,,,,,,
image_4225.png,a photo of a person holding a trump card,,,,,,,,,,,,,
image_4226.jpg,a photo of the president and first lady,,,,,,,,,,,,,
image_4227.jpeg,a photo of a man in a suit with a quote on it,,,,,,,,,,,,,
image_4228.jpg,a photo of the president laughing with an american flag in the background,,,,,,,,,,,,,
image_4229.jpg,a photo of a man in a suit holding a box of food,,,,,,,,,,,,,
image_423.jpg,a photo of a truck with the words ' this is bi ',,,,,,,,,,,,,
image_4230.jpg,a photo of a man in a suit and tie,,,,,,,,,,,,,
image_4231.jpg,a photo of a man with a light saber in his hand,,,,,,,,,,,,,
image_4232.png,a photo of the president in his car,,,,,,,,,,,,,
image_4233.png,a photo of president donald is shown in the middle of the image,,,,,,,,,,,,,
image_4234.jpg,a photo of a man sitting at a table with a beer bottle,,,,,,,,,,,,,
image_4235.jpg,"a photo of a man in an orange vest and a white shirt, with the capt that says i will",,,,,,,,,,,,,
image_4236.jpg,a photo of a man in a black leather jacket with the words we need to build walls,,,,,,,,,,,,,
image_4237.jpg,a photo of president donald and hillary,,,,,,,,,,,,,
image_4238.jpg,a photo of a dog with a trump face,,,,,,,,,,,,,
image_4239.jpg,a photo of a woman in a red shirt with the words it ' s not treason,,,,,,,,,,,,,
image_424.jpg,a photo of a person with a hat on,,,,,,,,,,,,,
image_4240.jpg,a photo of donald the trump is shown in this image,,,,,,,,,,,,,
image_4241.png,a photo of an older woman with blue butterflies on her arm,,,,,,,,,,,,,
image_4242.jpg,a photo of the president giving a thumbs gesture,,,,,,,,,,,,,
image_4243.jpg,a photo of a man in a suit and tie with the words we shall over trump 2016,,,,,,,,,,,,,
image_4244.jpg,a photo of the president giving a speech,,,,,,,,,,,,,
image_4245.jpg,"a photo of president trump with the capt that reads hey girl, you ' re",,,,,,,,,,,,,
image_4246.png,a photo of a man in a suit and tie pointing at the camera,,,,,,,,,,,,,
image_4247.png,a photo of a person with the words trump is called racist,,,,,,,,,,,,,
image_4248.jpg,a photo of a woman standing at a podium,,,,,,,,,,,,,
image_4249.jpg,a photo of a woman looking at the camera,,,,,,,,,,,,,
image_425.jpeg,a photo of a woman with her mouth open,,,,,,,,,,,,,
image_4250.jpg,a photo of president person giving a speech,,,,,,,,,,,,,
image_4251.jpg,"a photo of two men in white suits, one is pointing at the other man",,,,,,,,,,,,,
image_4252.jpg,a photo of two men in suits talking to each other people,,,,,,,,,,,,,
image_4253.jpg,a photo of president person giving a speech,,,,,,,,,,,,,
image_4254.jpg,a photo of a young boy on a golf course,,,,,,,,,,,,,
image_4255.png,a photo of a man in a suit and tie pointing his finger at the camera,,,,,,,,,,,,,
image_4256.png,a photo of president donald is shown in the background,,,,,,,,,,,,,
image_4257.jpg,a photo of president trump drinking water from a bottle,,,,,,,,,,,,,
image_4258.png,a photo of a man in a suit and tie,,,,,,,,,,,,,
image_4259.jpg,a photo of a dog sitting at a desk,,,,,,,,,,,,,
image_426.jpg,a photo of a person with a hat on,,,,,,,,,,,,,
image_4260.jpg,a photo of a man in a suit and tie holding a gun,,,,,,,,,,,,,
image_4261.png,"a photo of an old man in uniform with the capt that reads, time to get united and donald",,,,,,,,,,,,,
image_4262.jpg,"a photo of president donald, with the capt that reads when daddy takes your small loan so that you can",,,,,,,,,,,,,
image_4263.jpg,a photo of a man in a suit swinging on a swing,,,,,,,,,,,,,
image_4264.jpg,a photo of president donald is shown in the background,,,,,,,,,,,,,
image_4265.jpg,a photo of president trump giving a speech,,,,,,,,,,,,,
image_4266.jpg,a photo of president donald on the debate,,,,,,,,,,,,,
image_4267.jpg,a photo of president person in front of an american flag,,,,,,,,,,,,,
image_4268.jpg,"a photo of a man in a suit and tie, with the capt that reads worst president ever",,,,,,,,,,,,,
image_4269.jpg,a photo of a man in a suit and tie sitting at a table with flowers,,,,,,,,,,,,,
image_427.jpg,a photo of a person sitting at a desk,,,,,,,,,,,,,
image_4270.png,a photo of a man in a suit and tie,,,,,,,,,,,,,
image_4271.jpg,a photo of president trump holding an american flag,,,,,,,,,,,,,
image_4272.jpg,"a photo of a man in a suit and tie with the capt that reads, ` the most dangerous thing",,,,,,,,,,,,,
image_4273.jpg,a photo of president person texting on his phone,,,,,,,,,,,,,
image_4274.jpg,a photo of president trump with the words we love you,,,,,,,,,,,,,
image_4275.jpg,a photo of a man in a suit sitting at a table with his head in his hands,,,,,,,,,,,,,
image_4276.jpg,a photo of a man in a suit and tie smiling at the camera,,,,,,,,,,,,,
image_4277.png,a photo of the president and his children,,,,,,,,,,,,,
image_4278.jpg,a photo of president donald and his wife,,,,,,,,,,,,,
image_4279.png,a photo of person in a suit and tie pointing his finger at the camera,,,,,,,,,,,,,
image_428.jpg,a photo of a man talking on the phone,,,,,,,,,,,,,
image_4280.png,a photo of a person in a suit and tie,,,,,,,,,,,,,
image_4281.jpg,a photo of the president and his family on the balcony,,,,,,,,,,,,,
image_4282.png,a photo of a man wearing a red hat and smoking a cigarette,,,,,,,,,,,,,
image_4283.jpg,a photo of donald and corn with the words who ' s the worst?,,,,,,,,,,,,,
image_4284.png,a photo of president trump pointing at the camera,,,,,,,,,,,,,
image_4285.png,a photo of a man speaking into a microphone,,,,,,,,,,,,,
image_4286.jpg,"a photo of superman flying in the sky with text that reads, what ' s the x - men are",,,,,,,,,,,,,
image_4287.jpg,"a photo of a cartoon character with a capt that reads, you know you ' re and they ' ll",,,,,,,,,,,,,
image_4288.jpg,a photo of the characters from x - men,,,,,,,,,,,,,
image_4289.jpg,a photo of a group of superheros with text that reads have you ever wonder why the x - men,,,,,,,,,,,,,
image_429.jpg,a photo of a person with a hat on,,,,,,,,,,,,,
image_4290.png,"a photo of an older man with glasses and a text that reads, who ' s your favorite??",,,,,,,,,,,,,
image_4291.jpg,a photo of a woman with a microphone in front of her,,,,,,,,,,,,,
image_4292.jpg,a photo of a man in a room with a quote on it,,,,,,,,,,,,,
image_4293.jpg,a photo of thor and loki in avengers,,,,,,,,,,,,,
image_4294.jpg,a photo of a family posing for the camera,,,,,,,,,,,,,
image_4295.jpg,"a photo of a man in a suit and tie with the capt that says, what if i ' m",,,,,,,,,,,,,
image_4296.jpg,a photo of a man in a red shirt pointing at the camera,,,,,,,,,,,,,
image_4297.jpeg,"a photo of a man with long hair and beards, in the middle of the image is an image",,,,,,,,,,,,,
image_4298.jpg,a photo of captain america with the capt that says keep calm,,,,,,,,,,,,,
image_4299.jpg,a photo of a cartoon character sitting at a desk,,,,,,,,,,,,,
image_43.jpeg,a photo of a bunch of avengers memes,,,,,,,,,,,,,
image_430.jpeg,"a photo of a man with the capt that reads, ` what ' s your favorite childhood me not pay",,,,,,,,,,,,,
image_4300.jpg,a photo of the avengers movie characters,,,,,,,,,,,,,
image_4301.jpg,a photo of an anime character with the words make it rain,,,,,,,,,,,,,
image_4302.jpg,a photo of a dinosaur with the capt that says cancer is just cancer,,,,,,,,,,,,,
image_4303.jpg,a photo of a man in a red shirt pointing at the camera,,,,,,,,,,,,,
image_4304.jpeg,a photo of two girls with green lights on them,,,,,,,,,,,,,
image_4305.jpg,"a photo of a cartoon character with the capt that reads, ` you always like you '",,,,,,,,,,,,,
image_4306.jpg,"a photo of a man wearing a top hat and bow tie, with the capt that says i ' m",,,,,,,,,,,,,
image_4307.jpg,"a photo of a cartoon character with the capt that says, ' i ' m '",,,,,,,,,,,,,
image_4308.jpg,a photo of a man with a face mask on,,,,,,,,,,,,,
image_4309.jpg,a photo of two men talking to each other man,,,,,,,,,,,,,
image_431.jpg,a photo of a man with a hat on his head,,,,,,,,,,,,,
image_4310.png,a photo of a man with blue paint on his face,,,,,,,,,,,,,
image_4311.jpg,a photo of a woman and a man with glasses,,,,,,,,,,,,,
image_4312.jpg,a photo of a man in a suit and tie,,,,,,,,,,,,,
image_4313.jpg,a photo of some avengers memes,,,,,,,,,,,,,
image_4314.jpg,a photo of two men talking to each other people,,,,,,,,,,,,,
image_4315.png,"a photo of two men sitting in the back seat of a car with the capt that reads, when you",,,,,,,,,,,,,
image_4316.png,a photo of two men talking to each other man,,,,,,,,,,,,,
image_4317.png,a photo of a man with his hand on his head,,,,,,,,,,,,,
image_4318.jpg,"a photo of a man with a gun in his hand and the capt that reads, when you ' re",,,,,,,,,,,,,
image_4319.png,a photo of hugh from the wolverine movie,,,,,,,,,,,,,
image_432.jpg,a photo of a woman sitting at a table,,,,,,,,,,,,,
image_4320.png,"a photo of two men sitting at a table, one is smoking and the other is holding a cigarette",,,,,,,,,,,,,
image_4321.JPG,a photo of a cat wearing a yellow vest with the words best mode,,,,,,,,,,,,,
image_4322.png,a photo of a man in a space suit,,,,,,,,,,,,,
image_4323.jpg,a photo of a man with no shirt in the water,,,,,,,,,,,,,
image_4324.jpg,a photo of an anime character with the capt that reads can kill enemies in fatal blow but i ' m,,,,,,,,,,,,,
image_4325.jpg,a photo of a man with glasses and a mustache,,,,,,,,,,,,,
image_4326.jpg,a photo of a woman eating a hamburger,,,,,,,,,,,,,
image_4327.jpg,a photo of wolverine and the other characters,,,,,,,,,,,,,
image_4328.jpg,a photo of two men sitting in an airplane,,,,,,,,,,,,,
image_4329.jpg,a photo of the inside of a black jacket,,,,,,,,,,,,,
image_433.jpg,"a photo of a man with a hat on his head and text that reads, this bill was against corruption",,,,,,,,,,,,,
image_4330.png,a photo of the game of thrones and their names,,,,,,,,,,,,,
image_4331.jpg,"a photo of a woman with white hair and a speech bubble that says, ` i ' d ' t",,,,,,,,,,,,,
image_4332.jpg,"a photo of a man in armor with the words, everything wrong with x men apocalypse",,,,,,,,,,,,,
image_4333.jpg,a photo of a woman with a man in the background,,,,,,,,,,,,,
image_4334.jpg,a photo of a man in a suit and tie,,,,,,,,,,,,,
image_4335.jpg,a photo of a man in a wheelchair with two other men standing behind him,,,,,,,,,,,,,
image_4336.jpg,a photo of a woman with the words epic white streak,,,,,,,,,,,,,
image_4337.jpg,a photo of wolverine in front of a cage,,,,,,,,,,,,,
image_4338.png,a photo of a group of superheros with the capt that reads x - men vs avengers movie,,,,,,,,,,,,,
image_4339.png,a photo of the many faces of wolverine,,,,,,,,,,,,,
image_434.jpg,a photo of a person with a hat and a cat,,,,,,,,,,,,,
image_4340.jpg,a photo of a young man with his hands in the air and he said i dont give you permission,,,,,,,,,,,,,
image_4341.jpg,"a photo of a man with the capt that reads, when i ' m ' t being to remove public",,,,,,,,,,,,,
image_4342.jpg,a photo of a person in a room,,,,,,,,,,,,,
image_4343.jpg,a photo of a man standing on a stage with the words we ' reting freedom speech,,,,,,,,,,,,,
image_4344.jpg,a photo of a man with white hair and beards,,,,,,,,,,,,,
image_4345.jpg,a photo of a man in a suit and tie smoking a cigarette,,,,,,,,,,,,,
image_4346.jpg,"a photo of facebook ' s face, with the capt that reads facebook is your creator stop telling me to",,,,,,,,,,,,,
image_4347.jpeg,a photo of a book with the title facebook ' s privacy and other things you can ' t - yourself,,,,,,,,,,,,,
image_4348.jpg,a photo of a man in a yellow robe holding a sign,,,,,,,,,,,,,
image_4349.jpeg,a photo of a man in a suit and tie,,,,,,,,,,,,,
image_435.jpg,"a photo of a man with a hat and text that reads, ` this is bl you ' re",,,,,,,,,,,,,
image_4350.jpeg,a photo of a man in a wheelchair with the words ' a drug never consumes ',,,,,,,,,,,,,
image_4351.jpeg,a photo of a man sitting at a table with a laptop,,,,,,,,,,,,,
image_4352.jpeg,a photo of two people sitting in a car,,,,,,,,,,,,,
image_4353.jpg,"a photo of the face of a person with the capt that says, ` ` ' ' y ' o",,,,,,,,,,,,,
image_4354.jpg,a photo of a man petting a black and white dog,,,,,,,,,,,,,
image_4355.jpg,a photo of a man drinking from a glass,,,,,,,,,,,,,
image_4356.jpg,a photo of a man with his hands up in the air,,,,,,,,,,,,,
image_4357.jpg,a photo of a man with a cell phone,,,,,,,,,,,,,
image_4358.jpg,a photo of facebook ' s facebook logo with the words facebook now hiring,,,,,,,,,,,,,
image_4359.jpg,a photo of a man in a suit sitting at a desk,,,,,,,,,,,,,
image_436.jpg,"a photo of a person with a hat and text that says, ` ' this is it '",,,,,,,,,,,,,
image_4360.jpg,"a photo of a young man in a red vest and plaid shirt, with the capt that reads mis people",,,,,,,,,,,,,
image_4361.jpg,a photo of a man standing in a kitchen,,,,,,,,,,,,,
image_4362.jpg,a photo of two people dressed as harry and hermik,,,,,,,,,,,,,
image_4363.jpg,a photo of a man in a suit sitting at a table,,,,,,,,,,,,,
image_4364.jpg,a photo of a man in a suit and tie with the words what they see,,,,,,,,,,,,,
image_4365.jpg,"a photo of a man in a suit and tie, with the capt that reads zubere is not",,,,,,,,,,,,,
image_4366.png,a photo of a man in a suit and tie speaking at a podium,,,,,,,,,,,,,
image_4367.jpeg,a photo of a man looking at his phone,,,,,,,,,,,,,
image_4368.jpg,a photo of a young man with a smile on his face,,,,,,,,,,,,,
image_4369.jpg,a photo of a young man with a smile on his face,,,,,,,,,,,,,
image_437.jpg,a photo of a person with a hat on,,,,,,,,,,,,,
image_4370.jpg,a photo of a man with a tweet on his twitter,,,,,,,,,,,,,
image_4371.png,a photo of a man talking on a cell,,,,,,,,,,,,,
image_4372.jpg,a photo of a man speaking on a stage with facebook logo in the background,,,,,,,,,,,,,
image_4373.jpg,a photo of a man in a suit and tie holding a glass,,,,,,,,,,,,,
image_4374.png,a photo of a man in a suit and tie sitting at a table,,,,,,,,,,,,,
image_4375.png,"a photo of a tweet with the capt that reads, ' i have one question mark",,,,,,,,,,,,,
image_4376.png,"a photo of a man in a hoodie with his hands out and the capt reads, i ' ve",,,,,,,,,,,,,
image_4377.jpg,a photo of two men in suits and ties at a table,,,,,,,,,,,,,
image_4378.png,"a photo of mark zuberg, the founder of facebook",,,,,,,,,,,,,
image_4379.png,a photo of a man with the words did you know??,,,,,,,,,,,,,
image_438.jpg,a photo of a person with a hat on,,,,,,,,,,,,,
image_4380.jpg,a photo of a man sitting at a table with a laptop,,,,,,,,,,,,,
image_4381.jpg,a photo of a man in a grey shirt with a quote on it that reads ` ` i have no muses millionss ',,,,,,,,,,,,,
image_4382.jpg,a photo of two people sitting at a table,,,,,,,,,,,,,
image_4383.jpg,"a photo of a man in a red hoodie with the capt that reads, ' i ' m k",,,,,,,,,,,,,
image_4384.jpg,a photo of a man with a smile on his face,,,,,,,,,,,,,
image_4385.jpg,a photo of a man in a suit and tie,,,,,,,,,,,,,
image_4386.jpg,a photo of hillary sanders sitting at a table in front of a crowd,,,,,,,,,,,,,
image_4387.png,a photo of a man holding up a laptop,,,,,,,,,,,,,
image_4388.jpg,"a photo of two sponge sponges with the capt that says, ` ` '",,,,,,,,,,,,,
image_4389.jpg,a photo of a man with his hand up to the camera,,,,,,,,,,,,,
image_439.jpg,a photo of a person sitting at a desk,,,,,,,,,,,,,
image_4390.jpg,a photo of two men standing next to each other people,,,,,,,,,,,,,
image_4391.png,a photo of a man laughing with the capt that says you can ' t - mark zuberg on facebook,,,,,,,,,,,,,
image_4392.jpg,a photo of a sponge sponge with a sign on it,,,,,,,,,,,,,
image_4393.jpg,a photo of minions from the minions movie,,,,,,,,,,,,,
image_4394.jpg,a photo of a lizard drinking water from a bottle,,,,,,,,,,,,,
image_4395.png,a photo of a man in a suit talking to a woman,,,,,,,,,,,,,
image_4396.png,a photo of a man in a suit and tie,,,,,,,,,,,,,
image_4397.png,a photo of a man in front of an american flag,,,,,,,,,,,,,
image_4398.jpg,a photo of a man sitting at a table with a box in front of him,,,,,,,,,,,,,
image_4399.png,"a photo of a star destroyer ship with the capt that reads, ' mark zuberg is living away 4",,,,,,,,,,,,,
image_44.jpg,a photo of two men and one is laughing,,,,,,,,,,,,,
image_440.jpg,"a photo of a man in a suit with the capt that says, ' about the benjamins you?",,,,,,,,,,,,,
image_4400.jpg,a photo of a man looking out the window of an airplane,,,,,,,,,,,,,
image_4401.jpg,a photo of a man in a suit and tie sitting at a table,,,,,,,,,,,,,
image_4402.jpg,a photo of some animals and people in the background,,,,,,,,,,,,,
image_4403.png,a photo of mark zuberg on facebook,,,,,,,,,,,,,
image_4404.png,a photo of a man speaking into a microphone,,,,,,,,,,,,,
image_4405.png,a photo of a man in a suit sitting at a table,,,,,,,,,,,,,
image_4406.png,a photo of a bonfire with the words ' me i promise to get a drink later ',,,,,,,,,,,,,
image_4407.jpg,a photo of a coffee mug that says i ' m always??,,,,,,,,,,,,,
image_4408.jpg,a photo of a man laughing with the capt on his face,,,,,,,,,,,,,
image_4409.jpg,a photo of an indian man holding a microphone,,,,,,,,,,,,,
image_441.jpg,a photo of a sticker with the words ' this is bill ',,,,,,,,,,,,,
image_4410.jpg,"a photo of a man in a suit and tie with the capt that reads, what if i ' m",,,,,,,,,,,,,
image_4411.png,a photo of people on the beach with a surfboard,,,,,,,,,,,,,
image_4412.png,"a photo of two monkeys with the capt that reads, now asge was wasted to share information mark zu",,,,,,,,,,,,,
image_4413.jpg,a photo of a man pointing at the camera,,,,,,,,,,,,,
image_4414.jpg,a photo of a man sitting at a table,,,,,,,,,,,,,
image_4415.png,"a photo of mark zuberg, the founder of facebook",,,,,,,,,,,,,
image_4416.png,a photo of a person holding a piece of paper,,,,,,,,,,,,,
image_4417.png,"a photo of a tweet with the capt that reads, ' people who get to get their own",,,,,,,,,,,,,
image_4418.jpg,a photo of a guy with a map in the background,,,,,,,,,,,,,
image_4419.jpg,"a photo of two men standing in front of a screen with the capt that says, you don ' t",,,,,,,,,,,,,
image_442.jpg,a photo of a person walking in the rain,,,,,,,,,,,,,
image_4420.png,"a photo of a man in a suit and tie with the capt that says, what are you??",,,,,,,,,,,,,
image_4421.jpg,a photo of a man standing in a kitchen,,,,,,,,,,,,,
image_4422.jpg,a photo of a man with the text use twitter to ask the inventor of facebook money,,,,,,,,,,,,,
image_4423.jpg,a photo of a person on a facebook page,,,,,,,,,,,,,
image_4424.png,"a photo of leonardo ' s face with the capt that reads, and this is the last picture you ever",,,,,,,,,,,,,
image_4425.jpg,a photo of a man in a suit and tie,,,,,,,,,,,,,
image_4426.jpg,a photo of some kids dancing in the dirt,,,,,,,,,,,,,
image_4427.png,a photo of a cat laying in a box,,,,,,,,,,,,,
image_4428.jpeg,a photo of a man sitting at a computer,,,,,,,,,,,,,
image_4429.jpg,a photo of a man in a suit smoking a cigarette,,,,,,,,,,,,,
image_443.jpg,"a photo of a man with a beard and text that reads, can you pay telephone bills? maybe then",,,,,,,,,,,,,
image_4430.jpg,a photo of a man in a suit and tie,,,,,,,,,,,,,
image_4431.jpg,a photo of deadpool with the capt that says i ' m sorry for what i said,,,,,,,,,,,,,
image_4432.jpg,a photo of a man in a suit with his mouth open,,,,,,,,,,,,,
image_4433.jpg,a photo of two cartoon characters looking at each other characters,,,,,,,,,,,,,
image_4434.png,a photo of a seal on a rock in the water,,,,,,,,,,,,,
image_4435.jpg,a photo of two cats looking at each other cats,,,,,,,,,,,,,
image_4436.jpg,a photo of an old man and woman sitting on a couch,,,,,,,,,,,,,
image_4437.jpg,"a photo of a man in a desert with the capt that reads, ` ' i ' m ' n",,,,,,,,,,,,,
image_4438.png,a photo of a man and a woman laughing,,,,,,,,,,,,,
image_4439.jpg,a photo of the characters from harry ' s harry potters,,,,,,,,,,,,,
image_444.jpg,a photo of a group of people playing pool games,,,,,,,,,,,,,
image_4440.png,a photo of a man in a suit holding a gun,,,,,,,,,,,,,
image_4441.jpg,a photo of a kitten with the words fard on it,,,,,,,,,,,,,
image_4442.jpg,a photo of a person dressed as the joker,,,,,,,,,,,,,
image_4443.jpg,a photo of a man in a car with the capt that says i ' ll ' d right back,,,,,,,,,,,,,
image_4444.jpg,a photo of a black and white cat with green eyes,,,,,,,,,,,,,
image_4445.jpg,"a photo of a man with long hair and a woman in the background text reads, ` ` ' ' we know it ' s not a",,,,,,,,,,,,,
image_4446.jpg,a photo of a man in a suit and tie with the words happy easter,,,,,,,,,,,,,
image_4447.jpg,a photo of a baby with a big smile on his face,,,,,,,,,,,,,
image_4448.jpg,a photo of a man in a star wars outfit with the capt that reads it ' s outrageous is unfair,,,,,,,,,,,,,
image_4449.jpg,a photo of the joker in a suit,,,,,,,,,,,,,
image_445.jpg,a photo of a cartoon character with the words ' this is bill ',,,,,,,,,,,,,
image_4450.jpg,a photo of a pink rose in a white vase,,,,,,,,,,,,,
image_4451.png,a photo of the joker from batman,,,,,,,,,,,,,
image_4452.png,a photo of two men in suits and hats,,,,,,,,,,,,,
image_4453.jpg,a photo of two minionss with the words exercise i thought you said extra,,,,,,,,,,,,,
image_4454.jpeg,a photo of a man in a suit and tie,,,,,,,,,,,,,
image_4455.jpg,"a photo of a man in a suit and sunglasses with the capt that says, ` ' that moment when",,,,,,,,,,,,,
image_4456.jpg,"a photo of captain america with the capt that reads, there ' s no old man and i ' m",,,,,,,,,,,,,
image_4457.jpg,a photo of a man in a suit and tie,,,,,,,,,,,,,
image_4458.png,a photo of a woman in a black and white dress,,,,,,,,,,,,,
image_4459.jpg,a photo of a man kissing a woman on the cheek,,,,,,,,,,,,,
image_446.jpg,"a photo of a man with a hat on his head and text that reads, ` this bill has no",,,,,,,,,,,,,
image_4460.png,a photo of a woman laughing at the camera,,,,,,,,,,,,,
image_4461.jpg,a photo of a group of men in suits and ties,,,,,,,,,,,,,
image_4462.jpg,a photo of a group of people with a quote on it,,,,,,,,,,,,,
image_4463.jpeg,a photo of a woman in a red sweater and jeans,,,,,,,,,,,,,
image_4464.jpg,a photo of a man with his hands on his face,,,,,,,,,,,,,
image_4465.jpg,a photo of two men talking to each other man,,,,,,,,,,,,,
image_4466.png,a photo of a woman crying in the cemetery,,,,,,,,,,,,,
image_4467.png,a photo of two people in a room with a mirror,,,,,,,,,,,,,
image_4468.jpg,a photo of an mammoth with the capt that says can ' t e difference between memes and none,,,,,,,,,,,,,
image_4469.jpg,"a photo of a cartoon character sleeping on the ground with text that reads, i don ' t understand why",,,,,,,,,,,,,
image_447.jpg,a photo of a person sitting at a desk with the words bill on it,,,,,,,,,,,,,
image_4470.jpg,a photo of a hand holding a cell,,,,,,,,,,,,,
image_4471.png,a photo of a car that has been hit by a truck,,,,,,,,,,,,,
image_4472.png,a photo of a man in a suit and bow tie with the capt that says everyone deserves to look at,,,,,,,,,,,,,
image_4473.png,a photo of a man wearing a cowboy hat,,,,,,,,,,,,,
image_4474.jpg,a photo of a girl with a capt that says i need feminism because,,,,,,,,,,,,,
image_4475.jpg,a photo of the joker from the dark knight movie,,,,,,,,,,,,,
image_4476.png,a photo of a man kissing a woman on the cheek,,,,,,,,,,,,,
image_4477.jpg,a photo of a man in a suit and tie,,,,,,,,,,,,,
image_4478.png,a photo of a person holding a stuffed animal,,,,,,,,,,,,,
image_4479.jpg,a photo of a man sitting at a desk,,,,,,,,,,,,,
image_448.jpg,"a photo of a man with the capt that says, this bill likes",,,,,,,,,,,,,
image_4480.jpg,a photo of a bird that is standing on the ground,,,,,,,,,,,,,
image_4481.jpg,a photo of a man smoking a cigarette,,,,,,,,,,,,,
image_4482.png,a photo of a man sitting on the ground with text that says i cant this orgasm,,,,,,,,,,,,,
image_4483.jpg,a photo of a man in a black shirt with the words i just have to act,,,,,,,,,,,,,
image_4484.jpg,a photo of a man with long hair and beards,,,,,,,,,,,,,
image_4485.jpg,a photo of a fat man sitting on a bench,,,,,,,,,,,,,
image_4486.jpg,a photo of a man and a woman sitting on a horse,,,,,,,,,,,,,
image_4487.jpg,a photo of a man in a suit and tie,,,,,,,,,,,,,
image_4488.jpeg,"a photo of a computer with the capt that reads, ` ` bag '",,,,,,,,,,,,,
image_4489.jpg,"a photo of two different cartoon characters, one is a cat and the other has a dog",,,,,,,,,,,,,
image_449.jpg,a photo of a car with a quote on it,,,,,,,,,,,,,
image_4490.png,"a photo of a man with a smile on his face and the capt says, no please tell about your",,,,,,,,,,,,,
image_4491.jpg,a photo of a boy sitting on the ground in front of people,,,,,,,,,,,,,
image_4492.jpg,a photo of the cover to captain marvel,,,,,,,,,,,,,
image_4493.jpg,a photo of a minion wearing a sombre hat,,,,,,,,,,,,,
image_4494.jpg,a photo of a man standing on a boat,,,,,,,,,,,,,
image_4495.jpg,a photo of two men looking at each other man ' s face,,,,,,,,,,,,,
image_4496.jpg,a photo of a man wearing a red hat,,,,,,,,,,,,,
image_4497.jpg,a photo of a man with red hair,,,,,,,,,,,,,
image_4498.jpg,"a photo of a man in a superhero costume and the capt reads, what ' s better up there?",,,,,,,,,,,,,
image_4499.jpg,a photo of a man with a smile on his face,,,,,,,,,,,,,
image_45.jpeg,"a photo of the avengers movie scene, with the capt that reads how to talk with people",,,,,,,,,,,,,
image_450.jpg,"a photo of a cartoon character with the capt that says, ' this is bill '",,,,,,,,,,,,,
image_4500.jpg,a photo of two people with the words worst divorce ever,,,,,,,,,,,,,
image_4501.png,a photo of a man standing in front of posters,,,,,,,,,,,,,
image_4502.jpg,a photo of a cat with its mouth open,,,,,,,,,,,,,
image_4503.png,a photo of a frog with its tongue sticking out,,,,,,,,,,,,,
image_4504.png,a photo of a person laying on a couch using a laptop,,,,,,,,,,,,,
image_4505.png,a photo of a man in a suit and tie,,,,,,,,,,,,,
image_4506.jpg,a photo of two people walking down the street,,,,,,,,,,,,,
image_4507.jpg,a photo of a dead deadpool sitting in a chair,,,,,,,,,,,,,
image_4508.jpg,a photo of a cartoon character crying with the words can ' t live without technology,,,,,,,,,,,,,
image_4509.jpg,a photo of a minion holding a card,,,,,,,,,,,,,
image_451.jpg,"a photo of a cartoon character with text that reads, ' this is bill '",,,,,,,,,,,,,
image_4510.jpg,a photo of a man with the words chuck norris ' s cake in the freeze,,,,,,,,,,,,,
image_4511.jpg,a photo of a person standing on a mountain,,,,,,,,,,,,,
image_4512.jpeg,"a photo of an yoo sitting in a chair with the capt that reads, ` when you ' re",,,,,,,,,,,,,
image_4513.jpg,a photo of different types of the head,,,,,,,,,,,,,
image_4514.jpg,a photo of red roses on a pink background,,,,,,,,,,,,,
image_4515.jpg,a photo of a man with a sword in his hand,,,,,,,,,,,,,
image_4516.jpg,a photo of two men standing next to each other men,,,,,,,,,,,,,
image_4517.jpg,a photo of two people in a living room,,,,,,,,,,,,,
image_4518.jpg,a photo of a woman wearing a red hoodie,,,,,,,,,,,,,
image_4519.jpg,a photo of a man with glasses and a quote on his face,,,,,,,,,,,,,
image_452.jpg,a photo of a cartoon character with headphones on,,,,,,,,,,,,,
image_4520.png,a photo of donald and hillary kissing each other people,,,,,,,,,,,,,
image_4521.png,a photo of a man in a blue jacket,,,,,,,,,,,,,
image_4522.jpg,a photo of a cat that is sitting on a table,,,,,,,,,,,,,
image_4523.jpg,a photo of a man with his hand up in the air,,,,,,,,,,,,,
image_4524.jpg,a photo of a black and white quote on a white background,,,,,,,,,,,,,
image_4525.jpg,a photo of an older couple sitting on a couch in front of a fireplace,,,,,,,,,,,,,
image_4526.jpg,a photo of a man speaking into a microphone,,,,,,,,,,,,,
image_4527.jpg,a photo of a cat with a hat on it ' s head,,,,,,,,,,,,,
image_4528.png,a photo of a man in a suit holding a gun,,,,,,,,,,,,,
image_4529.jpg,a photo of a woman in a blue shirt,,,,,,,,,,,,,
image_453.jpg,a photo of a man with a hat on his head,,,,,,,,,,,,,
image_4530.jpg,a photo of two dinosaurs talking to each other dinosaur,,,,,,,,,,,,,
image_4531.jpg,a photo of two people sitting in front of a computer,,,,,,,,,,,,,
image_4532.jpg,a photo of a seal with the capt in it ' s mouth,,,,,,,,,,,,,
image_4533.jpg,a photo of two young men wearing hats and scarfs,,,,,,,,,,,,,
image_4534.png,a photo of a man drinking from a glass,,,,,,,,,,,,,
image_4535.png,a photo of a child sitting in a chair,,,,,,,,,,,,,
image_4536.png,a photo of hillary ' s face in front of an american flag,,,,,,,,,,,,,
image_4537.jpg,a photo of two people sitting down and one is talking to the other person,,,,,,,,,,,,,
image_4538.png,a photo of a man in a suit holding a microphone,,,,,,,,,,,,,
image_4539.jpg,a photo of an older woman with the capt that reads you can always tell women they ' re from being,,,,,,,,,,,,,
image_454.jpg,a photo of one does to simply vote you no register first,,,,,,,,,,,,,
image_4540.png,"a photo of a man in a purple suit and hat, with the capt that reads, i ' m",,,,,,,,,,,,,
image_4541.png,a photo of a young boy in a grey shirt,,,,,,,,,,,,,
image_4542.jpeg,a photo of a cartoon character in a video game,,,,,,,,,,,,,
image_4543.jpg,a photo of a man and a woman in the same picture,,,,,,,,,,,,,
image_4544.png,a photo of a pair of blue high heels,,,,,,,,,,,,,
image_4545.png,a photo of a man wearing a turtle neck sweater,,,,,,,,,,,,,
image_4546.jpg,a photo of a woman kissing a dragon,,,,,,,,,,,,,
image_4547.jpg,"a photo of a man in the snow with text that reads, ` when you ' re, you don",,,,,,,,,,,,,
image_4548.png,a photo of two people posing for the camera,,,,,,,,,,,,,
image_4549.jpg,a photo of the same game of thrones,,,,,,,,,,,,,
image_455.jpg,a photo of two men sitting at a table,,,,,,,,,,,,,
image_4550.png,a photo of a young boy with his mouth open,,,,,,,,,,,,,
image_4551.jpg,"a photo of game of thrones with the capt that says, ' end the ice '",,,,,,,,,,,,,
image_4552.jpg,a photo of some people talking to each other people,,,,,,,,,,,,,
image_4553.jpg,a photo of a man in a suit and tie,,,,,,,,,,,,,
image_4554.png,"a photo of a spider with the capt that reads, ' this is actually spider - manhead now '",,,,,,,,,,,,,
image_4555.jpg,a photo of a football player with his fist in the air,,,,,,,,,,,,,
image_4556.jpg,a photo of two men wearing hats and one is wearing a hat,,,,,,,,,,,,,
image_4557.png,a photo of president obama and an image of a lion,,,,,,,,,,,,,
image_4558.jpg,a photo of a man in a white tank top with chains around his neck,,,,,,,,,,,,,
image_4559.jpg,"a photo of a group of frogs with the capt that says when you try to do your own, and",,,,,,,,,,,,,
image_456.jpg,a photo of a young boy with a smile on his face,,,,,,,,,,,,,
image_4560.png,a photo of an old man with white hair and beards,,,,,,,,,,,,,
image_4561.png,a photo of a woman and a man with long hair,,,,,,,,,,,,,
image_4562.jpg,a photo of a woman with her arms in the air,,,,,,,,,,,,,
image_4563.png,a photo of a person with an american flag on their head,,,,,,,,,,,,,
image_4564.jpg,a photo of a man with a gun in his hand,,,,,,,,,,,,,
image_4565.jpg,a photo of a man sitting at a table with a bottle of beer,,,,,,,,,,,,,
image_4566.jpg,a photo of a man with glasses in front of people,,,,,,,,,,,,,
image_4567.jpg,a photo of a ship in the water with people taking pictures of it,,,,,,,,,,,,,
image_4568.jpg,a photo of a man in uniform talking to another man,,,,,,,,,,,,,
image_4569.jpg,a photo of a man talking on a cell,,,,,,,,,,,,,
image_457.jpg,a photo of a man driving in a car,,,,,,,,,,,,,
image_4570.jpg,a photo of a referee with his arms out in the air,,,,,,,,,,,,,
image_4571.jpg,a photo of a man with a hat on his head,,,,,,,,,,,,,
image_4572.jpg,a photo of a group of football players on the field,,,,,,,,,,,,,
image_4573.jpeg,a photo of a penguin standing in the snow,,,,,,,,,,,,,
image_4574.jpg,a photo of president obama with the capt that says i don ' t,,,,,,,,,,,,,
image_4575.png,a photo of a man with a mustache and glasses in the avengers movie,,,,,,,,,,,,,
image_4576.jpg,a photo of a man wearing a baseball cap,,,,,,,,,,,,,
image_4577.png,a photo of some people sitting at desks,,,,,,,,,,,,,
image_4578.jpg,"a photo of a baby with the capt that reads, you mean that one day i will be to take",,,,,,,,,,,,,
image_4579.jpg,a photo of a man sitting in a chair,,,,,,,,,,,,,
image_458.jpg,a photo of two men talking in front of a tv screen,,,,,,,,,,,,,
image_4580.jpg,a photo of a man with a gun in his hand,,,,,,,,,,,,,
image_4581.jpg,a photo of a man proposing a woman on the street,,,,,,,,,,,,,
image_4582.jpg,"a photo of two people standing in front of a tv screen with the capt that reads, you want to",,,,,,,,,,,,,
image_4583.jpg,a photo of a man holding a gorilla in his arms,,,,,,,,,,,,,
image_4584.jpg,"a photo of game of thrones with the capt that reads, ` ' promise me '",,,,,,,,,,,,,
image_4585.jpg,a photo of a toy with the capt that says we ' veve an real community but i ' m,,,,,,,,,,,,,
image_4586.jpg,a photo of a man in a white shirt and blue shirt,,,,,,,,,,,,,
image_4587.jpg,a photo of a minion with the words you never told to do good stuff,,,,,,,,,,,,,
image_4588.png,a photo of a man with a smile on his face,,,,,,,,,,,,,
image_4589.jpg,a photo of a man in a suit and tie,,,,,,,,,,,,,
image_459.jpg,a photo of a man wearing a green lantern t - shirt,,,,,,,,,,,,,
image_4590.jpg,a photo of a bed with a balloon in the air,,,,,,,,,,,,,
image_4591.png,a photo of a woman with an expression on her face,,,,,,,,,,,,,
image_4592.png,a photo of a ship in the ocean at night,,,,,,,,,,,,,
image_4593.jpg,a photo of a cat sitting on a scratching board,,,,,,,,,,,,,
image_4594.jpg,"a photo of a woman with a red banda on her head and the words, ' what do you call",,,,,,,,,,,,,
image_4595.jpg,a photo of a man reading a newspaper,,,,,,,,,,,,,
image_4596.jpg,a photo of two men shaking hands in front of flags,,,,,,,,,,,,,
image_4597.jpg,a photo of a man with a violin in his hand,,,,,,,,,,,,,
image_4598.png,a photo of two people walking down the street,,,,,,,,,,,,,
image_4599.jpg,a photo of a cartoon character with a rainbow in the background,,,,,,,,,,,,,
image_46.jpg,a photo of iron man in the avengers movie,,,,,,,,,,,,,
image_460.jpg,"a photo of a guy with the capt that says, what is the big bag was reston for a",,,,,,,,,,,,,
image_4600.jpg,a photo of a clown with his hands up,,,,,,,,,,,,,
image_4601.png,"a photo of a man in armor holding two swords, with the capt that says no man kill him run",,,,,,,,,,,,,
image_4602.jpeg,a photo of a baby sitting at a table with beer,,,,,,,,,,,,,
image_4603.png,a photo of two people in the water,,,,,,,,,,,,,
image_4604.jpg,a photo of a man wearing sunglasses with the capt that says what i told you,,,,,,,,,,,,,
image_4605.jpg,a photo of a bride and groom posing for the camera,,,,,,,,,,,,,
image_4606.jpg,a photo of the joker from batman,,,,,,,,,,,,,
image_4607.png,a photo of a girl with a crown on her head,,,,,,,,,,,,,
image_4608.jpg,a photo of a man in a suit and tie pointing at the camera,,,,,,,,,,,,,
image_4609.jpg,a photo of a black cat wearing a bow tie,,,,,,,,,,,,,
image_461.jpg,a photo of a man wearing a hat and smiling,,,,,,,,,,,,,
image_4610.png,a photo of a man wearing a tie,,,,,,,,,,,,,
image_4611.jpg,a photo of a minion with a quote on it,,,,,,,,,,,,,
image_4612.jpg,a photo of a minion with a quote on it,,,,,,,,,,,,,
image_4613.jpg,a photo of a man with long hair looking at the camera,,,,,,,,,,,,,
image_4614.jpg,a photo of two men and a woman talking to each other people,,,,,,,,,,,,,
image_4615.jpg,a photo of a man in a suit and tie,,,,,,,,,,,,,
image_4616.png,a photo of dead deadpool with the capt,,,,,,,,,,,,,
image_4617.jpg,a photo of two chimps sitting on top of a tree,,,,,,,,,,,,,
image_4618.png,a photo of a man in a suit and tie,,,,,,,,,,,,,
image_4619.jpg,a photo of a man sitting on top of an inflatable,,,,,,,,,,,,,
image_462.jpeg,a photo of a man in a blue shirt,,,,,,,,,,,,,
image_4620.jpg,"a photo of a woman lying in bed with the capt that reads, ` ' hey, just you and",,,,,,,,,,,,,
image_4621.png,a photo of a cat that is looking at the camera,,,,,,,,,,,,,
image_4622.png,a photo of a group of people posing for the camera,,,,,,,,,,,,,
image_4623.jpg,a photo of the president giving a thumbs gesture,,,,,,,,,,,,,
image_4624.jpg,a photo of a man in a suit and tie,,,,,,,,,,,,,
image_4625.png,a photo of a man in a blue shirt and shorts walking down the street,,,,,,,,,,,,,
image_4626.jpg,a photo of an older woman walking down the street,,,,,,,,,,,,,
image_4627.jpg,a photo of two different faces with the words school days and exam days,,,,,,,,,,,,,
image_4628.jpg,a photo of two men in front of a laptop,,,,,,,,,,,,,
image_4629.jpg,a photo of a man in a suit sitting at a desk,,,,,,,,,,,,,
image_463.jpg,a photo of a man sitting at a desk with a computer,,,,,,,,,,,,,
image_4630.jpg,a photo of a man sitting on a bench,,,,,,,,,,,,,
image_4631.JPG,a photo of a cat laying on a couch,,,,,,,,,,,,,
image_4632.jpeg,a photo of a cartoon character flying in the air,,,,,,,,,,,,,
image_4633.jpg,a photo of the face of a man that says you have a case of intrale misy,,,,,,,,,,,,,
image_4634.jpg,"a photo of a man in sunglasses with the capt that reads, ' at school, i can ' t",,,,,,,,,,,,,
image_4635.jpg,a photo of a man swimming in the ocean,,,,,,,,,,,,,
image_4636.jpg,a photo of a cat with the capt that says i just over donald and hillary at the same time you,,,,,,,,,,,,,
image_4637.png,a photo of a man in an orange jacket talking on the phone,,,,,,,,,,,,,
image_4638.jpg,a photo of a man in a military uniform,,,,,,,,,,,,,
image_4639.jpg,a photo of a cartoon character with two different expressions,,,,,,,,,,,,,
image_464.jpg,a photo of two people sitting on a couch,,,,,,,,,,,,,
image_4640.png,a photo of two men shaking hands in front of flags,,,,,,,,,,,,,
image_4641.jpg,a photo of a man in uniform sitting on a chair,,,,,,,,,,,,,
image_4642.jpg,a photo of a person with a clown face on it,,,,,,,,,,,,,
image_4643.png,a photo of a group of birds standing in the dirt,,,,,,,,,,,,,
image_4644.jpg,"a photo of a man with the capt that says, but i ' m such a nice guy",,,,,,,,,,,,,
image_4645.png,a photo of two different pictures of the same characters,,,,,,,,,,,,,
image_4646.jpg,"a photo of two men on twitter, one is laughing and the other is smiling",,,,,,,,,,,,,
image_4647.jpg,a photo of two men talking to each other man,,,,,,,,,,,,,
image_4648.png,"a photo of a man with long hair, wearing a black coat and looking at the camera",,,,,,,,,,,,,
image_4649.png,"a photo of two men in suits, one is talking to the other man",,,,,,,,,,,,,
image_465.jpg,"a photo of two people in a kitchen, one is holding the other person",,,,,,,,,,,,,
image_4650.jpg,a photo of an older man in a suit and tie,,,,,,,,,,,,,
image_4651.jpeg,a photo of two men hugging each other men in front of flags,,,,,,,,,,,,,
image_4652.jpg,a photo of two soccer players on the field,,,,,,,,,,,,,
image_4653.jpg,"a photo of a man holding a microphone with the capt that reads, ` ' when i ' m '",,,,,,,,,,,,,
image_4654.png,a photo of a cat that is looking at the camera,,,,,,,,,,,,,
image_4655.jpg,a photo of a group of penguins on the beach,,,,,,,,,,,,,
image_4656.jpg,a photo of a woman in a fur coat with the capt that says i love playing with snowballs,,,,,,,,,,,,,
image_4657.jpg,a photo of a man talking on the phone,,,,,,,,,,,,,
image_4658.jpg,"a photo of a man in a suit and tie, with the capt that says what is it??",,,,,,,,,,,,,
image_4659.jpg,a photo of a kid in the snow with a polar bear,,,,,,,,,,,,,
image_466.jpeg,a photo of two people dressed as the flash,,,,,,,,,,,,,
image_4660.jpg,a photo of a man driving in a car,,,,,,,,,,,,,
image_4661.jpg,a photo of a man with a sword on his head and the capt says i want to be the king,,,,,,,,,,,,,
image_4662.jpg,a photo of a woman holding a microphone,,,,,,,,,,,,,
image_4663.jpg,a photo of a woman with long white hair and glasses,,,,,,,,,,,,,
image_4664.jpg,a photo of a man in a suit sitting at a desk,,,,,,,,,,,,,
image_4665.png,a photo of president obama and president trump,,,,,,,,,,,,,
image_4666.png,a photo of a cat with its mouth open,,,,,,,,,,,,,
image_4667.jpg,a photo of a man in a suit and tie,,,,,,,,,,,,,
image_4668.png,a photo of a man in a suit and tie,,,,,,,,,,,,,
image_4669.jpg,a photo of a woman in front of an american flag,,,,,,,,,,,,,
image_467.jpeg,a photo of a man in a blue shirt,,,,,,,,,,,,,
image_4670.jpg,a photo of the joker in batman movie,,,,,,,,,,,,,
image_4671.png,a photo of a man in a suit and tie,,,,,,,,,,,,,
image_4672.jpg,a photo of the president talking on his phone,,,,,,,,,,,,,
image_4673.jpg,a photo of a man with a red circle on his head,,,,,,,,,,,,,
image_4674.jpg,a photo of an old man with glasses and a red and green background,,,,,,,,,,,,,
image_4675.png,a photo of a cartoon cat playing tennis,,,,,,,,,,,,,
image_4676.png,"a photo of an old man with the capt that reads it ' s no more dv congress, ap",,,,,,,,,,,,,
image_4677.jpg,a photo of a man talking on the phone,,,,,,,,,,,,,
image_4678.jpg,a photo of the cleveland cavaliers ' s lebrone during a game,,,,,,,,,,,,,
image_4679.jpg,a photo of a woman pointing her finger at the camera,,,,,,,,,,,,,
image_468.jpg,a photo of a girl with the capt that says watch big bang theory and star wars,,,,,,,,,,,,,
image_4680.jpg,a photo of a cat sitting in a boat,,,,,,,,,,,,,
image_4681.jpg,a photo of some food items on a table,,,,,,,,,,,,,
image_4682.jpg,"a photo of a man sitting in a car with the capt that reads, ` i ' ll ' ve",,,,,,,,,,,,,
image_4683.jpg,a photo of a baby holding a teddy bear,,,,,,,,,,,,,
image_4684.jpg,a photo of a person with a hat on,,,,,,,,,,,,,
image_4685.jpg,a photo of a man in a suit and tie,,,,,,,,,,,,,
image_4686.jpg,a photo of a man sitting in a chair,,,,,,,,,,,,,
image_4687.jpg,a photo of a man in a suit and tie,,,,,,,,,,,,,
image_4688.jpg,a photo of two men standing next to each other men,,,,,,,,,,,,,
image_4689.jpg,a photo of two women sitting at a table with a child,,,,,,,,,,,,,
image_469.jpg,a photo of a man with a smile on his face,,,,,,,,,,,,,
image_4690.jpg,a photo of a man wearing a cowboy hat,,,,,,,,,,,,,
image_4691.png,"a photo of two superheros, one with a gun and the other holding guns",,,,,,,,,,,,,
image_4692.jpg,a photo of a spider and a man in a suit,,,,,,,,,,,,,
image_4693.png,a photo of a man in a suit and tie reading a book,,,,,,,,,,,,,
image_4694.jpg,"a photo of a man in a suit and tie with the capt that reads, when you ' reting",,,,,,,,,,,,,
image_4695.jpg,a photo of the president sitting in front of an american flag,,,,,,,,,,,,,
image_4696.jpg,a photo of a man in a suit and tie,,,,,,,,,,,,,
image_4697.jpeg,a photo of a man holding a glass of wine,,,,,,,,,,,,,
image_4698.jpg,a photo of a cat sitting on the floor,,,,,,,,,,,,,
image_4699.jpg,a photo of a man in a suit and tie,,,,,,,,,,,,,
image_47.jpg,a photo of loki and loki in the avengers movie,,,,,,,,,,,,,
image_470.jpeg,a photo of a man in a blue shirt sitting on a couch,,,,,,,,,,,,,
image_4700.jpg,"a photo of a cat with the capt that says, ` ` '",,,,,,,,,,,,,
image_4701.jpg,a photo of an elf sitting in front of a can,,,,,,,,,,,,,
image_4702.jpg,a photo of a baby sitting in a high chair,,,,,,,,,,,,,
image_4703.jpg,"a photo of game of thrones with the capt that reads, ' i heard you were fucked by me",,,,,,,,,,,,,
image_4704.jpeg,a photo of a family with their dog,,,,,,,,,,,,,
image_4705.png,a photo of a woman in a suit sitting at a table with a stack of coins and the words sorry,,,,,,,,,,,,,
image_4706.png,a photo of a man holding a baseball bat,,,,,,,,,,,,,
image_4707.png,a photo of a man in a suit and tie,,,,,,,,,,,,,
image_4708.png,a photo of donald the trump is shown in this mememe,,,,,,,,,,,,,
image_4709.jpg,a photo of two men standing next to each other man,,,,,,,,,,,,,
image_471.jpg,a photo of a young man in a t - shirt,,,,,,,,,,,,,
image_4710.jpg,a photo of a baby with the capt that says never be like they have digital classrooms but internet,,,,,,,,,,,,,
image_4711.jpg,a photo of an image of a cartoon character with the words ' we know who ' s winning? ',,,,,,,,,,,,,
image_4712.png,a photo of a man in a red shirt with his hand on his chin,,,,,,,,,,,,,
image_4713.jpg,a photo of a man with his mouth open,,,,,,,,,,,,,
image_4714.jpg,"a photo of a man wearing sunglasses with the capt that says, hey check that male privilege at the door",,,,,,,,,,,,,
image_4715.jpg,a photo of a cat looking up at the camera,,,,,,,,,,,,,
image_4716.png,"a photo of the capitol building with text that reads, if it ' s washington",,,,,,,,,,,,,
image_4717.jpg,a photo of a man sitting at a desk,,,,,,,,,,,,,
image_4718.jpg,a photo of a girl sitting in the back seat of her car,,,,,,,,,,,,,
image_4719.jpg,a photo of a woman with makeup on her face,,,,,,,,,,,,,
image_472.jpg,a photo of a man sitting in a chair,,,,,,,,,,,,,
image_4720.jpg,a photo of a man in a suit and tie,,,,,,,,,,,,,
image_4721.png,"a photo of a baby crying in the grass with text that reads, my mom thinks my friends are bad",,,,,,,,,,,,,
image_4722.jpg,"a photo of vladimir putin with the capt that reads, don ' t always invade in country but when it",,,,,,,,,,,,,
image_4723.jpg,a photo of a man with glasses and a quote on it,,,,,,,,,,,,,
image_4724.png,a photo of a man sitting in a car,,,,,,,,,,,,,
image_4725.png,a photo of a group of children dancing together,,,,,,,,,,,,,
image_4726.jpg,a photo of the joker in batman,,,,,,,,,,,,,
image_4727.jpeg,a photo of a man in a suit and tie,,,,,,,,,,,,,
image_4728.jpg,a photo of a little girl with an expression on her face,,,,,,,,,,,,,
image_4729.jpg,"a photo of a black background with a white text that reads, ` i ' d ' t sign my",,,,,,,,,,,,,
image_473.jpg,a photo of a group of people sitting around a table,,,,,,,,,,,,,
image_4730.jpg,"a photo of a man with a ring in his hand, and the capt reads, always on time",,,,,,,,,,,,,
image_4731.jpg,a photo of a baby looking at the camera,,,,,,,,,,,,,
image_4732.jpg,a photo of three women sitting next to each other women,,,,,,,,,,,,,
image_4733.jpg,a photo of a man in a suit talking on the phone,,,,,,,,,,,,,
image_4734.jpg,a photo of a man in a suit talking to another man,,,,,,,,,,,,,
image_4735.jpg,a photo of a person holding a wand,,,,,,,,,,,,,
image_4736.png,a photo of a man in a suit and tie,,,,,,,,,,,,,
image_4737.png,a photo of some avengers memes,,,,,,,,,,,,,
image_4738.jpg,a photo of a man and woman sitting at a table with a laptop,,,,,,,,,,,,,
image_4739.jpg,a photo of a man holding a gun and pointing at the camera,,,,,,,,,,,,,
image_474.jpg,a photo of a group of people with the words in parallel universe,,,,,,,,,,,,,
image_4740.jpg,a photo of two men talking to each other man,,,,,,,,,,,,,
image_4741.jpeg,"a photo of two cartoon characters, one with a gun and the other holding a knife",,,,,,,,,,,,,
image_4742.jpg,"a photo of two cartoon characters, one with a cat and the other holding a piece of wood",,,,,,,,,,,,,
image_4743.jpg,a photo of a man in a suit and tie,,,,,,,,,,,,,
image_4744.png,"a photo of a man in the water with a fish and a capt that reads, sometimes i ' m",,,,,,,,,,,,,
image_4745.jpg,a photo of a man in a suit pointing at the camera,,,,,,,,,,,,,
image_4746.jpeg,a photo of the lyrics for the song,,,,,,,,,,,,,
image_4747.jpg,a photo of a man holding a gun,,,,,,,,,,,,,
image_4748.jpg,a photo of two men standing next to each other man,,,,,,,,,,,,,
image_4749.png,a photo of a man in a suit and tie pointing his finger at the camera,,,,,,,,,,,,,
image_475.jpg,"a photo of a person sitting at a desk with the capt that reads, you can ' t make half",,,,,,,,,,,,,
image_4750.jpg,a photo of a man with a beard and mustache,,,,,,,,,,,,,
image_4751.jpg,a photo of a cat that is sitting on a bed,,,,,,,,,,,,,
image_4752.png,a photo of a person with a hat on,,,,,,,,,,,,,
image_4753.jpg,a photo of a man in a suit and tie holding a fire exor,,,,,,,,,,,,,
image_4754.jpg,a photo of a green tile with the words what ' s the color?,,,,,,,,,,,,,
image_4755.jpg,a photo of a man sitting at a table with a laptop,,,,,,,,,,,,,
image_4756.jpg,a photo of a woman looking at her phone,,,,,,,,,,,,,
image_4757.jpg,a photo of a person jumping with an umbrella,,,,,,,,,,,,,
image_4758.jpg,a photo of a minion with a barbell in front of it,,,,,,,,,,,,,
image_4759.jpg,a photo of a spider and a dead spider,,,,,,,,,,,,,
image_476.jpg,a photo of a man in a red shirt,,,,,,,,,,,,,
image_4760.jpg,a photo of a man in a fur coat with a credit card,,,,,,,,,,,,,
image_4761.jpg,a photo of a blue fish with the words ' that is something i never to from ',,,,,,,,,,,,,
image_4762.jpg,a photo of a baby playing with an egg,,,,,,,,,,,,,
image_4763.jpg,a photo of a man in a suit and tie,,,,,,,,,,,,,
image_4764.jpg,a photo of a man sitting at a desk in the oval room,,,,,,,,,,,,,
image_4765.jpg,a photo of a man in a suit and tie,,,,,,,,,,,,,
image_4766.jpg,a photo of a woman wearing a t shirt with the words equality means,,,,,,,,,,,,,
image_4767.jpg,a photo of a wrestler in the middle of the wrestling ring,,,,,,,,,,,,,
image_4768.png,a photo of people walking on the street with text that reads mr beary - cath ultra pokemon,,,,,,,,,,,,,
image_4769.jpg,a photo of a man in a blue shirt,,,,,,,,,,,,,
image_477.jpg,a photo of a shirtless man in a car,,,,,,,,,,,,,
image_4770.png,"a photo of a text that reads, ` ' that awkward moment '",,,,,,,,,,,,,
image_4771.jpg,a photo of the logo for beauty product,,,,,,,,,,,,,
image_4772.jpg,"a photo of two men in leather jackets, one with a beard and the other with long hair",,,,,,,,,,,,,
image_4773.jpg,a photo of a man and woman talking to each other people,,,,,,,,,,,,,
image_4774.png,"a photo of president obama and his wife, michelle",,,,,,,,,,,,,
image_4775.jpg,a photo of two men laughing at each other man,,,,,,,,,,,,,
image_4776.jpg,a photo of a man with an evil look on his face,,,,,,,,,,,,,
image_4777.png,a photo of a child laughing and holding a piece of cake,,,,,,,,,,,,,
image_4778.png,a photo of two men in suits talking to each other man,,,,,,,,,,,,,
image_4779.jpg,a photo of a wall with pictures hanging on it,,,,,,,,,,,,,
image_478.jpg,a photo of a man and woman in a kitchen,,,,,,,,,,,,,
image_4780.jpg,a photo of a man in a suit sitting on a chair,,,,,,,,,,,,,
image_4781.jpg,a photo of a woman holding a sign,,,,,,,,,,,,,
image_4782.jpg,a photo of a woman wearing a blue hat,,,,,,,,,,,,,
image_4783.jpg,a photo of a stick figure with the text ` ' this is illegal ',,,,,,,,,,,,,
image_4784.png,a photo of a man in a suit and tie hugging another man,,,,,,,,,,,,,
image_4785.jpg,a photo of a batman with the capt that says i believe in math harvey,,,,,,,,,,,,,
image_4786.jpg,a photo of president obama looking at the camera,,,,,,,,,,,,,
image_4787.jpeg,a photo of a woman holding a baby,,,,,,,,,,,,,
image_4788.jpg,a photo of two men talking to each other man,,,,,,,,,,,,,
image_4789.png,a photo of a man holding an american flag,,,,,,,,,,,,,
image_479.jpg,a photo of two people with different faces,,,,,,,,,,,,,
image_4790.png,a photo of a woman with the words eye patch technology has not advanced to years,,,,,,,,,,,,,
image_4791.jpg,"a photo of a man with a beard and a text that reads, ' cool cower wannar?",,,,,,,,,,,,,
image_4792.jpg,a photo of a man in bed with a woman looking at him,,,,,,,,,,,,,
image_4793.jpg,a photo of a penguin on a blue background,,,,,,,,,,,,,
image_4794.jpg,a photo of a man in a suit and tie,,,,,,,,,,,,,
image_4795.jpg,a photo of a man with the words industrial revolution where there is better technology,,,,,,,,,,,,,
image_4796.jpg,a photo of a man in a shirt and tie,,,,,,,,,,,,,
image_4797.jpg,a photo of albert einstein with a quote on it,,,,,,,,,,,,,
image_4798.png,a photo of a man and woman with the words what happened 10 years ago in india,,,,,,,,,,,,,
image_4799.jpeg,a photo of two men standing next to each other people,,,,,,,,,,,,,
image_48.jpg,"a photo of a man in a superman suit with the capt that reads, ' seriously, i stop all",,,,,,,,,,,,,
image_480.jpg,a photo of a man sitting at a desk,,,,,,,,,,,,,
image_4800.jpg,a photo of president person in front of an american flag,,,,,,,,,,,,,
image_4801.jpg,a photo of a man holding a card in front of an audience,,,,,,,,,,,,,
image_4802.png,a photo of hillary clinton on a black background,,,,,,,,,,,,,
image_4803.jpg,a photo of a man sitting on the grass,,,,,,,,,,,,,
image_4804.jpeg,a photo of an animal wearing a blue jacket,,,,,,,,,,,,,
image_4805.png,a photo of the amazing spider - man,,,,,,,,,,,,,
image_4806.png,a photo of a group of people in green light,,,,,,,,,,,,,
image_4807.jpg,a photo of two penguins and one penguin holding a drink,,,,,,,,,,,,,
image_4808.png,a photo of a woman in a red dress,,,,,,,,,,,,,
image_4809.jpg,a photo of a girl pointing at the camera,,,,,,,,,,,,,
image_481.jpg,a photo of a woman holding a laptop,,,,,,,,,,,,,
image_4810.jpg,a photo of a man with a smile on his face,,,,,,,,,,,,,
image_4811.jpg,a photo of a man and woman in bed,,,,,,,,,,,,,
image_4812.jpeg,a photo of two men in military uniforms drinking beer,,,,,,,,,,,,,
image_4813.jpg,a photo of a man with a beard drinking from a cup,,,,,,,,,,,,,
image_4814.jpg,a photo of a man in a red shirt pointing his finger at the camera,,,,,,,,,,,,,
image_4815.jpg,a photo of a man with glasses and a green background,,,,,,,,,,,,,
image_4816.jpg,a photo of an old man with long hair and a hat,,,,,,,,,,,,,
image_4817.jpg,"a photo of game of thrones with the capt that reads, ` would you push me? '",,,,,,,,,,,,,
image_4818.png,a photo of a woman with red hair and glasses,,,,,,,,,,,,,
image_4819.jpg,a photo of a girl with red hair and an american flag,,,,,,,,,,,,,
image_482.jpg,a photo of a man in a suit and tie with the words big bang theory,,,,,,,,,,,,,
image_4820.jpg,"a photo of a man in a top hat with the capt that reads, you think obama is the worst",,,,,,,,,,,,,
image_4821.jpg,a photo of a slot bear on a cruise ship,,,,,,,,,,,,,
image_4822.png,a photo of a man with a hat and glasses,,,,,,,,,,,,,
image_4823.png,a photo of a frog with headphones on,,,,,,,,,,,,,
image_4824.jpg,a photo of two monkeys on the ground,,,,,,,,,,,,,
image_4825.jpg,a photo of a frog ' s face with different expressions,,,,,,,,,,,,,
image_4826.jpg,a photo of a dog sitting on top of another dog,,,,,,,,,,,,,
image_4827.png,a photo of a man and woman walking down the street,,,,,,,,,,,,,
image_4828.jpeg,"a photo of a spider with the capt that reads, if i wanted your opinion",,,,,,,,,,,,,
image_4829.jpg,"a photo of a graduation cap with the words, ` i ' ve got out it '",,,,,,,,,,,,,
image_483.jpg,a photo of a bunch of people in a room,,,,,,,,,,,,,
image_4830.jpg,a photo of a woman wearing a camouflage hat,,,,,,,,,,,,,
image_4831.png,a photo of a man wearing a cowboy hat,,,,,,,,,,,,,
image_4832.jpg,a photo of a cat that says i ' ve sen some sh,,,,,,,,,,,,,
image_4833.png,a photo of a man talking on the phone,,,,,,,,,,,,,
image_4834.jpg,a photo of a girl with an orange butterfly on her head,,,,,,,,,,,,,
image_4835.png,a photo of a man with long hair and beards,,,,,,,,,,,,,
image_4836.png,"a photo of a clown with the capt that reads, ' i ' m being the joker to kill as",,,,,,,,,,,,,
image_4837.jpg,"a photo of a man in a suit and tie, with the capt that reads aliens",,,,,,,,,,,,,
image_4838.jpg,"a photo of person and person in harry ' s house, with the capt that reads ` i ' m",,,,,,,,,,,,,
image_4839.jpg,"a photo of a man in a suit and tie with the capt that says, what was supposed to be",,,,,,,,,,,,,
image_484.jpg,a photo of a bunch of people in a kitchen,,,,,,,,,,,,,
image_4840.jpg,a photo of a man sitting in a chair,,,,,,,,,,,,,
image_4841.png,"a photo of two women, one smiling and the other looking at the camera",,,,,,,,,,,,,
image_4842.jpg,a photo of a glass with a drink on it,,,,,,,,,,,,,
image_4843.jpg,"a photo of a seal with the capt that says, you mess with sea things on a real",,,,,,,,,,,,,
image_4844.jpg,a photo of a man in white robes holding a sword,,,,,,,,,,,,,
image_4845.png,a photo of a woman with an orange hair and glasses,,,,,,,,,,,,,
image_4846.jpg,a photo of a woman sitting on a tire,,,,,,,,,,,,,
image_4847.jpg,a photo of a man in a suit sitting at a table,,,,,,,,,,,,,
image_4848.jpg,"a photo of a man in a suit and tie, with the capt that reads, ' not standing for",,,,,,,,,,,,,
image_4849.jpg,a photo of a man talking on the phone,,,,,,,,,,,,,
image_485.jpg,a photo of a woman holding a cell,,,,,,,,,,,,,
image_4850.jpg,a photo of harry and hermi,,,,,,,,,,,,,
image_4851.jpg,a photo of a cat reading a book,,,,,,,,,,,,,
image_4852.jpeg,"a photo of two people in a room, one is holding the other person ' s head",,,,,,,,,,,,,
image_4853.jpg,"a photo of the bjp party, which has been to be",,,,,,,,,,,,,
image_4854.jpg,a photo of a bird on a bike,,,,,,,,,,,,,
image_4855.png,a photo of a man holding a baby in his lap,,,,,,,,,,,,,
image_4856.png,a photo of two men sitting at a table,,,,,,,,,,,,,
image_4857.jpg,a photo of the face of a man in a car,,,,,,,,,,,,,
image_4858.jpg,a photo of a woman talking on the phone,,,,,,,,,,,,,
image_4859.jpg,"a photo of an old man with glasses and a green background that says, you watch me? why not",,,,,,,,,,,,,
image_486.png,a photo of a person sitting at a table,,,,,,,,,,,,,
image_4860.png,a photo of a child with the text what i look when i smile at someone,,,,,,,,,,,,,
image_4861.png,a photo of a group of children dancing together,,,,,,,,,,,,,
image_4862.jpg,a photo of a man singing into a microphone,,,,,,,,,,,,,
image_4863.jpg,a photo of a man sitting on a couch holding a glass of wine,,,,,,,,,,,,,
image_4864.jpg,a photo of a frog with an angry expression,,,,,,,,,,,,,
image_4865.jpg,a photo of a dam with the words in it,,,,,,,,,,,,,
image_4866.png,a photo of a woman drinking from a cup,,,,,,,,,,,,,
image_4867.jpg,a photo of a cartoon character holding up a light,,,,,,,,,,,,,
image_4868.png,"a photo of president obama with the capt that reads, it ' s not getting they ' re your friends",,,,,,,,,,,,,
image_4869.jpg,a photo of a man wearing glasses with the words guess you could say that had to them,,,,,,,,,,,,,
image_487.jpg,a photo of a group of people posing for the camera,,,,,,,,,,,,,
image_4870.jpg,a photo of a minion with a quote on it,,,,,,,,,,,,,
image_4871.jpg,a photo of a man in a black jacket with his hands out,,,,,,,,,,,,,
image_4872.png,"a photo of a woman holding a cigarette with the capt that reads, i ' m kind of lady you",,,,,,,,,,,,,
image_4873.png,a photo of the joker in different expressions,,,,,,,,,,,,,
image_4874.png,a photo of dead deadpool with the capt,,,,,,,,,,,,,
image_4875.jpeg,a photo of a dead deadpool with a gun in his hand,,,,,,,,,,,,,
image_4876.jpg,a photo of a woman with blonde hair and blue eyes,,,,,,,,,,,,,
image_4877.png,a photo of a woman with a smile on her face,,,,,,,,,,,,,
image_4878.png,a photo of deadpool on a facebook page,,,,,,,,,,,,,
image_4879.jpg,a photo of a man in a suit and tie,,,,,,,,,,,,,
image_488.jpg,a photo of two and a half men on the set of the big bang,,,,,,,,,,,,,
image_4880.jpg,a photo of two men talking to each other man,,,,,,,,,,,,,
image_4881.jpg,a photo of a cat sitting on the ground,,,,,,,,,,,,,
image_4882.jpg,a photo of a woman with her face in the middle of the frame,,,,,,,,,,,,,
image_4883.jpg,a photo of a woman surrounded by leaves,,,,,,,,,,,,,
image_4884.jpg,a photo of a sea otter in the water,,,,,,,,,,,,,
image_4885.jpg,a photo of a man in a suit and tie laughing,,,,,,,,,,,,,
image_4886.jpg,a photo of minions from the minions movie,,,,,,,,,,,,,
image_4887.jpg,"a photo of a baby with the capt that reads, so you ' re trying to tell me",,,,,,,,,,,,,
image_4888.jpg,a photo of a man talking on the phone,,,,,,,,,,,,,
image_4889.jpeg,a photo of a man in a suit and tie,,,,,,,,,,,,,
image_489.jpg,a photo of two women talking to each other women,,,,,,,,,,,,,
image_4890.png,a photo of a man wearing a hat and sunglasses,,,,,,,,,,,,,
image_4891.jpg,a photo of a cartoon character wearing a hat,,,,,,,,,,,,,
image_4892.jpg,a photo of the president pointing his finger at the camera,,,,,,,,,,,,,
image_4893.jpg,a photo of a man wearing a hat and looking at the camera,,,,,,,,,,,,,
image_4894.jpg,a photo of a person with a brain in the background,,,,,,,,,,,,,
image_4895.jpg,a photo of president obama hugging his wife,,,,,,,,,,,,,
image_4896.jpg,a photo of the president with a quote on it,,,,,,,,,,,,,
image_4897.jpg,a photo of a woman holding a cell phone,,,,,,,,,,,,,
image_4898.png,a photo of a woman in an orange shirt with the words if you would stop asking i could ' t,,,,,,,,,,,,,
image_4899.jpg,a photo of a man in a suit holding a microphone,,,,,,,,,,,,,
image_49.png,"a photo of the avengers movie scene with the capt that reads, ' avengers ending is complete, it '",,,,,,,,,,,,,
image_490.jpg,a photo of three men sitting on a couch in a living room,,,,,,,,,,,,,
image_4900.png,"a photo of an older woman with the words i ' m not racist, but my shadow is black",,,,,,,,,,,,,
image_4901.png,a photo of a cartoon character with the words spiderman never heard her,,,,,,,,,,,,,
image_4902.jpg,a photo of a man in a suit sitting at a table,,,,,,,,,,,,,
image_4903.png,a photo of a cat and a comic book,,,,,,,,,,,,,
image_4904.jpg,a photo of a man wearing suspends and holding a cup,,,,,,,,,,,,,
image_4905.jpg,a photo of the duke and duchess kissing on their wedding day,,,,,,,,,,,,,
image_4906.jpeg,a photo of the joker and batman,,,,,,,,,,,,,
image_4907.jpg,a photo of a person sitting at a desk,,,,,,,,,,,,,
image_4908.jpg,a photo of two people talking to each other person,,,,,,,,,,,,,
image_4909.jpg,a photo of a man laying in bed with the capt that says what do you do when you ' re,,,,,,,,,,,,,
image_491.jpg,a photo of a man with a bird on his shoulder,,,,,,,,,,,,,
image_4910.jpg,"a photo of a spider in a room with the capt that says,",,,,,,,,,,,,,
image_4911.png,a photo of a penguin sitting on the ground,,,,,,,,,,,,,
image_4912.jpg,a photo of a man with glasses and a white shirt,,,,,,,,,,,,,
image_4913.png,a photo of a woman in a green costume,,,,,,,,,,,,,
image_4914.jpg,a photo of a basketball player on the court,,,,,,,,,,,,,
image_4915.jpg,a photo of a man in a tuxed tux,,,,,,,,,,,,,
image_4916.jpg,a photo of a person with a quote on it,,,,,,,,,,,,,
image_4917.jpg,a photo of a man with the capt that says he is black in bitchs doesn to his friends,,,,,,,,,,,,,
image_4918.jpg,a photo of a fish and a clown in the ocean,,,,,,,,,,,,,
image_4919.png,a photo of a quote that reads it ' s always better than to have the complicated discussion,,,,,,,,,,,,,
image_492.jpg,"a photo of two people sitting at a table with the capt that reads, you are my best friend",,,,,,,,,,,,,
image_4920.jpg,a photo of a man and woman talking to each other people,,,,,,,,,,,,,
image_4921.png,a photo of a man wearing a top hat,,,,,,,,,,,,,
image_4922.jpeg,a photo of an otter sitting on a rock,,,,,,,,,,,,,
image_4923.png,"a photo of a woman in a black dress and sunglasses with the capt that reads, ' no you are",,,,,,,,,,,,,
image_4924.jpg,a photo of a cat looking up at the camera,,,,,,,,,,,,,
image_4925.png,"a photo of a man with a microphone and the capt that reads, ' don '",,,,,,,,,,,,,
image_4926.jpg,a photo of a man driving a yellow car,,,,,,,,,,,,,
image_4927.jpg,"a photo of a cat and a mouse with the capt that reads, when i ' m ' n y",,,,,,,,,,,,,
image_4928.jpg,a photo of a man with no shirt on,,,,,,,,,,,,,
image_4929.jpg,a photo of president trump pointing at the camera,,,,,,,,,,,,,
image_493.png,"a photo of a woman in a kitchen with the capt that reads, i ' ve probably post this before",,,,,,,,,,,,,
image_4930.jpg,a photo of hillary pointing at the camera,,,,,,,,,,,,,
image_4931.jpg,a photo of a man in a suit holding a wine glass,,,,,,,,,,,,,
image_4932.jpg,a photo of a man with a pipe in his hand,,,,,,,,,,,,,
image_4933.png,"a photo of a cartoon character with the capt that says, ' i ' m ' in the middle of",,,,,,,,,,,,,
image_4934.jpg,a photo of a man wearing a cowboy hat and holding a guitar,,,,,,,,,,,,,
image_4935.png,a photo of a man in a baseball cap with the words this is racism,,,,,,,,,,,,,
image_4936.jpg,a photo of a girl and a boy playing with a game,,,,,,,,,,,,,
image_4937.jpeg,"a photo of a baby in a green shirt with the capt that says, contact me from baby brother survived",,,,,,,,,,,,,
image_4938.jpeg,a photo of a man in a suit and bow tie,,,,,,,,,,,,,
image_4939.png,a photo of a person with a hat on,,,,,,,,,,,,,
image_494.jpg,a photo of a woman in a yellow dress talking to a man,,,,,,,,,,,,,
image_4940.jpg,"a photo of a girl laughing with the capt that says, ` ` ' ' say i ' m lucky to have friend like you",,,,,,,,,,,,,
image_4941.jpeg,"a photo of a woman and a child with the capt that reads so you ' re me, you buy",,,,,,,,,,,,,
image_4942.jpg,a photo of a woman standing in front of an explosion,,,,,,,,,,,,,
image_4943.jpg,"a photo of a man wearing a hat and bow tie, with the capt that reads oh you ' re",,,,,,,,,,,,,
image_4944.jpg,a photo of a cat reading a newspaper,,,,,,,,,,,,,
image_4945.jpg,a photo of a man with his arms in the air,,,,,,,,,,,,,
image_4946.jpg,"a photo of two brides sitting on a couch with the capt that reads, a group of friends are",,,,,,,,,,,,,
image_4947.jpg,a photo of a boy with a knife in his mouth,,,,,,,,,,,,,
image_4948.jpg,a photo of one does not simply,,,,,,,,,,,,,
image_4949.jpg,"a photo of a man in an office with the capt that says, ` i ' m is the best",,,,,,,,,,,,,
image_495.png,a photo of a group of people sitting around a table,,,,,,,,,,,,,
image_4950.png,"a photo of a frog with a capt that reads, ' the problem is to eat spaghetti noodles '",,,,,,,,,,,,,
image_4951.jpg,a photo of two cats playing with each other cats,,,,,,,,,,,,,
image_4952.jpg,a photo of a man holding a gun,,,,,,,,,,,,,
image_4953.jpg,a photo of donald the trump is shown in this image,,,,,,,,,,,,,
image_4954.png,a photo of a man with long hair and a beard,,,,,,,,,,,,,
image_4955.jpg,a photo of the avengers movie characters,,,,,,,,,,,,,
image_4956.jpg,a photo of a man in a suit and sunglasses,,,,,,,,,,,,,
image_4957.jpg,a photo of a man talking on the phone,,,,,,,,,,,,,
image_4958.jpg,a photo of a group of men in military uniforms,,,,,,,,,,,,,
image_4959.jpg,a photo of a baby with a bottle of wine in the background,,,,,,,,,,,,,
image_496.png,a photo of a woman in a red dress,,,,,,,,,,,,,
image_4960.jpg,a photo of kim jong sitting at a table holding up a card,,,,,,,,,,,,,
image_4961.jpg,a photo of a man in a pink shirt and hat,,,,,,,,,,,,,
image_4962.jpg,a photo of a man with a beard and a microphone,,,,,,,,,,,,,
image_4963.jpg,a photo of a man in a sombre hat,,,,,,,,,,,,,
image_4964.jpg,a photo of a man in a suit holding an oscar statue,,,,,,,,,,,,,
image_4965.jpg,a photo of a man in a suit and tie with the capt that says when you become me on your,,,,,,,,,,,,,
image_4966.png,a photo of two men standing in front of a phone booth,,,,,,,,,,,,,
image_4967.jpg,a photo of a man in a white shirt speaking into a microphone,,,,,,,,,,,,,
image_4968.jpg,a photo of a man sitting on a desk,,,,,,,,,,,,,
image_4969.png,a photo of a man sitting at a table,,,,,,,,,,,,,
image_497.jpg,a photo of a man in a blue jacket and tie,,,,,,,,,,,,,
image_4970.jpg,a photo of a hand holding a car key,,,,,,,,,,,,,
image_4971.png,a photo of a man in a suit and tie,,,,,,,,,,,,,
image_4972.jpg,a photo of a man in a white shirt with the words on it,,,,,,,,,,,,,
image_4973.jpg,a photo of the characters from spider and venom,,,,,,,,,,,,,
image_4974.jpg,a photo of a cat that is sitting on the floor,,,,,,,,,,,,,
image_4975.jpg,a photo of a couple kissing on the couch,,,,,,,,,,,,,
image_4976.jpg,a photo of a man laying in bed with his head down,,,,,,,,,,,,,
image_4977.jpg,a photo of a man singing into a microphone,,,,,,,,,,,,,
image_4978.png,a photo of two people walking down the street,,,,,,,,,,,,,
image_4979.jpg,a photo of a brick wall with the words ohvet it ' s walls re,,,,,,,,,,,,,
image_498.jpg,a photo of a man sitting in a chair,,,,,,,,,,,,,
image_4980.jpg,a photo of a baby sitting at a table with beer,,,,,,,,,,,,,
image_4981.jpg,"a photo of a girl with the capt that says, he caught it ' s all for spying me",,,,,,,,,,,,,
image_4982.jpg,a photo of a minion holding an umbrella,,,,,,,,,,,,,
image_4983.jpg,a photo of a group of people standing next to each other people,,,,,,,,,,,,,
image_4984.jpg,a photo of a man in a black shirt,,,,,,,,,,,,,
image_4985.jpg,a photo of a baby in a tuxed suit,,,,,,,,,,,,,
image_4986.jpg,a photo of harry and hermile in harry ' s classroom,,,,,,,,,,,,,
image_4987.jpg,a photo of a man holding a guitar,,,,,,,,,,,,,
image_4988.jpg,a photo of a cat sitting in a tree,,,,,,,,,,,,,
image_4989.jpg,a photo of a man holding guns in front of an american flag,,,,,,,,,,,,,
image_499.png,a photo of a girl wearing glasses and pointing at the camera,,,,,,,,,,,,,
image_4990.jpg,"a photo of a cartoon character, with the capt that reads everyone who won? may leave every day",,,,,,,,,,,,,
image_4991.jpg,a photo of women with the words how women ' s emotions should be,,,,,,,,,,,,,
image_4992.jpg,a photo of a man in a fur coat holding a sword,,,,,,,,,,,,,
image_4993.png,a photo of a man in a suit with a quote on it,,,,,,,,,,,,,
image_4994.jpg,a photo of president person and a picture of a soldier,,,,,,,,,,,,,
image_4995.jpg,a photo of a woman holding a microphone,,,,,,,,,,,,,
image_4996.jpg,a photo of a woman helping a child with a book,,,,,,,,,,,,,
image_4997.jpg,a photo of game of thrones with the capt that reads that moment,,,,,,,,,,,,,
image_4998.jpg,a photo of two men sitting at a table in front of an american flag,,,,,,,,,,,,,
image_4999.jpg,a photo of a person drawing on a whiteboard,,,,,,,,,,,,,
image_5.png,"a photo of a man with long hair and a woman in a black dress text reads, 10 year challenge",,,,,,,,,,,,,
image_50.jpg,a photo of a man talking to another man,,,,,,,,,,,,,
image_500.png,a photo of a man talking on a phone,,,,,,,,,,,,,
image_5000.png,a photo of a baby orang in a hospital bed,,,,,,,,,,,,,
image_5001.jpg,a photo of a cat with its head in the air,,,,,,,,,,,,,
image_5002.jpg,a photo of a girl on the beach,,,,,,,,,,,,,
image_5003.jpg,"a photo of a man in a suit and tie, with the capt that reads ` sometimes i ' m",,,,,,,,,,,,,
image_5004.jpg,"a photo of a man in a purple suit and top hat with the capt that says, ` ' i",,,,,,,,,,,,,
image_5005.png,a photo of a man wearing a suit and tie,,,,,,,,,,,,,
image_5006.jpg,a photo of a woman speaking into a microphone,,,,,,,,,,,,,
image_5007.jpeg,a photo of a man in an old car,,,,,,,,,,,,,
image_5008.jpg,"a photo of a woman ' s hand with the words, my girlfriend is in 2 days and she '",,,,,,,,,,,,,
image_5009.jpg,a photo of a cat laying on the floor,,,,,,,,,,,,,
image_501.jpg,a photo of a young man in a red shirt singing into a microphone,,,,,,,,,,,,,
image_5010.jpg,a photo of a man in karate gear,,,,,,,,,,,,,
image_5011.jpg,a photo of a man in a suit and tie,,,,,,,,,,,,,
image_5012.jpg,a photo of a man holding a baby,,,,,,,,,,,,,
image_5013.jpg,a photo of an old woman sitting at a desk with a laptop,,,,,,,,,,,,,
image_5014.png,a photo of a man with a smile on his face,,,,,,,,,,,,,
image_5015.jpg,a photo of a cat sleeping on a couch,,,,,,,,,,,,,
image_5016.jpg,a photo of a man in a suit and tie,,,,,,,,,,,,,
image_5017.jpg,a photo of a white background with the text only one bottle of lavender and i ' m ' n y,,,,,,,,,,,,,
image_5018.jpg,a photo of a man with his hands up in the air,,,,,,,,,,,,,
image_5019.jpg,"a photo of a man with his mouth open and the capt reads, come on man, just you think",,,,,,,,,,,,,
image_502.jpg,a photo of two men talking to each other man in the same room,,,,,,,,,,,,,
image_5020.jpg,a photo of a minion with a quote on it,,,,,,,,,,,,,
image_5021.jpg,a photo of a man in a suit sitting at a desk,,,,,,,,,,,,,
image_5022.jpg,"a photo of a cartoon character with the capt that says, ` ` '",,,,,,,,,,,,,
image_5023.jpg,a photo of a man sitting on a bench with a child,,,,,,,,,,,,,
image_5024.jpg,a photo of a woman wearing a hat,,,,,,,,,,,,,
image_5025.jpg,a photo of a cat wearing a cowboy hat,,,,,,,,,,,,,
image_5026.jpg,a photo of a man with a hammer in his hand,,,,,,,,,,,,,
image_5027.jpg,"a photo of two men sitting at a table, one is talking to the other man",,,,,,,,,,,,,
image_5028.jpg,a photo of a man in a suit and hat on the tonight show,,,,,,,,,,,,,
image_5029.jpg,a photo of a man in a suit and tie,,,,,,,,,,,,,
image_503.jpg,a photo of a man with a pencil in his mouth,,,,,,,,,,,,,
image_5030.jpg,a photo of a baby sitting on the beach,,,,,,,,,,,,,
image_5031.jpg,a photo of a man in a suit and tie,,,,,,,,,,,,,
image_5032.jpg,a photo of two people walking down a path with the words how to get girlfriend,,,,,,,,,,,,,
image_5033.png,a photo of an older woman looking at her reflection in the mirror,,,,,,,,,,,,,
image_5034.jpg,a photo of a man in a suit and tie,,,,,,,,,,,,,
image_5035.jpg,a photo of a man in a black t - shirt with text that reads jack walks by people accidentally distracted,,,,,,,,,,,,,
image_5036.jpg,a photo of a man with his hand on his face,,,,,,,,,,,,,
image_5037.jpg,a photo of a man and a dog on the beach,,,,,,,,,,,,,
image_5038.jpg,a photo of a man with a red and yellow flag in the background,,,,,,,,,,,,,
image_5039.jpg,a photo of two cartoon cats playing with each other cats,,,,,,,,,,,,,
image_504.png,a photo of a group of people with the names of their favorite characters,,,,,,,,,,,,,
image_5040.png,a photo of a basketball player with the words when you realize it was right,,,,,,,,,,,,,
image_5041.jpg,a photo of a man in a red shirt and glasses with the capt that says not sure it ' s,,,,,,,,,,,,,
image_5042.jpg,a photo of a man in a fur coat holding a microphone,,,,,,,,,,,,,
image_5043.jpg,a photo of a baby sitting in a chair,,,,,,,,,,,,,
image_5044.jpg,a photo of a man in a plaid shirt and vest,,,,,,,,,,,,,
image_5045.jpg,a photo of a man and woman eating food,,,,,,,,,,,,,
image_5046.jpg,a photo of a person with a hat on,,,,,,,,,,,,,
image_5047.jpg,a photo of harry and hermi,,,,,,,,,,,,,
image_5048.png,a photo of a man with a face painted like the joker,,,,,,,,,,,,,
image_5049.png,a photo of two hearts with the words mes about memes about loving and all my friends,,,,,,,,,,,,,
image_505.png,a photo of a woman with long blonde hair and the capt reads that moment,,,,,,,,,,,,,
image_5050.jpg,a photo of donald trump and a picture of his face,,,,,,,,,,,,,
image_5051.jpg,a photo of a man with his hand on his face,,,,,,,,,,,,,
image_5052.png,"a photo of a girl with the capt that says, i don ' t",,,,,,,,,,,,,
image_5053.png,a photo of a man with his hand on his chin,,,,,,,,,,,,,
image_5054.png,"a photo of two girls in front of a mirror with text that reads, 3 adult stars and their transformations",,,,,,,,,,,,,
image_5055.jpg,a photo of a man with his arms up in the air,,,,,,,,,,,,,
image_5056.jpg,"a photo of a baby sitting on the ground with the capt that reads, ` i ' m ' n",,,,,,,,,,,,,
image_5057.jpg,a photo of a man with a sword and a woman in the background,,,,,,,,,,,,,
image_5058.png,a photo of a person laying on the ground,,,,,,,,,,,,,
image_5059.jpeg,a photo of a hockey player on the ice,,,,,,,,,,,,,
image_506.png,"a photo of a man in a blue shirt with the capt that says, ' i don ' t -",,,,,,,,,,,,,
image_5060.jpg,a photo of a person holding up a box,,,,,,,,,,,,,
image_5061.jpg,a photo of two people standing in front of a crowd,,,,,,,,,,,,,
image_5062.png,a photo of the face of a man in a star trek uniform,,,,,,,,,,,,,
image_5063.jpg,a photo of a man talking on the phone,,,,,,,,,,,,,
image_5064.jpg,a photo of the lord and his dragon,,,,,,,,,,,,,
image_5065.jpg,a photo of a man standing in a room,,,,,,,,,,,,,
image_5066.png,"a photo of a man sleeping on a couch with the capt that reads, ' a great movie story is",,,,,,,,,,,,,
image_5067.jpg,a photo of a woman with her hand on her face,,,,,,,,,,,,,
image_5068.jpg,a photo of a person dressed as the joker,,,,,,,,,,,,,
image_5069.jpg,"a photo of a man with a beard, wearing a hoodie",,,,,,,,,,,,,
image_507.png,a photo of a man and woman smiling at an event,,,,,,,,,,,,,
image_5070.png,a photo of an iceberg with the words i don ' t know,,,,,,,,,,,,,
image_5071.jpg,a photo of a shark with the words finding nemo,,,,,,,,,,,,,
image_5072.jpg,a photo of a man in a black shirt,,,,,,,,,,,,,
image_5073.jpg,a photo of arya and arya in the snow,,,,,,,,,,,,,
image_5074.jpg,a photo of a man holding a bottle of water,,,,,,,,,,,,,
image_5075.png,"a photo of a man in a suit sitting at a desk with the capt that reads, i ' m",,,,,,,,,,,,,
image_5076.jpg,"a photo of two men sitting in the back of a car, one is looking at the camera and the",,,,,,,,,,,,,
image_5077.png,a photo of a minion with the words ' dear best friend for my soup i am to my pizza,,,,,,,,,,,,,
image_5078.png,a photo of a man in a suit standing in front of the white house,,,,,,,,,,,,,
image_5079.jpg,a photo of a group of children playing in the dirt,,,,,,,,,,,,,
image_508.png,a photo of a man pointing at a tv screen,,,,,,,,,,,,,
image_5080.png,a photo of a baby sitting on the ground,,,,,,,,,,,,,
image_5081.jpg,a photo of a cat sitting on a log,,,,,,,,,,,,,
image_5082.png,a photo of a woman with blonde hair and blue eyes,,,,,,,,,,,,,
image_5083.jpg,a photo of a cat sitting on the floor,,,,,,,,,,,,,
image_5084.png,a photo of a dog laying on the floor,,,,,,,,,,,,,
image_5085.jpg,a photo of a man in a purple suit eating food,,,,,,,,,,,,,
image_5086.jpg,a photo of a minion holding a sign,,,,,,,,,,,,,
image_5087.jpg,a photo of a woman with curly hair and glasses,,,,,,,,,,,,,
image_5088.jpg,a photo of a minion with a quote on it,,,,,,,,,,,,,
image_5089.jpg,"a photo of a cat in a room with a door open and the capt reads, when you see u",,,,,,,,,,,,,
image_509.png,a photo of a woman with long blonde hair,,,,,,,,,,,,,
image_5090.jpg,a photo of two little girls walking down a sidewalk,,,,,,,,,,,,,
image_5091.jpg,"a photo of a dead deadpool with the capt that reads, ` and said to them don ' t",,,,,,,,,,,,,
image_5092.jpg,a photo of a man sitting at a desk,,,,,,,,,,,,,
image_5093.jpg,a photo of a man in a suit and tie,,,,,,,,,,,,,
image_5094.png,a photo of a man with a beard and a quote on it,,,,,,,,,,,,,
image_5095.jpg,"a photo of a dead deadpool with the capt that says, oh hay you know",,,,,,,,,,,,,
image_5096.png,"a photo of a woman in a black tank top with text that reads, ' my mom is not an",,,,,,,,,,,,,
image_5097.png,a photo of a man in a suit and tie pointing at the camera,,,,,,,,,,,,,
image_5098.png,a photo of a man holding a bottle of alcohol,,,,,,,,,,,,,
image_5099.jpg,a photo of a man with an evil look on his face,,,,,,,,,,,,,
image_51.jpg,"a photo of captain america, captain marvel and captain deadpool",,,,,,,,,,,,,
image_510.jpg,a photo of a man sitting on a couch with the capt in front of him,,,,,,,,,,,,,
image_5100.png,a photo of a man in a suit and tie,,,,,,,,,,,,,
image_5101.jpg,a photo of deadpool sitting on the back of a truck,,,,,,,,,,,,,
image_5102.jpg,"a photo of a man with a hat and text that reads, this baby isn ' t afraid to see",,,,,,,,,,,,,
image_5103.jpg,a photo of a man in a suit sitting on a bench,,,,,,,,,,,,,
image_5104.png,"a photo of a man with a beer in his hand and the capt reads, killed cancer twice",,,,,,,,,,,,,
image_5105.jpg,a photo of a man with glasses and mustaches,,,,,,,,,,,,,
image_5106.jpg,a photo of a man in a suit and tie,,,,,,,,,,,,,
image_5107.png,a photo of a person with a hat on,,,,,,,,,,,,,
image_5108.jpg,"a photo of two men in white shirts, one is pointing at the other man ' s face",,,,,,,,,,,,,
image_5109.jpg,a photo of a woman sitting on a bed,,,,,,,,,,,,,
image_511.jpg,"a photo of people standing in a room with text that says, ` ` ' '",,,,,,,,,,,,,
image_5110.png,a photo of two people talking to each other people,,,,,,,,,,,,,
image_5111.jpg,"a photo of two men, one pointing at the other",,,,,,,,,,,,,
image_5112.jpg,a photo of a man in a suit with the capt that reads what if was actually the second coming jesus,,,,,,,,,,,,,
image_5113.jpg,a photo of a man in a suit with the capt that reads have chuck nors we have huk,,,,,,,,,,,,,
image_5114.jpg,a photo of an older woman looking at the camera,,,,,,,,,,,,,
image_5115.png,"a photo of two men, one with the same face and the other with different facial expressions",,,,,,,,,,,,,
image_5116.jpg,a photo of a person in a spider suit standing on a stage,,,,,,,,,,,,,
image_5117.jpg,a photo of a man in a suit pointing at the camera,,,,,,,,,,,,,
image_5118.jpg,a photo of a group of people in the middle ages,,,,,,,,,,,,,
image_512.jpg,a photo of a man and woman sitting on a bed,,,,,,,,,,,,,
image_5120.jpg,a photo of a man in a suit sitting at a table,,,,,,,,,,,,,
image_5121.jpg,a photo of a baby sitting on the floor,,,,,,,,,,,,,
image_5122.jpg,a photo of a minion with a quote on it,,,,,,,,,,,,,
image_5123.jpg,"a photo of a dead deadpool with the capt that reads, ` ' goloks you let this",,,,,,,,,,,,,
image_5124.jpg,a photo of two men shaking hands in front of a newspaper,,,,,,,,,,,,,
image_5125.png,a photo of the president in front of an american flag,,,,,,,,,,,,,
image_5126.jpg,"a photo of a man in a suit and tie, with the capt that reads ` ' i ' m",,,,,,,,,,,,,
image_5127.jpg,a photo of a cat sitting on a couch,,,,,,,,,,,,,
image_5128.jpg,"a photo of a spider with the capt that says, i ' m ' s sorry please",,,,,,,,,,,,,
image_5129.jpg,a photo of a baby drinking a beer,,,,,,,,,,,,,
image_513.jpg,a photo of two people standing in front of a shelf,,,,,,,,,,,,,
image_5130.jpg,a photo of two girls laughing and one is holding her hand,,,,,,,,,,,,,
image_5131.jpg,a photo of two men sitting in front of a couch and one is talking on the phone,,,,,,,,,,,,,
image_5132.jpg,a photo of donald and hillary talking on the phone,,,,,,,,,,,,,
image_5133.png,a photo of an old man sitting in a chair,,,,,,,,,,,,,
image_5134.jpg,a photo of an old man sitting at a table,,,,,,,,,,,,,
image_5135.jpeg,a photo of a person sitting at a desk with a computer,,,,,,,,,,,,,
image_5136.jpeg,"a photo of a seal with the capt that says, hear better using electric shave in the bathroom he walks",,,,,,,,,,,,,
image_5137.jpg,a photo of a troll troll with the capt that says my face when the bacons one,,,,,,,,,,,,,
image_5138.png,a photo of a baby in a suit and tie,,,,,,,,,,,,,
image_5139.jpg,"a photo of a woman in a black dress with the capt that reads, when you ' re and there",,,,,,,,,,,,,
image_514.png,a photo of a man holding a rope,,,,,,,,,,,,,
image_5140.jpg,a photo of a man in a suit sitting at a table,,,,,,,,,,,,,
image_5141.jpg,a photo of two basketball players fighting for the ball,,,,,,,,,,,,,
image_5142.jpg,a photo of a man in a suit and tie,,,,,,,,,,,,,
image_5143.png,a photo of a man sitting on the ground,,,,,,,,,,,,,
image_5144.jpg,a photo of a man in a suit and bow tie sitting on a chair,,,,,,,,,,,,,
image_5145.jpg,a photo of a man and woman sitting on a couch,,,,,,,,,,,,,
image_5146.png,a photo of a man holding up a sign,,,,,,,,,,,,,
image_5147.jpg,a photo of a man with a sword in his hand,,,,,,,,,,,,,
image_5148.jpg,a photo of a man in a suit looking at another,,,,,,,,,,,,,
image_5149.png,a photo of a man with green hair wearing a joker costume,,,,,,,,,,,,,
image_515.jpg,a photo of two kittens playing on the floor,,,,,,,,,,,,,
image_5150.png,a photo of a minion with a sy,,,,,,,,,,,,,
image_5151.jpg,a photo of a man talking on the phone,,,,,,,,,,,,,
image_5152.jpg,a photo of a group of people wearing red hats,,,,,,,,,,,,,
image_5153.jpg,a photo of an indian man sitting in a chair with his hand on his face,,,,,,,,,,,,,
image_5154.jpg,a photo of people with different facial expressions,,,,,,,,,,,,,
image_5155.jpg,a photo of a woman with a microphone and an image of the same person,,,,,,,,,,,,,
image_5156.png,"a photo of a man in a tuxed suit with the capt that reads, ` ' the godfather ' s not the same as so father",,,,,,,,,,,,,
image_5157.png,a photo of a man with sunglasses on,,,,,,,,,,,,,
image_5158.jpg,a photo of a man in a suit sitting at a table,,,,,,,,,,,,,
image_5159.jpg,a photo of two men standing next to each other men,,,,,,,,,,,,,
image_516.jpg,a photo of a cat laying on a blanket,,,,,,,,,,,,,
image_5160.png,a photo of two men sitting on a red couch,,,,,,,,,,,,,
image_5161.png,a photo of a person on a tennis court,,,,,,,,,,,,,
image_5162.png,a photo of a man in a suit and tie with the words happy new year 2019,,,,,,,,,,,,,
image_5163.png,a photo of a penguin sitting on the beach,,,,,,,,,,,,,
image_5164.jpg,a photo of a girl with a smile on her face,,,,,,,,,,,,,
image_5165.png,a photo of a man in a military uniform,,,,,,,,,,,,,
image_5166.jpg,a photo of a cat with a fish on it ' s back,,,,,,,,,,,,,
image_5167.jpg,a photo of two men sitting in front of a microphone,,,,,,,,,,,,,
image_5168.jpg,"a photo of two men, one with a microphone and the other with an image of a man",,,,,,,,,,,,,
image_5169.jpg,a photo of a man sitting in a car,,,,,,,,,,,,,
image_517.jpg,a photo of a cat sleeping on a couch,,,,,,,,,,,,,
image_5170.jpg,a photo of a spider with the capt that says i watch you while sleep,,,,,,,,,,,,,
image_5171.jpg,a photo of a woman holding her head in front of her face with the capt that says i expect to,,,,,,,,,,,,,
image_5172.jpg,a photo of a cat reading a book,,,,,,,,,,,,,
image_5173.jpg,a photo of a man in a suit sitting on a motorcycle,,,,,,,,,,,,,
image_5174.jpeg,"a photo of a frog with the capt that reads, when you ' re from your friend",,,,,,,,,,,,,
image_5175.jpg,a photo of a man in a grey sweater and black pants,,,,,,,,,,,,,
image_5176.jpg,"a photo of two people, one with glasses and the other with a hat",,,,,,,,,,,,,
image_5177.jpeg,a photo of a man in a suit and tie sitting at a table with a sign that says we believe,,,,,,,,,,,,,
image_5178.jpg,a photo of a group of baseball players,,,,,,,,,,,,,
image_5179.jpg,a photo of a cat sitting on the floor,,,,,,,,,,,,,
image_518.jpg,a photo of a kitten that is looking at the camera,,,,,,,,,,,,,
image_5180.jpg,a photo of a cat sitting on a table,,,,,,,,,,,,,
image_5181.jpg,a photo of a cat sitting on top of an old dresser,,,,,,,,,,,,,
image_5182.png,a photo of the president pointing his finger at the camera,,,,,,,,,,,,,
image_5183.jpg,a photo of two men talking to each other man,,,,,,,,,,,,,
image_5184.jpg,a photo of a map and a picture of the world,,,,,,,,,,,,,
image_5185.jpg,a photo of a man in a suit and tie,,,,,,,,,,,,,
image_5186.jpg,a photo of a man in a military uniform standing next to a crowd of people,,,,,,,,,,,,,
image_5187.jpeg,a photo of a baby in a tuxed tux,,,,,,,,,,,,,
image_5188.jpg,a photo of a baby in a green shirt,,,,,,,,,,,,,
image_5189.jpg,a photo of a man in a white shirt and tie,,,,,,,,,,,,,
image_519.png,a photo of a dog and a cat on a couch,,,,,,,,,,,,,
image_5190.jpg,a photo of two kittens playing together,,,,,,,,,,,,,
image_5191.jpg,a photo of a bird with the capt in it ' s mouth,,,,,,,,,,,,,
image_5192.jpg,"a photo of an old man sitting in a chair with the capt that reads, when you are feminist and",,,,,,,,,,,,,
image_5193.jpg,a photo of a man in a plaid shirt with the words i don ' t to country music but when,,,,,,,,,,,,,
image_5194.png,a photo of a man in a suit pointing his finger at the camera and that ' s how we work,,,,,,,,,,,,,
image_5195.jpg,"a photo of a seal with the capt that says, sea you later",,,,,,,,,,,,,
image_5196.png,a photo of a man in a suit and tie,,,,,,,,,,,,,
image_5197.jpg,a photo of a man in a red shirt pointing at the camera,,,,,,,,,,,,,
image_5198.png,a photo of a man in a white shirt pouring liquid into a metal pot,,,,,,,,,,,,,
image_5199.jpg,a photo of harry and his friends,,,,,,,,,,,,,
image_52.jpg,a photo of captain america and the avengers,,,,,,,,,,,,,
image_520.jpg,a photo of a cat laying on a bed,,,,,,,,,,,,,
image_5200.jpg,"a photo of two women with the capt that says, when you become your wife",,,,,,,,,,,,,
image_5201.jpg,a photo of a man in a blue shirt and white shirt with the capt that says just i ' m,,,,,,,,,,,,,
image_5202.jpg,a photo of a man wearing a baseball cap,,,,,,,,,,,,,
image_5203.jpg,a photo of the president giving a thumbs gesture,,,,,,,,,,,,,
image_5204.jpg,a photo of a baby sitting in front of two beer glasses,,,,,,,,,,,,,
image_5205.jpg,a photo of the face of a woman with a mustache and mustache,,,,,,,,,,,,,
image_5206.jpg,"a photo of a seal with the capt that says, ` when you make it with your wife and your",,,,,,,,,,,,,
image_5207.jpg,a photo of the face of a girl with long hair and a big nose that says i ' m not,,,,,,,,,,,,,
image_5208.jpg,a photo of a man walking down the street with a quote on it,,,,,,,,,,,,,
image_5209.jpeg,a photo of a man smoking a cigarette,,,,,,,,,,,,,
image_521.jpg,a photo of a cat sitting on a couch with the capt that says love is in the air,,,,,,,,,,,,,
image_5210.jpg,a photo of a man in a suit sitting at a table,,,,,,,,,,,,,
image_5211.jpeg,a photo of president obama smiling and wearing a mustache,,,,,,,,,,,,,
image_5212.png,a photo of a baby sitting on a red chair,,,,,,,,,,,,,
image_5213.jpg,a photo of a woman and a man with headphones,,,,,,,,,,,,,
image_5214.jpg,a photo of a girl with red hair and glasses,,,,,,,,,,,,,
image_5215.jpg,a photo of a man in a sweater looking at the camera,,,,,,,,,,,,,
image_5216.jpg,a photo of a man in a suit sitting at a desk with the capt that says i ' m just,,,,,,,,,,,,,
image_5217.png,a photo of a couple kissing in the water,,,,,,,,,,,,,
image_5218.png,a photo of a child talking on the phone,,,,,,,,,,,,,
image_5219.jpg,a photo of a man in a white shirt talking to another man,,,,,,,,,,,,,
image_522.jpg,a photo of a black and white cat with the words 10 of the best cat names,,,,,,,,,,,,,
image_5220.jpg,a photo of a man in a tuxed suit and bow tie,,,,,,,,,,,,,
image_5221.jpg,a photo of a man talking on the phone,,,,,,,,,,,,,
image_5222.png,"a photo of a cat with the capt that reads, this page is ultra gay meme",,,,,,,,,,,,,
image_5223.jpeg,"a photo of a man with a goat on his head and the capt that reads, when you ' re",,,,,,,,,,,,,
image_5224.png,a photo of two men in suits sitting at a table,,,,,,,,,,,,,
image_5225.jpeg,a photo of the president in front of an american flag,,,,,,,,,,,,,
image_5226.jpg,a photo of a man that is looking at the camera,,,,,,,,,,,,,
image_5227.jpg,a photo of a man and woman talking to each other people,,,,,,,,,,,,,
image_5228.jpg,a photo of a man in a suit and tie,,,,,,,,,,,,,
image_5229.jpg,a photo of a spider with the capt that says he ' s babies can ' t win,,,,,,,,,,,,,
image_523.jpg,a photo of a black cat with green eyes,,,,,,,,,,,,,
image_5230.jpg,a photo of a man standing in a room,,,,,,,,,,,,,
image_5231.jpg,a photo of a cat standing on its hinds,,,,,,,,,,,,,
image_5232.jpg,a photo of a woman ' s face with the capt,,,,,,,,,,,,,
image_5233.png,a photo of two women with their hands in the air,,,,,,,,,,,,,
image_5234.jpeg,a photo of a man with glasses and a white shirt,,,,,,,,,,,,,
image_5235.png,"a photo of an older woman with text that reads, it ' s been 4 years because lack of misconduct",,,,,,,,,,,,,
image_5236.jpeg,a photo of a person with a quote on it,,,,,,,,,,,,,
image_5237.jpg,a photo of vladimir putin sitting at a table,,,,,,,,,,,,,
image_5238.jpg,a photo of avengers and the avengers team,,,,,,,,,,,,,
image_5239.jpg,a photo of a man with his face covered in the words,,,,,,,,,,,,,
image_524.jpg,a photo of a cat sitting in a bag,,,,,,,,,,,,,
image_5240.jpg,a photo of a woman in a blue dress with a quote on it,,,,,,,,,,,,,
image_5241.png,a photo of a squirrel looking up at the camera,,,,,,,,,,,,,
image_5242.jpg,a photo of loki and loki in avengers avengers memes,,,,,,,,,,,,,
image_5243.jpg,a photo of a man with red hair,,,,,,,,,,,,,
image_5244.jpg,a photo of a minion wearing overalls and sunglasses,,,,,,,,,,,,,
image_5245.JPG,a photo of a man standing on a stage with the words byron surprises an audience with a comedy show,,,,,,,,,,,,,
image_5246.jpg,a photo of an older man sitting in a chair with his hands on his face,,,,,,,,,,,,,
image_5247.jpg,a photo of a man wearing a hat and jacket,,,,,,,,,,,,,
image_5248.jpg,a photo of a man with an apple in the background,,,,,,,,,,,,,
image_5249.png,a photo of a baby looking at the camera,,,,,,,,,,,,,
image_525.jpg,a photo of two kittens sitting on a table,,,,,,,,,,,,,
image_5250.jpg,a photo of a quote on a white background,,,,,,,,,,,,,
image_5251.jpg,a photo of a man with a gun in his hand,,,,,,,,,,,,,
image_5252.jpg,"a photo of a man in an orange shirt with the capt that says, ` ' i ' m d",,,,,,,,,,,,,
image_5253.jpg,a photo of a man playing basketball in a gym,,,,,,,,,,,,,
image_5254.jpg,a photo of a man in a suit sitting at a desk,,,,,,,,,,,,,
image_5255.png,"a photo of two men with the capt that reads, do you have more of these?? meme",,,,,,,,,,,,,
image_5256.jpg,a photo of a man in uniform pointing at the sky,,,,,,,,,,,,,
image_5257.png,a photo of a man in a suit and tie,,,,,,,,,,,,,
image_5258.jpg,a photo of harry and hermik in harry ' s house,,,,,,,,,,,,,
image_5259.jpg,a photo of an iceberg in the ocean,,,,,,,,,,,,,
image_526.jpg,a photo of a cat in a suit and tie,,,,,,,,,,,,,
image_5260.jpg,a photo of a person holding a cigarette,,,,,,,,,,,,,
image_5261.png,a photo of a person sitting at a table with a whiteboard in the background,,,,,,,,,,,,,
image_5262.jpg,a photo of a man in the water with his hands up,,,,,,,,,,,,,
image_5263.jpg,a photo of a man with a facebook logo on his face,,,,,,,,,,,,,
image_5264.jpg,a photo of a man in a suit and tie,,,,,,,,,,,,,
image_5265.jpg,a photo of a man singing into a microphone,,,,,,,,,,,,,
image_5266.jpeg,a photo of a group of people sitting at a table,,,,,,,,,,,,,
image_5267.jpg,a photo of a church with the sun setting behind it,,,,,,,,,,,,,
image_5268.png,"a photo of the president laughing with text that reads, have ' t ' been war in a while it",,,,,,,,,,,,,
image_5269.jpg,a photo of a man in an old car,,,,,,,,,,,,,
image_527.png,a photo of a cat wearing a santa hat,,,,,,,,,,,,,
image_5270.jpg,a photo of a man kissing a woman on the cheek,,,,,,,,,,,,,
image_5271.png,a photo of two kittens playing with each other cats,,,,,,,,,,,,,
image_5272.png,a photo of two men in suits shaking hands,,,,,,,,,,,,,
image_5273.jpg,a photo of an old man wearing a hat and sunglasses,,,,,,,,,,,,,
image_5274.jpg,"a photo of a seal with the capt that says, ` ` '",,,,,,,,,,,,,
image_5275.jpg,"a photo of a young boy with the capt that reads so, your telling me you buy ice cream",,,,,,,,,,,,,
image_5276.jpg,a photo of a girl with long brown hair,,,,,,,,,,,,,
image_5277.jpg,a photo of a crowd of people at a concert,,,,,,,,,,,,,
image_5278.png,a photo of a man in a hat with the words i ' m out with this,,,,,,,,,,,,,
image_5279.jpg,a photo of a guy sitting on a bench,,,,,,,,,,,,,
image_528.jpg,a photo of two cats sitting on top of a box,,,,,,,,,,,,,
image_5280.jpg,a photo of a minion with a quote on it,,,,,,,,,,,,,
image_5281.jpg,a photo of a man in a suit sitting at a desk,,,,,,,,,,,,,
image_5282.jpg,"a photo of two cartoon characters, one is pointing at the other",,,,,,,,,,,,,
image_5283.jpg,a photo of a man with sunglasses on and the words what i told you that every hour,,,,,,,,,,,,,
image_5284.jpg,a photo of harry and hermik in harry ' s house,,,,,,,,,,,,,
image_5285.png,"a photo of a man in a suit and tie, with the capt that reads, ' no holiday should",,,,,,,,,,,,,
image_5286.png,a photo of a man with a goat on his shoulder,,,,,,,,,,,,,
image_5287.png,a photo of a man with glasses and a microphone that says i don ' t understand computers but i have,,,,,,,,,,,,,
image_5288.jpg,a photo of a man and woman sitting on a couch,,,,,,,,,,,,,
image_5289.jpg,"a photo of a cartoon dog with the capt that reads, ' this is how your girl starts at you",,,,,,,,,,,,,
image_529.jpg,a photo of a cat looking at the camera,,,,,,,,,,,,,
image_5290.jpg,a photo of a cat in a tent,,,,,,,,,,,,,
image_5291.jpg,"a photo of a man in a suit and tie with the capt that reads, ` ' are you trying",,,,,,,,,,,,,
image_5292.jpg,a photo of a cat laying on the floor,,,,,,,,,,,,,
image_5293.png,a photo of a man kissing a woman on the cheek,,,,,,,,,,,,,
image_5294.jpg,a photo of a person in a dinosaur costume,,,,,,,,,,,,,
image_5295.jpg,a photo of a man with a hat on his head,,,,,,,,,,,,,
image_5296.jpg,a photo of a man in a suit and tie,,,,,,,,,,,,,
image_5297.png,a photo of some people with different facial expressions,,,,,,,,,,,,,
image_5298.jpg,a photo of a man with a beard,,,,,,,,,,,,,
image_5299.jpg,a photo of an old man with a beard and glasses,,,,,,,,,,,,,
image_53.jpg,a photo of the black panther movie characters,,,,,,,,,,,,,
image_530.jpg,a photo of a black cat with green eyes,,,,,,,,,,,,,
image_5300.png,a photo of a man with tattoos on his chest,,,,,,,,,,,,,
image_5301.jpg,a photo of two people looking at each other people,,,,,,,,,,,,,
image_5302.jpg,a photo of a man in a suit with the words don ' t lucky made my luck,,,,,,,,,,,,,
image_5303.jpg,a photo of a man in a suit sitting at a desk,,,,,,,,,,,,,
image_5304.jpg,a photo of an old man with glasses and a beard,,,,,,,,,,,,,
image_5305.jpg,a photo of a man in a suit and tie pointing at the camera,,,,,,,,,,,,,
image_5306.jpg,a photo of a man standing next to a statue,,,,,,,,,,,,,
image_5307.jpg,a photo of a man in a blue shirt and vest,,,,,,,,,,,,,
image_5308.jpg,a photo of someone holding a bottle of alcohol,,,,,,,,,,,,,
image_5309.jpg,a photo of a baby in a green shirt,,,,,,,,,,,,,
image_531.jpg,a photo of two cats that are looking at the camera,,,,,,,,,,,,,
image_5310.jpeg,a photo of the president in front of an american flag,,,,,,,,,,,,,
image_5311.jpg,a photo of some people with different faces,,,,,,,,,,,,,
image_5312.png,a photo of a man in a police uniform,,,,,,,,,,,,,
image_5313.jpg,a photo of the joker and his family,,,,,,,,,,,,,
image_5314.jpg,a photo of a spider with the same face,,,,,,,,,,,,,
image_5315.png,"a photo of a girl in a fur coat with the capt that reads, ` ` how do you know",,,,,,,,,,,,,
image_5316.jpg,a photo of a man with a green light in his hand,,,,,,,,,,,,,
image_5317.jpg,a photo of vladimir putin sitting in front of a russian flag,,,,,,,,,,,,,
image_5318.jpg,a photo of a cat sleeping in a window,,,,,,,,,,,,,
image_5319.jpg,"a photo of a minion with the words, i ' m fow fars do i smell funny",,,,,,,,,,,,,
image_532.jpg,a photo of a cat looking out the window,,,,,,,,,,,,,
image_5320.png,a photo of a seal with four different expressions,,,,,,,,,,,,,
image_5321.jpeg,a photo of two men sitting in the back seat of a car,,,,,,,,,,,,,
image_5322.jpg,a photo of a man in a red shirt with smoke coming from his mouth,,,,,,,,,,,,,
image_5323.jpg,a photo of a man with glasses and the words what i told you that ' s muslims are british,,,,,,,,,,,,,
image_5324.jpg,"a photo of an older man with white hair and a quote that reads, you know it ' s not",,,,,,,,,,,,,
image_5325.png,"a photo of a woman with long red hair and a quote that reads, heavene never a person",,,,,,,,,,,,,
image_5326.jpeg,"a photo of a sign that says, ` ` once this crazy bus '",,,,,,,,,,,,,
image_5327.jpg,a photo of a man in a black shirt with the capt that says he did my daughter iming years,,,,,,,,,,,,,
image_5328.jpg,a photo of a man and woman in a car,,,,,,,,,,,,,
image_5329.jpg,a photo of a man in a suit pointing at something,,,,,,,,,,,,,
image_533.png,a photo of a kitten playing with a toy,,,,,,,,,,,,,
image_5330.jpeg,a photo of a woman talking to a child,,,,,,,,,,,,,
image_5331.jpg,a photo of a man in a suit with his hands up,,,,,,,,,,,,,
image_5332.jpg,"a photo of a seal with the capt that says, when your friends say to you, and you are",,,,,,,,,,,,,
image_5333.png,a photo of hitler and hitler ' s speech,,,,,,,,,,,,,
image_5334.jpg,a photo of two people standing next to each other person,,,,,,,,,,,,,
image_5335.jpg,a photo of a man in a suit sitting at a table,,,,,,,,,,,,,
image_5336.jpg,a photo of a man sitting at a table with an apple,,,,,,,,,,,,,
image_5337.jpg,a photo of a baby in a mirror,,,,,,,,,,,,,
image_5338.jpg,a photo of a penguin in a video game,,,,,,,,,,,,,
image_5339.png,"a photo of a man in a red shirt with the capt that reads, i wish that was your end",,,,,,,,,,,,,
image_534.JPG,a photo of a cat with a quote on it,,,,,,,,,,,,,
image_5340.png,a photo of a man and woman in a car with a gun,,,,,,,,,,,,,
image_5341.jpg,a photo of a cat that is looking at the camera,,,,,,,,,,,,,
image_5342.jpg,a photo of a man in a suit and tie,,,,,,,,,,,,,
image_5343.jpg,a photo of a man in armor with his arms crossed,,,,,,,,,,,,,
image_5344.jpg,"a photo of a man laying on a bed with the capt that reads, ' how do you know?",,,,,,,,,,,,,
image_5345.png,a photo of a baby with the capt that says i came out of were,,,,,,,,,,,,,
image_5346.jpg,a photo of a man in a suit and hat,,,,,,,,,,,,,
image_5347.jpg,"a photo of an image of a man in a suit and tie, with the capt that reads ' nice",,,,,,,,,,,,,
image_5348.png,a photo of a soccer player being hugged by a camera,,,,,,,,,,,,,
image_5349.jpg,"a photo of minions from the minions movie, minions quotes, funny minionss, person, minion minions",,,,,,,,,,,,,
image_535.jpg,a photo of a cat laying on a couch,,,,,,,,,,,,,
image_5350.jpg,a photo of a baby sitting in a chair,,,,,,,,,,,,,
image_5351.png,a photo of a person wearing a top hat,,,,,,,,,,,,,
image_5352.jpg,a photo of two men in winter clothes pointing at the camera,,,,,,,,,,,,,
image_5353.png,a photo of two men smiling for the camera,,,,,,,,,,,,,
image_5354.png,a photo of a man holding a gun,,,,,,,,,,,,,
image_5355.jpeg,a photo of some people with different faces,,,,,,,,,,,,,
image_5356.jpg,a photo of a cartoon frog with a capt,,,,,,,,,,,,,
image_5357.jpg,a photo of a man talking on the phone,,,,,,,,,,,,,
image_5358.jpg,a photo of a man sitting at a table with the capt that says she liked my picture ins,,,,,,,,,,,,,
image_5359.jpg,"a photo of person and person from the avengers universe avengers memes, avengers comics, marvel universe, person",,,,,,,,,,,,,
image_536.jpg,a photo of a white cat with black and white markings,,,,,,,,,,,,,
image_5360.jpeg,a photo of a man leaning over a pool table,,,,,,,,,,,,,
image_5361.jpeg,a photo of a cartoon character with a mustache,,,,,,,,,,,,,
image_5362.jpg,a photo of a woman sitting at a table with a bottle of wine,,,,,,,,,,,,,
image_5363.jpg,a photo of a cartoon character running through a brick wall,,,,,,,,,,,,,
image_5364.jpg,a photo of a woman sitting in a chair with the capt that reads how you feel when it ' s,,,,,,,,,,,,,
image_5365.jpg,a photo of some shoes on a shelf,,,,,,,,,,,,,
image_5366.png,a photo of harry and hermik from the harry potters movie,,,,,,,,,,,,,
image_5367.png,"a photo of a man in a suit and tie, with the words today is birthday of them who killed",,,,,,,,,,,,,
image_5368.jpg,a photo of a woman with her hand on her face,,,,,,,,,,,,,
image_5369.jpg,"a photo of people with the words 5 people, 1 things common",,,,,,,,,,,,,
image_537.jpg,a photo of a cat sitting in a car,,,,,,,,,,,,,
image_5370.jpg,a photo of two men shaking hands in front of flags,,,,,,,,,,,,,
image_5371.JPG,a photo of a man in a suit and tie,,,,,,,,,,,,,
image_5372.jpg,a photo of a man in a kitchen holding a knife,,,,,,,,,,,,,
image_5373.png,"a photo of a man in a bathroom with the capt that reads, ' we have to say something we",,,,,,,,,,,,,
image_5374.jpg,a photo of a man in a suit and bow tie,,,,,,,,,,,,,
image_5375.jpg,a photo of two harry potters sitting at a table,,,,,,,,,,,,,
image_5376.jpg,a photo of a man in a kitchen with the words you ' re in the kitchen why,,,,,,,,,,,,,
image_5377.jpeg,a photo of a minion holding a gun,,,,,,,,,,,,,
image_5378.jpg,a photo of a woman with a scarf on her head,,,,,,,,,,,,,
image_5379.jpg,a photo of a man with tattoos on his chest,,,,,,,,,,,,,
image_538.jpg,a photo of a cat laying on the ground,,,,,,,,,,,,,
image_5380.jpg,a photo of two men shaking hands in front of flags,,,,,,,,,,,,,
image_5381.jpg,a photo of a man in a red shirt pointing at the camera,,,,,,,,,,,,,
image_5382.png,a photo of a seal sitting on the ground,,,,,,,,,,,,,
image_5383.jpg,"a photo of person and person in harry ' s house, with the capt that reads ` you ' re",,,,,,,,,,,,,
image_5384.png,a photo of a man in a suit speaking into a microphone,,,,,,,,,,,,,
image_5385.jpg,a photo of a baby with a caption that says happy birthday to george awesome and funny,,,,,,,,,,,,,
image_5386.jpg,a photo of a baby in a towel,,,,,,,,,,,,,
image_5387.jpg,"a photo of two people sitting at a table, one is laughing and the other is crying",,,,,,,,,,,,,
image_5388.png,a photo of a man in a suit and tie,,,,,,,,,,,,,
image_5389.png,"a photo of a smiley face with the capt that says, when they are not talking about each other people",,,,,,,,,,,,,
image_539.jpg,a photo of a cat with a cigarette in its mouth,,,,,,,,,,,,,
image_5390.jpg,a photo of a man with an evil look on his face,,,,,,,,,,,,,
image_5391.jpg,"a photo of a man with long hair, wearing armor and holding a sword",,,,,,,,,,,,,
image_5392.png,"a photo of a joker and a man in a suit with the capt that reads, ' this moment is",,,,,,,,,,,,,
image_5393.jpg,a photo of a man with glasses and a yellow shirt,,,,,,,,,,,,,
image_5394.jpg,"a photo of a door with the capt that reads, ' i would '",,,,,,,,,,,,,
image_5395.png,a photo of a man with his hands in the air,,,,,,,,,,,,,
image_5396.png,a photo of a man standing in the snow,,,,,,,,,,,,,
image_5397.jpg,a photo of a black and white quote on a white background,,,,,,,,,,,,,
image_5398.jpg,a photo of a minion with the words i hate people at your house,,,,,,,,,,,,,
image_5399.png,a photo of two monkeys with the words how to be right,,,,,,,,,,,,,
image_54.jpg,a photo of the characters in star wars,,,,,,,,,,,,,
image_540.jpg,a photo of two kittens kissing on a red blanket,,,,,,,,,,,,,
image_5400.jpg,a photo of two men talking to each other man,,,,,,,,,,,,,
image_5401.jpg,a photo of two boys in front of a mirror,,,,,,,,,,,,,
image_5402.jpg,a photo of the face of a man with a mustache,,,,,,,,,,,,,
image_5403.jpg,a photo of a woman holding a white cat,,,,,,,,,,,,,
image_5404.jpg,a photo of a cat looking up at the camera,,,,,,,,,,,,,
image_5405.png,a photo of a man in a green shirt with the capt that reads avengers - game will kill with 3,,,,,,,,,,,,,
image_5406.jpg,a photo of a girl with the capt that says i do you 5 minutes of time google maps said it,,,,,,,,,,,,,
image_5407.jpg,a photo of a man with glasses and a hat,,,,,,,,,,,,,
image_5408.png,a photo of two cats playing with each other cats,,,,,,,,,,,,,
image_5409.jpg,a photo of a cat holding a video game controller,,,,,,,,,,,,,
image_541.jpg,a photo of two cats sitting next to each other cats,,,,,,,,,,,,,
image_5410.png,a photo of the wizard with a long beard and glasses,,,,,,,,,,,,,
image_5411.jpg,a photo of arya and arya in game of throne,,,,,,,,,,,,,
image_5412.jpeg,a photo of a man in a red shirt,,,,,,,,,,,,,
image_5413.jpg,a photo of a man in a blue shirt,,,,,,,,,,,,,
image_5414.jpg,a photo of a man with glasses and text that says sees me on tuble to make friends has no,,,,,,,,,,,,,
image_5415.png,a photo of a man in a suit standing next to a bar,,,,,,,,,,,,,
image_5416.jpg,a photo of a cartoon cat and a mouse,,,,,,,,,,,,,
image_5417.jpg,a photo of a man in a suit leaning against a wall,,,,,,,,,,,,,
image_5418.png,a photo of a man in a suit and tie,,,,,,,,,,,,,
image_5419.jpg,a photo of facebook founder mark zuberg,,,,,,,,,,,,,
image_542.jpg,a photo of a white cat with green eyes,,,,,,,,,,,,,
image_5420.png,"a photo of a cartoon cat with the capt that reads, when you ' ret but they don ' t",,,,,,,,,,,,,
image_5421.jpg,"a photo of a man with the capt that reads what if i told to you, my mom is the",,,,,,,,,,,,,
image_5422.jpg,a photo of a man in a suit sitting at a desk with his hand on his chin,,,,,,,,,,,,,
image_5423.jpg,a photo of person with the capt that says when a guy asks you for your name a girl has no,,,,,,,,,,,,,
image_5424.jpg,a photo of a man with a gun in the woods,,,,,,,,,,,,,
image_5425.jpg,a photo of a group of people posing for a picture,,,,,,,,,,,,,
image_5426.jpg,a photo of a man in a suit and tie pointing at the camera,,,,,,,,,,,,,
image_5427.jpg,a photo of two people standing in front of a birthday cake,,,,,,,,,,,,,
image_5428.jpg,a photo of president donald and the capt that reads trump muslim should wear special badges,,,,,,,,,,,,,
image_5429.jpg,a photo of a man sitting at a table with the capt that reads hey girl i love fighting the patriarch,,,,,,,,,,,,,
image_543.jpg,a photo of a cat with blue eyes,,,,,,,,,,,,,
image_5430.jpg,a photo of deadpool with a quote on it,,,,,,,,,,,,,
image_5431.jpg,a photo of a monkey in a pink shirt,,,,,,,,,,,,,
image_5432.jpg,a photo of an older man sitting in a chair with the capt that reads i told myself i ' d,,,,,,,,,,,,,
image_5433.jpg,a photo of a man in a suit pointing at the camera,,,,,,,,,,,,,
image_5434.jpg,"a photo of a man with a capt that reads, can we take money to realize that the fourth harry",,,,,,,,,,,,,
image_5435.jpg,a photo of the face you make when you don ' t,,,,,,,,,,,,,
image_5436.jpg,a photo of a woman with a cigarette in her mouth,,,,,,,,,,,,,
image_5437.jpg,a photo of a cat looking up at the wall,,,,,,,,,,,,,
image_5438.jpg,a photo of a man in the snow with text saying waiting for a new game of throne,,,,,,,,,,,,,
image_5439.png,a photo of a man holding a teddy bear,,,,,,,,,,,,,
image_544.jpg,a photo of a cat wearing glasses,,,,,,,,,,,,,
image_5440.jpg,a photo of a man in a suit singing into a microphone,,,,,,,,,,,,,
image_5441.jpg,a photo of a cat sitting on the ground,,,,,,,,,,,,,
image_5442.jpg,a photo of a man in a suit and tie,,,,,,,,,,,,,
image_5443.jpg,a photo of the president giving a speech,,,,,,,,,,,,,
image_5444.jpg,a photo of a man standing in a field,,,,,,,,,,,,,
image_5445.jpg,a photo of a man sitting at a table,,,,,,,,,,,,,
image_5446.jpg,a photo of a seal in the grass,,,,,,,,,,,,,
image_5447.jpg,a photo of a dead deadpool sitting on a bench,,,,,,,,,,,,,
image_5448.jpg,a photo of some harry potters,,,,,,,,,,,,,
image_5449.png,"a photo of a man in a suit and tie, with the capt that reads, i don ' t",,,,,,,,,,,,,
image_545.jpg,a photo of a cat in a box,,,,,,,,,,,,,
image_5450.png,a photo of two men laughing at each other man,,,,,,,,,,,,,
image_5451.jpeg,a photo of a girl with braids on her head,,,,,,,,,,,,,
image_5452.png,a photo of a woman and a child with text that reads so you ' reting me people dont,,,,,,,,,,,,,
image_5453.jpg,a photo of an older man in the middle of the game of throne,,,,,,,,,,,,,
image_5454.jpg,a photo of an old man holding a wand,,,,,,,,,,,,,
image_5455.png,a photo of a man and woman with the words break up with your girlfriend,,,,,,,,,,,,,
image_5456.jpg,a photo of a group of people sitting around a fire,,,,,,,,,,,,,
image_5457.png,a photo of two people sitting on a couch,,,,,,,,,,,,,
image_5458.png,a photo of a cat that is brushing its hair,,,,,,,,,,,,,
image_5459.jpg,a photo of a black and white fish,,,,,,,,,,,,,
image_546.jpg,a photo of a cat that is sitting on a couch,,,,,,,,,,,,,
image_5460.jpg,"a photo of an old man with long hair and a beard that says, there ' s a space computer",,,,,,,,,,,,,
image_5461.jpg,a photo of two men shaking hands in the white house,,,,,,,,,,,,,
image_5462.jpg,a photo of two superheros fighting in front of a truck,,,,,,,,,,,,,
image_5463.jpg,a photo of a cat and a mouse,,,,,,,,,,,,,
image_5464.jpg,a photo of a man in a suit and bow tie,,,,,,,,,,,,,
image_5465.jpg,a photo of a boy laying on the ground,,,,,,,,,,,,,
image_5466.png,a photo of a deer laying on the side of the road,,,,,,,,,,,,,
image_5467.png,a photo of a man sitting on a rock by the ocean,,,,,,,,,,,,,
image_5468.jpg,a photo of minions from the minions movie,,,,,,,,,,,,,
image_5469.jpg,a photo of a penguin in the snow,,,,,,,,,,,,,
image_547.jpg,a photo of a cat looking up at the camera,,,,,,,,,,,,,
image_5470.png,a photo of a man getting his tattoo done,,,,,,,,,,,,,
image_5471.jpg,a photo of a man in a suit sitting at a desk,,,,,,,,,,,,,
image_5472.jpg,"a photo of a baby with the capt that says, ` i ' m so suck on that and get milk?",,,,,,,,,,,,,
image_5473.png,"a photo of an image of a man in a blue shirt with a speech bubble that says, ' my",,,,,,,,,,,,,
image_5474.png,a photo of a young boy wearing glasses,,,,,,,,,,,,,
image_5475.jpg,a photo of a woman with her hands up in the air,,,,,,,,,,,,,
image_5476.png,a photo of a woman in a wedding dress with the words what ' s the female equivalent of romance?,,,,,,,,,,,,,
image_5477.jpg,a photo of a cat with blue eyes,,,,,,,,,,,,,
image_5478.jpg,"a photo of the avengers avengers memes, avengers comics, marvel universe, person, funny mememes",,,,,,,,,,,,,
image_5479.jpeg,a photo of a man with a beard and a woman in the background text reads nature made in a freak,,,,,,,,,,,,,
image_548.jpg,a photo of a cat sitting on a couch,,,,,,,,,,,,,
image_5480.jpg,a photo of a black and white quote on a white background,,,,,,,,,,,,,
image_5481.png,a photo of a girl with long brown hair and an image of the same person,,,,,,,,,,,,,
image_5482.jpg,a photo of a man talking on the phone,,,,,,,,,,,,,
image_5483.png,a photo of a man in a suit and tie,,,,,,,,,,,,,
image_5484.jpg,a photo of a man and woman looking at each other people,,,,,,,,,,,,,
image_5485.jpg,a photo of a man in ski gear with the capt that says happy birthday i am enjoy colorado,,,,,,,,,,,,,
image_5486.png,a photo of a black and white cat,,,,,,,,,,,,,
image_5487.jpg,a photo of a person in a room with a green hat,,,,,,,,,,,,,
image_5488.jpg,"a photo of a cartoon character with a capt that says, ` ` ' '",,,,,,,,,,,,,
image_5489.jpg,a photo of a cat sitting on a table,,,,,,,,,,,,,
image_549.png,a photo of a white cat with blue eyes,,,,,,,,,,,,,
image_5490.jpg,a photo of a man talking on the phone,,,,,,,,,,,,,
image_5491.jpg,"a photo of a young boy with the capt that reads, what ' s whole life for zombie apocalypse?",,,,,,,,,,,,,
image_5492.png,a photo of a man in a suit holding an oscar statue,,,,,,,,,,,,,
image_5493.JPG,a photo of a frog laying on the ground,,,,,,,,,,,,,
image_5494.jpg,a photo of two people in the middle of a comic strip strip,,,,,,,,,,,,,
image_5495.jpg,a photo of a heart made out of minions,,,,,,,,,,,,,
image_5496.jpg,a photo of a man sitting at a desk with a computer in front of him,,,,,,,,,,,,,
image_5497.jpg,a photo of a group of children dancing in the dirt,,,,,,,,,,,,,
image_5498.jpg,a photo of a seal on the beach,,,,,,,,,,,,,
image_5499.png,a photo of a group of people swimming in the water,,,,,,,,,,,,,
image_55.jpg,a photo of avengers and the avengers team,,,,,,,,,,,,,
image_550.png,a photo of a cat sitting at a table,,,,,,,,,,,,,
image_5500.jpg,a photo of president obama and first lady michelle bach,,,,,,,,,,,,,
image_5501.jpg,a photo of two men sitting in front of a wall,,,,,,,,,,,,,
image_5502.jpg,a photo of a man holding up a picture of himself,,,,,,,,,,,,,
image_5503.jpg,a photo of a baby sitting on the beach with the capt that says it ' s over tomorrow instead worrying,,,,,,,,,,,,,
image_5504.jpg,a photo of a minion with a quote on it,,,,,,,,,,,,,
image_5505.jpg,a photo of a cat sitting on a scratching board,,,,,,,,,,,,,
image_5506.jpg,a photo of north korean leader kim jong - looking at sun only falls on kimon,,,,,,,,,,,,,
image_5507.jpg,a photo of a cat with a crown on its head,,,,,,,,,,,,,
image_5508.jpg,a photo of a man in a suit and tie,,,,,,,,,,,,,
image_5509.jpg,a photo of the characters in game of thrones,,,,,,,,,,,,,
image_551.jpg,a photo of a cat wearing a birthday hat,,,,,,,,,,,,,
image_5510.jpg,a photo of an older man with his hands on his face,,,,,,,,,,,,,
image_5511.jpg,a photo of a woman with glasses saying how do we destroy the patriarch? it ' s simple yet,,,,,,,,,,,,,
image_5512.jpg,a photo of a girl with long hair,,,,,,,,,,,,,
image_5513.jpg,a photo of an office space with a man holding a cup,,,,,,,,,,,,,
image_5514.jpeg,a photo of a girl with glasses and text that says who ' s blue wayne? i ' m huge,,,,,,,,,,,,,
image_5515.jpeg,a photo of the lord with a quote on it,,,,,,,,,,,,,
image_5516.png,a photo of a man holding a woman in his arms,,,,,,,,,,,,,
image_5517.jpg,"a photo of yo yoo with the capt that says do not, there is no try",,,,,,,,,,,,,
image_5518.png,a photo of the prime of india is shown in this image,,,,,,,,,,,,,
image_5519.jpg,a photo of a spider crawling on a wall,,,,,,,,,,,,,
image_552.jpg,a photo of a cat looking up at the camera,,,,,,,,,,,,,
image_5520.png,a photo of a penguin and an angry penguin,,,,,,,,,,,,,
image_5521.jpg,"a photo of two harry potters with the capt that says, ` i don ' t there but to",,,,,,,,,,,,,
image_5522.jpg,a photo of a man in a white shirt and tie,,,,,,,,,,,,,
image_5523.png,a photo of a kitten sleeping in a basket,,,,,,,,,,,,,
image_5524.jpg,a photo of a clown with the capt that says have you seen on??,,,,,,,,,,,,,
image_5525.png,a photo of a man sitting on top of an old car,,,,,,,,,,,,,
image_5526.png,a photo of two men in suits talking to each other man,,,,,,,,,,,,,
image_5527.jpg,a photo of a woman holding a bag,,,,,,,,,,,,,
image_5528.png,a photo of a seal and a man standing next to it,,,,,,,,,,,,,
image_5529.jpg,"a photo of a man on a boat with the capt that reads, ' about the female teachers sleeping with",,,,,,,,,,,,,
image_553.jpg,a photo of a cat laying on its back,,,,,,,,,,,,,
image_5530.png,a photo of a man in a suit and tie holding a microphone with the words harley on it,,,,,,,,,,,,,
image_5531.jpg,a photo of a minion with the words teacher,,,,,,,,,,,,,
image_5532.png,a photo of a baby in a green shirt and white shirt with the words ask to prom and say no,,,,,,,,,,,,,
image_5533.jpg,a photo of a shark with the words hello my name is bruce,,,,,,,,,,,,,
image_5534.jpg,a photo of a white cat with blue eyes,,,,,,,,,,,,,
image_5535.png,a photo of a man in a suit and tie,,,,,,,,,,,,,
image_5536.jpg,a photo of two people sitting in front of an american flag,,,,,,,,,,,,,
image_5537.jpg,a photo of a man in a black shirt with the words morus is fighting no,,,,,,,,,,,,,
image_5538.jpg,a photo of the avengers and batman memes,,,,,,,,,,,,,
image_5539.jpg,a photo of a penguin sitting in the snow,,,,,,,,,,,,,
image_554.jpg,a photo of a cat with its mouth open,,,,,,,,,,,,,
image_5540.png,"a photo of a man in a suit and tie with a quote on it that reads, i ' m",,,,,,,,,,,,,
image_5541.jpg,a photo of a woman with red hair and glasses,,,,,,,,,,,,,
image_5542.jpg,a photo of a man in a blue shirt,,,,,,,,,,,,,
image_5543.png,a photo of a spider with the capt that says they ' dk my queen arm,,,,,,,,,,,,,
image_5544.jpg,a photo of a cat that is holding a baby,,,,,,,,,,,,,
image_5545.jpg,a photo of a baby sitting at a table with a glass of beer,,,,,,,,,,,,,
image_5546.png,a photo of a man in a suit with his hand up,,,,,,,,,,,,,
image_5547.jpg,a photo of a group of people eating food,,,,,,,,,,,,,
image_5548.jpg,a photo of a woman in a blue dress and black gloves holding a saxophone,,,,,,,,,,,,,
image_5549.jpg,a photo of the face you make when someone says,,,,,,,,,,,,,
image_555.jpg,a photo of a cat that is looking at the camera,,,,,,,,,,,,,
image_5550.png,a photo of a man standing in front of the camera,,,,,,,,,,,,,
image_5551.jpg,a photo of a man in a suit and tie,,,,,,,,,,,,,
image_5552.png,a photo of a man with the words women right wrong,,,,,,,,,,,,,
image_5553.jpg,a photo of a man wearing a cowboy hat,,,,,,,,,,,,,
image_5554.jpg,"a photo of a square with text that says, ' i love you '",,,,,,,,,,,,,
image_5555.jpg,a photo of a man in sunglasses with the words what told you the question is the red pill,,,,,,,,,,,,,
image_5556.jpg,a photo of two people talking in an office,,,,,,,,,,,,,
image_5557.jpg,a photo of a man looking through a pair of glasses,,,,,,,,,,,,,
image_5558.jpg,"a photo of a person with the capt that says, that face you make when you ' re",,,,,,,,,,,,,
image_5559.jpg,a photo of a man in a tuxed tux on the oscars red carpet,,,,,,,,,,,,,
image_556.jpg,a photo of a cat with its tongue out,,,,,,,,,,,,,
image_5560.jpg,a photo of a man in a suit holding up a card,,,,,,,,,,,,,
image_5561.jpg,"a photo of president donald, with the words sanctions are coming",,,,,,,,,,,,,
image_5562.jpg,a photo of a man ' s legs with the words i am keson,,,,,,,,,,,,,
image_5563.jpg,a photo of a stick figure with a hat on it ' s head,,,,,,,,,,,,,
image_5564.jpg,a photo of a man and woman sitting at a table,,,,,,,,,,,,,
image_5565.png,"a photo of a man in armor with the capt that reads, when you don",,,,,,,,,,,,,
image_5566.jpg,a photo of a man and woman with different expressions,,,,,,,,,,,,,
image_5567.jpg,a photo of a man standing in front of some flags,,,,,,,,,,,,,
image_5568.jpg,a photo of a quote that reads reason 4 why love essentials are not with alcohol,,,,,,,,,,,,,
image_5569.jpg,a photo of a group of sesame characters,,,,,,,,,,,,,
image_557.jpg,a photo of a kitten sitting in the snow,,,,,,,,,,,,,
image_5570.png,"a photo of a man with a light saber in his hand, and the capt reads normal soldier german soldier",,,,,,,,,,,,,
image_5571.png,a photo of a man in a suit sitting at a table,,,,,,,,,,,,,
image_5572.png,a photo of a man and woman talking to each other people,,,,,,,,,,,,,
image_5573.jpg,a photo of a man wearing a hat and sunglasses,,,,,,,,,,,,,
image_5574.jpg,a photo of guns with the words guns don ' t kill people,,,,,,,,,,,,,
image_5575.jpeg,a photo of a woman in a shiny dress,,,,,,,,,,,,,
image_5576.jpg,a photo of a baby with the words it ' s friday we make it,,,,,,,,,,,,,
image_5577.jpg,"a photo of a man in a white shirt with the capt that says, i don ' t school to",,,,,,,,,,,,,
image_5578.jpg,a photo of a man with a sword in his hand,,,,,,,,,,,,,
image_5579.jpg,a photo of a man in a suit and tie with the words orphan on it,,,,,,,,,,,,,
image_558.jpg,a photo of two cats sitting in the grass,,,,,,,,,,,,,
image_5580.png,a photo of a cartoon character with a spider on his head,,,,,,,,,,,,,
image_5581.jpg,a photo of a shark jumping out of the water,,,,,,,,,,,,,
image_5582.jpg,"a photo of a cartoon character with the capt that reads, ` ' i ' m ' t men hate",,,,,,,,,,,,,
image_5583.png,a photo of a man in a suit pointing his finger at the camera,,,,,,,,,,,,,
image_5584.jpg,a photo of a rhino in a field,,,,,,,,,,,,,
image_5585.jpg,a photo of a cat with sunglasses on it ' s face,,,,,,,,,,,,,
image_5586.jpg,"a photo of a man in a red shirt with the capt that reads, ` ' a neutron walks into",,,,,,,,,,,,,
image_5587.jpg,a photo of a woman with long hair and red lipstick,,,,,,,,,,,,,
image_5588.png,"a photo of spider with the capt that says, and that ' s how i became",,,,,,,,,,,,,
image_5589.jpg,"a photo of two men, one smiling and the other smiling",,,,,,,,,,,,,
image_559.jpg,a photo of a cat playing with a toy,,,,,,,,,,,,,
image_5590.jpg,a photo of a girl and some seals,,,,,,,,,,,,,
image_5591.jpg,a photo of a man with a smile on his face,,,,,,,,,,,,,
image_5592.jpg,"a photo of a man in a suit and tie, with a quote on it",,,,,,,,,,,,,
image_5593.jpg,a photo of a man in a suit and tie holding a gun,,,,,,,,,,,,,
image_5594.jpg,"a photo of a troll troll with the capt that reads, dad tup by time is one with four",,,,,,,,,,,,,
image_5595.jpg,a photo of a man talking to another man,,,,,,,,,,,,,
image_5596.png,a photo of two men laughing at each other man,,,,,,,,,,,,,
image_5597.png,a photo of batman and the joker,,,,,,,,,,,,,
image_5598.jpg,a photo of a sesame character talking to a big bird,,,,,,,,,,,,,
image_5599.jpg,a photo of a cat laying on a couch,,,,,,,,,,,,,
image_56.jpg,a photo of a man wearing a hat and jacket,,,,,,,,,,,,,
image_560.png,a photo of a cat laying in the grass,,,,,,,,,,,,,
image_5600.jpg,a photo of a man wearing a hat and glasses,,,,,,,,,,,,,
image_5601.jpg,a photo of two cats playing with each other cats,,,,,,,,,,,,,
image_5602.jpg,a photo of a man in a suit and glasses,,,,,,,,,,,,,
image_5603.jpg,a photo of a man with the words hey that ' s my spot,,,,,,,,,,,,,
image_5604.png,a photo of a man in a red shirt sitting on a chair,,,,,,,,,,,,,
image_5605.jpeg,a photo of a man holding a teddy bear,,,,,,,,,,,,,
image_5606.jpg,a photo of president obama talking on the phone,,,,,,,,,,,,,
image_5607.png,"a photo of two cartoon characters, one in blue and the other in red",,,,,,,,,,,,,
image_5608.jpg,a photo of a minion with a quote on it,,,,,,,,,,,,,
image_5609.png,a photo of a person holding an apple,,,,,,,,,,,,,
image_561.jpg,a photo of a cat wearing a medieval costume,,,,,,,,,,,,,
image_5610.jpg,a photo of a man in a suit and bow tie holding an award,,,,,,,,,,,,,
image_5611.jpg,a photo of a person wearing a beanie,,,,,,,,,,,,,
image_5612.png,a photo of donald and kim on the left side of the image,,,,,,,,,,,,,
image_5613.jpg,a photo of a man in a costume holding a sign,,,,,,,,,,,,,
image_5614.png,a photo of two women wearing matching t - shirts with the words ' today is national best friends day ',,,,,,,,,,,,,
image_5615.jpg,a photo of a man with glasses and text that says i care about the unfortunate,,,,,,,,,,,,,
image_5616.jpg,a photo of a man in a star wars uniform,,,,,,,,,,,,,
image_5617.jpg,a photo of a dead deadpool with a piece of paper in his hand,,,,,,,,,,,,,
image_5618.jpg,a photo of the simpsons in front of a whiteboard,,,,,,,,,,,,,
image_5619.jpg,a photo of a man in a suit and tie with the capt that says i play fort,,,,,,,,,,,,,
image_562.jpg,a photo of a cat jumping in the air,,,,,,,,,,,,,
image_5620.jpeg,a photo of a cat with the capt that reads me jokes about par suicide kids on the school drive,,,,,,,,,,,,,
image_5621.jpg,a photo of a man in a suit and tie with his hands up,,,,,,,,,,,,,
image_5622.jpg,a photo of a little girl sitting in a car,,,,,,,,,,,,,
image_5623.png,a photo of a man in a suit and tie with the capt that reads and its were put now that,,,,,,,,,,,,,
image_5624.jpg,a photo of the president wiping his nose,,,,,,,,,,,,,
image_5625.jpg,a photo of a black cat wearing a tie,,,,,,,,,,,,,
image_5626.jpg,a photo of a purple bird with an angry expression on it ' s face,,,,,,,,,,,,,
image_5627.png,a photo of a person sitting on a couch,,,,,,,,,,,,,
image_5628.jpg,a photo of president obama talking on the phone,,,,,,,,,,,,,
image_5629.png,a photo of a woman with headphones on,,,,,,,,,,,,,
image_563.jpg,a photo of a kitten sleeping in someone ' s lap,,,,,,,,,,,,,
image_5630.jpeg,a photo of a cat with the capt on it,,,,,,,,,,,,,
image_5631.jpg,a photo of a woman holding a sign that says this is what feminist looks like,,,,,,,,,,,,,
image_5632.jpg,"a photo of a man in a white shirt and black jacket, with the capt that reads ' me on",,,,,,,,,,,,,
image_5633.jpg,a photo of the face of a man with a beard and mustache,,,,,,,,,,,,,
image_5634.jpg,a photo of a minion with a quote on it,,,,,,,,,,,,,
image_5635.JPG,"a photo of person with text that reads, ` i ' m favorite person have a great birthday '",,,,,,,,,,,,,
image_5636.jpg,a photo of president obama with his arms crossed,,,,,,,,,,,,,
image_5637.jpg,a photo of a man in a purple suit talking to another man,,,,,,,,,,,,,
image_5638.jpg,a photo of a group of children eating cotton,,,,,,,,,,,,,
image_5639.png,a photo of a man in white shirt talking to another man,,,,,,,,,,,,,
image_564.jpg,a photo of a cat sitting on a wooden floor,,,,,,,,,,,,,
image_5640.jpg,a photo of a man in a dead suit sitting at a table,,,,,,,,,,,,,
image_5641.jpg,a photo of the president smiling for the camera,,,,,,,,,,,,,
image_5642.jpg,a photo of one does not simply have a drink on their birthday,,,,,,,,,,,,,
image_5643.jpeg,a photo of two men shaking hands in front of a fireplace,,,,,,,,,,,,,
image_5644.png,a photo of a man wearing a top hat and bow tie,,,,,,,,,,,,,
image_5645.jpg,a photo of a woman in a silver dress,,,,,,,,,,,,,
image_5646.jpg,a photo of a man holding a flag and a fire in the background,,,,,,,,,,,,,
image_5647.png,a photo of harry and hermig,,,,,,,,,,,,,
image_5648.jpg,a photo of a man in a suit giving a speech,,,,,,,,,,,,,
image_5649.jpg,"a photo of a group of people standing in front of an elevator with text that reads, we ' re",,,,,,,,,,,,,
image_565.jpg,a photo of an orange cat sleeping in a bowl,,,,,,,,,,,,,
image_5650.png,a photo of a cartoon character running down the street,,,,,,,,,,,,,
image_5651.jpg,"a photo of a man in a room with the capt that says, i ' mzckerg",,,,,,,,,,,,,
image_5652.jpg,a photo of a man in a fur coat holding a microphone,,,,,,,,,,,,,
image_5653.png,"a photo of a man in a black shirt with the capt that reads, there is such as global warming",,,,,,,,,,,,,
image_5654.jpg,"a photo of a cartoon character with a capt that reads, ` ` for fu ' s sake i said",,,,,,,,,,,,,
image_5655.jpg,a photo of a man in a suit and tie,,,,,,,,,,,,,
image_5656.jpg,a photo of a man in a suit with his mouth open,,,,,,,,,,,,,
image_5657.png,a photo of two birds standing in front of a mirror,,,,,,,,,,,,,
image_5658.png,"a photo of a dragon with the capt that says, ` you are important '",,,,,,,,,,,,,
image_5659.jpg,a photo of a penguin sitting on a rock,,,,,,,,,,,,,
image_566.jpg,a photo of a cat sitting on the floor,,,,,,,,,,,,,
image_5660.jpg,a photo of a man pointing at the camera,,,,,,,,,,,,,
image_5661.png,"a photo of a man and woman sitting on a couch, with the capt that reads me as girlfriend you",,,,,,,,,,,,,
image_5662.jpg,"a photo of a cartoon character with the capt that reads, ` i ' ve got it all to know",,,,,,,,,,,,,
image_5663.png,a photo of a woman with glasses saying sh now the gonna look at my emails again,,,,,,,,,,,,,
image_5664.jpg,a photo of two children and a sea lion,,,,,,,,,,,,,
image_5665.jpg,a photo of two people with the capt that says it ' s a girlfriend,,,,,,,,,,,,,
image_5666.jpg,a photo of a man in a suit sitting at a desk,,,,,,,,,,,,,
image_5667.jpg,a photo of a man with a mustache on his chest,,,,,,,,,,,,,
image_5668.jpg,a photo of a little girl in a field,,,,,,,,,,,,,
image_5669.png,a photo of a cartoon character reading a book,,,,,,,,,,,,,
image_567.jpg,a photo of a cat with a finger on it ' s face,,,,,,,,,,,,,
image_5670.png,a photo of a soldier holding a coffee mug,,,,,,,,,,,,,
image_5671.jpg,a photo of a cat in a shell,,,,,,,,,,,,,
image_5672.jpg,a photo of a couple kissing in the snow,,,,,,,,,,,,,
image_5673.jpg,a photo of a cat sitting on a couch with a calcula,,,,,,,,,,,,,
image_5674.jpg,a photo of a boy with a green shirt and white t - shirt,,,,,,,,,,,,,
image_5675.jpg,a photo of the face of a man with his eyes closed,,,,,,,,,,,,,
image_5676.jpg,a photo of a cat playing with a christmas wreath,,,,,,,,,,,,,
image_5677.jpg,a photo of two men looking at each other man,,,,,,,,,,,,,
image_5678.jpeg,a photo of a person standing in the ocean,,,,,,,,,,,,,
image_5679.png,a photo of a man in a suit and tie,,,,,,,,,,,,,
image_568.jpg,a photo of a kitten sitting on a table,,,,,,,,,,,,,
image_5680.jpg,a photo of a man with a smile on his face,,,,,,,,,,,,,
image_5681.jpg,a photo of a man in a suit pointing at someone,,,,,,,,,,,,,
image_5682.jpg,"a photo of a man in a red uniform with the capt that says, ` i am a woman president",,,,,,,,,,,,,
image_5683.jpg,a photo of a man in a suit with an egg on his head,,,,,,,,,,,,,
image_5684.jpg,a photo of a man in a red uniform sitting on a chair,,,,,,,,,,,,,
image_5685.jpg,a photo of a group of people standing next to a military vehicle,,,,,,,,,,,,,
image_5686.jpg,a photo of a person reading a book,,,,,,,,,,,,,
image_5687.jpg,"a photo of an indian man in a suit and tie, with the capt that says why we are not",,,,,,,,,,,,,
image_5688.jpg,a photo of a minion with a quote on it,,,,,,,,,,,,,
image_5689.png,a photo of an old man sitting at a table,,,,,,,,,,,,,
image_569.jpg,a photo of a cat that is standing on a table,,,,,,,,,,,,,
image_5690.png,a photo of a man in a suit sitting at a table,,,,,,,,,,,,,
image_5691.jpeg,a photo of an old man with a beard and glasses,,,,,,,,,,,,,
image_5692.jpg,a photo of a woman holding a glass of wine,,,,,,,,,,,,,
image_5693.jpg,a photo of a person holding a cat,,,,,,,,,,,,,
image_5694.jpg,a photo of president trump and his wife at the inauguration,,,,,,,,,,,,,
image_5695.jpg,a photo of two men standing next to each other man,,,,,,,,,,,,,
image_5696.jpg,a photo of an old man with a bottle of beer,,,,,,,,,,,,,
image_5697.jpg,a photo of a man with a stick in his hand,,,,,,,,,,,,,
image_5698.jpg,a photo of president obama holding a baby,,,,,,,,,,,,,
image_5699.jpg,a photo of a group of people sitting around a table,,,,,,,,,,,,,
image_57.jpg,a photo of a man and woman with their faces painted like superheros,,,,,,,,,,,,,
image_570.jpg,a photo of a white cat with blue eyes,,,,,,,,,,,,,
image_5700.png,a photo of a man in a suit and tie,,,,,,,,,,,,,
image_5701.jpg,a photo of a girl with the capt that reads can ' t leave the light on right? i want,,,,,,,,,,,,,
image_5702.jpg,a photo of a basketball player holding a ball,,,,,,,,,,,,,
image_5703.png,a photo of a man with long hair and beards in the middle earth,,,,,,,,,,,,,
image_5704.png,a photo of two people with the words who is he?,,,,,,,,,,,,,
image_5705.jpg,a photo of two minions looking at each other minionss,,,,,,,,,,,,,
image_5706.png,a photo of a man in a barcode with the capt that reads i don ' t always eat but,,,,,,,,,,,,,
image_5707.jpg,a photo of a man in a red shirt,,,,,,,,,,,,,
image_5708.jpg,"a photo of a man in a suit and tie, with the words real? i look it ' s",,,,,,,,,,,,,
image_5709.jpg,a photo of a person standing on a balcony at night,,,,,,,,,,,,,
image_571.jpg,a photo of an orange and white cat in a box,,,,,,,,,,,,,
image_5710.jpg,a photo of a cat with a hat on,,,,,,,,,,,,,
image_5711.jpg,a photo of a watermel tree with the words i ' m going for rest in my fucking life,,,,,,,,,,,,,
image_5712.jpg,a photo of two men with one pointing at the other man,,,,,,,,,,,,,
image_5713.jpg,"a photo of a woman with long hair, wearing a white turtle neck sweater",,,,,,,,,,,,,
image_5714.jpg,a photo of a girl with a fire in the background,,,,,,,,,,,,,
image_5715.jpg,a photo of two people sitting next to each other people,,,,,,,,,,,,,
image_5716.jpg,a photo of a man in a suit with the words don ' t me,,,,,,,,,,,,,
image_5717.jpg,a photo of a cartoon turtle holding a piece of cheese,,,,,,,,,,,,,
image_5718.png,a photo of a man with long hair and beards in the middle earth,,,,,,,,,,,,,
image_5719.jpg,"a photo of lord in the lord ' s house with text that reads, i love lord the king it",,,,,,,,,,,,,
image_572.jpg,a photo of a cat that is sitting on a couch,,,,,,,,,,,,,
image_5720.jpg,a photo of a fish and a clown with the words happy birthday nemo,,,,,,,,,,,,,
image_5721.png,a photo of a man with long hair in front of an image of the sky and clouds,,,,,,,,,,,,,
image_5722.jpeg,a photo of a man wearing glasses and smiling at the camera,,,,,,,,,,,,,
image_5723.jpg,a photo of a man with his hands on his head,,,,,,,,,,,,,
image_5724.jpg,a photo of a woman in a black dress dancing,,,,,,,,,,,,,
image_5725.jpg,a photo of a man in a red shirt pointing at the camera,,,,,,,,,,,,,
image_5726.png,a photo of a person reaching into a door,,,,,,,,,,,,,
image_5727.jpg,a photo of a man in a blue shirt and tie pointing at the camera,,,,,,,,,,,,,
image_5728.jpg,a photo of a man in a suit and tie,,,,,,,,,,,,,
image_5729.jpeg,a photo of a man in a suit holding a camera,,,,,,,,,,,,,
image_573.jpg,a photo of a cat that is looking at the camera,,,,,,,,,,,,,
image_5730.png,a photo of two men pointing at each other people,,,,,,,,,,,,,
image_5731.jpg,a photo of a man sitting at a desk with a computer,,,,,,,,,,,,,
image_5732.png,a photo of a man in a purple shirt with the words did you know?,,,,,,,,,,,,,
image_5733.jpg,a photo of a man with his mouth open,,,,,,,,,,,,,
image_5734.png,a photo of a woman with her hand on her head,,,,,,,,,,,,,
image_5735.jpg,a photo of a cat standing on its hinds,,,,,,,,,,,,,
image_5736.jpg,a photo of an older man in a suit and tie,,,,,,,,,,,,,
image_5737.png,a photo of a man in a suit and tie,,,,,,,,,,,,,
image_5738.png,a photo of a person laying on a bed,,,,,,,,,,,,,
image_5739.png,a photo of a man with long hair and beards,,,,,,,,,,,,,
image_574.jpg,a photo of a kitten sitting in a green bowl,,,,,,,,,,,,,
image_5740.png,a photo of a minion sitting on the floor,,,,,,,,,,,,,
image_5741.jpeg,a photo of a ship in the middle of the ocean,,,,,,,,,,,,,
image_5742.jpg,a photo of a man with a hat and bow tie,,,,,,,,,,,,,
image_5743.jpg,a photo of a person with a hat on,,,,,,,,,,,,,
image_5744.jpg,a photo of the amazing spider - man and his friends,,,,,,,,,,,,,
image_5745.png,"a photo of a man with long hair, wearing a black shirt and looking at the camera",,,,,,,,,,,,,
image_5746.jpg,"a photo of a minion with the capt that says, ` ` '",,,,,,,,,,,,,
image_5747.jpg,"a photo of a minion with text that reads, ` i ' m ' s pushing and handling",,,,,,,,,,,,,
image_5748.jpg,a photo of an elf with the words before my cup of coffee,,,,,,,,,,,,,
image_5749.jpg,a photo of a minion with a quote on it,,,,,,,,,,,,,
image_575.jpg,a photo of a cat ' s face,,,,,,,,,,,,,
image_5750.jpg,a photo of a dog with a hat on it ' s head,,,,,,,,,,,,,
image_5751.jpg,a photo of a man in a suit and tie,,,,,,,,,,,,,
image_5752.jpg,a photo of a man in a suit holding a baseball bat,,,,,,,,,,,,,
image_5753.png,a photo of a man in a suit with the capt that reads exting technology can produce electricity,,,,,,,,,,,,,
image_5754.png,a photo of a man in a suit and tie,,,,,,,,,,,,,
image_5755.jpg,a photo of a man holding a soccer ball and talking to another man,,,,,,,,,,,,,
image_5756.png,a photo of a man smoking a cigarette,,,,,,,,,,,,,
image_5757.png,a photo of a man with money in his hand,,,,,,,,,,,,,
image_5758.jpg,a photo of a ship in the ocean,,,,,,,,,,,,,
image_5759.jpg,"a photo of deadpool with the capt that reads, ` ' those who do not talk to me?",,,,,,,,,,,,,
image_576.jpg,a photo of a cat wearing a hoodie,,,,,,,,,,,,,
image_5760.png,"a photo of a penguin with the capt that says, today is the day club gets shut",,,,,,,,,,,,,
image_5761.jpg,a photo of a monkey sitting at a computer,,,,,,,,,,,,,
image_5762.jpg,a photo of a minion with a quote on it,,,,,,,,,,,,,
image_5763.jpg,a photo of two people with red hair and glasses,,,,,,,,,,,,,
image_5764.png,a photo of a man with long hair,,,,,,,,,,,,,
image_5765.png,a photo of a man laughing with the words why is changing so reliable?,,,,,,,,,,,,,
image_5766.jpg,a photo of some people in suits and ties,,,,,,,,,,,,,
image_5767.jpg,a photo of a minion holding a baseball bat,,,,,,,,,,,,,
image_5768.jpg,a photo of a man with a dog on his shoulder,,,,,,,,,,,,,
image_5769.jpg,a photo of a man in a suit and tie,,,,,,,,,,,,,
image_577.jpg,a photo of a cat playing with candy canes,,,,,,,,,,,,,
image_5770.png,a photo of a man and woman on the beach,,,,,,,,,,,,,
image_5771.jpg,a photo of the joker in the dark knight movie,,,,,,,,,,,,,
image_5772.jpg,a photo of a man in uniform talking to another man,,,,,,,,,,,,,
image_5773.jpg,a photo of a girl with the capt that says it ' s going to happen,,,,,,,,,,,,,
image_5774.jpg,a photo of a minion with a quote on it,,,,,,,,,,,,,
image_5775.jpg,a photo of a man in a suit and tie,,,,,,,,,,,,,
image_5776.jpg,"a photo of a man with long hair and beards, wearing a green jacket, standing in front of",,,,,,,,,,,,,
image_5777.jpg,a photo of president trump holding up a sign,,,,,,,,,,,,,
image_5778.jpg,a photo of a cartoon character with the capt that says i ' m expect better dad mes than than,,,,,,,,,,,,,
image_5779.jpg,a photo of a woman holding a gun,,,,,,,,,,,,,
image_578.jpg,a photo of a cat laying on a bed,,,,,,,,,,,,,
image_5780.jpg,a photo of a bald man with the capt that says what i told you potato,,,,,,,,,,,,,
image_5781.jpg,a photo of a minion with a quote on it,,,,,,,,,,,,,
image_5782.jpg,a photo of a minion with an ice cream cone on its head,,,,,,,,,,,,,
image_5783.jpg,"a photo of a man in a t - shirt with the capt that reads, when you ' reting",,,,,,,,,,,,,
image_5784.jpg,a photo of a man wearing a suit and tie,,,,,,,,,,,,,
image_5785.jpg,"a photo of a guy with the capt that says, but i ' m such a nice guy",,,,,,,,,,,,,
image_5786.png,a photo of deadpool wearing a santa hat,,,,,,,,,,,,,
image_5787.jpg,a photo of a man with a smile on his face,,,,,,,,,,,,,
image_5788.jpg,a photo of a deadpool with a gun in his hand,,,,,,,,,,,,,
image_5789.jpeg,a photo of a man in a suit and tie,,,,,,,,,,,,,
image_579.png,a photo of a black and white cat,,,,,,,,,,,,,
image_5790.jpg,"a photo of a man in a suit with the capt that reads, ` how do you think? '",,,,,,,,,,,,,
image_5791.jpg,a photo of a ham on a yellow chair,,,,,,,,,,,,,
image_5792.jpg,a photo of two men standing next to each other men,,,,,,,,,,,,,
image_5793.jpg,a photo of a man in a top hat and bow tie,,,,,,,,,,,,,
image_5794.jpg,a photo of a man sitting at a desk with a computer,,,,,,,,,,,,,
image_5795.jpg,a photo of a baby in a tuxed suit,,,,,,,,,,,,,
image_5796.jpg,a photo of a group of people walking down the street,,,,,,,,,,,,,
image_5797.jpg,a photo of a man and woman talking to each other people,,,,,,,,,,,,,
image_5798.jpg,a photo of a man in a suit talking to another man,,,,,,,,,,,,,
image_5799.jpg,a photo of a man in a red shirt holding a tablet,,,,,,,,,,,,,
image_58.jpg,a photo of a man with a mustache and glasses,,,,,,,,,,,,,
image_580.png,a photo of a cat sitting on a couch,,,,,,,,,,,,,
image_5800.jpg,a photo of a man in a suit and tie,,,,,,,,,,,,,
image_5801.png,a photo of facebook founder mark zuberg,,,,,,,,,,,,,
image_5802.png,a photo of a squirrel laying on the road,,,,,,,,,,,,,
image_5803.jpg,a photo of a woman giving the peace sign,,,,,,,,,,,,,
image_5804.jpeg,a photo of captain america in the avengers movie,,,,,,,,,,,,,
image_5805.jpg,"a photo of a man in the water with the capt that says, i ' m girl i still have",,,,,,,,,,,,,
image_5806.jpg,a photo of a man drinking from a cup,,,,,,,,,,,,,
image_5807.jpg,a photo of a man with a beard,,,,,,,,,,,,,
image_5808.jpg,a photo of a cat sitting on a couch,,,,,,,,,,,,,
image_5809.jpg,a photo of a man with a hat on,,,,,,,,,,,,,
image_581.jpg,a photo of a cat sitting on the floor,,,,,,,,,,,,,
image_5810.png,a photo of a man in a suit and tie,,,,,,,,,,,,,
image_5811.png,"a photo of two men in suits, one is laughing and the other is smiling",,,,,,,,,,,,,
image_5812.jpg,a photo of batman slappinging a woman,,,,,,,,,,,,,
image_5813.jpg,a photo of an old man with a beard and glasses,,,,,,,,,,,,,
image_5814.jpg,a photo of a woman and a man in avengers,,,,,,,,,,,,,
image_5815.jpeg,a photo of a man in a suit with his mouth open,,,,,,,,,,,,,
image_5816.jpg,a photo of spider and deadpool in the avengers universe,,,,,,,,,,,,,
image_5817.png,a photo of the face of a man with long hair and beards,,,,,,,,,,,,,
image_5818.jpg,a photo of two men in suits and ties,,,,,,,,,,,,,
image_5819.jpeg,a photo of a woman in a red dress next to an alien,,,,,,,,,,,,,
image_582.jpg,a photo of a cat in the snow,,,,,,,,,,,,,
image_5820.jpg,a photo of a man in uniform holding a bottle,,,,,,,,,,,,,
image_5821.jpg,a photo of a cat in the grass,,,,,,,,,,,,,
image_5822.jpg,a photo of a cat playing in the snow,,,,,,,,,,,,,
image_5823.png,a photo of a man wearing a fur coat,,,,,,,,,,,,,
image_5824.jpg,a photo of a man smiling with the capt that says stop from killing himself,,,,,,,,,,,,,
image_5825.jpg,"a photo of two men in suits, one is talking to the other man",,,,,,,,,,,,,
image_5826.jpg,a photo of a woman in armor with the words best tv character,,,,,,,,,,,,,
image_5827.jpg,a photo of two stickers that have been made to look like anime characters,,,,,,,,,,,,,
image_5828.jpg,a photo of the president smoking a cigarette,,,,,,,,,,,,,
image_5829.jpg,a photo of a cartoon turtle with the words pep the turtle who,,,,,,,,,,,,,
image_583.jpg,a photo of a cat that is looking at the camera,,,,,,,,,,,,,
image_5830.jpg,a photo of two men sitting next to each other men,,,,,,,,,,,,,
image_5831.jpg,a photo of the president sitting in a chair with his hand on his face,,,,,,,,,,,,,
image_5832.png,"a photo of a man sitting on the ground with text that reads, we can never forget the australian national",,,,,,,,,,,,,
image_5833.jpeg,a photo of a cat with the capt that says i ' m like this royal baby,,,,,,,,,,,,,
image_5834.jpg,a photo of two men in suits standing next to a car,,,,,,,,,,,,,
image_5835.jpg,a photo of two harry potters with the words ' so this is not interesting ',,,,,,,,,,,,,
image_5836.png,a photo of a man with a smile on his face,,,,,,,,,,,,,
image_5837.jpg,a photo of two men standing next to each other man,,,,,,,,,,,,,
image_5838.png,"a photo of a man in a black leather jacket with the capt that reads, how do you ' re",,,,,,,,,,,,,
image_5839.jpg,a photo of an old man in a top hat,,,,,,,,,,,,,
image_584.jpg,a photo of a cat playing with a toy,,,,,,,,,,,,,
image_5840.jpg,a photo of a minion with the words i ' m ' n ' t - shirt,,,,,,,,,,,,,
image_5841.jpg,a photo of a cat dressed as a joker,,,,,,,,,,,,,
image_5842.jpg,a photo of a woman and two boys making sandwiches,,,,,,,,,,,,,
image_5843.jpg,a photo of a man in a suit with his arms crossed,,,,,,,,,,,,,
image_5844.jpg,a photo of a group of children dancing in the dirt,,,,,,,,,,,,,
image_5845.jpg,a photo of a dead deadpool with the text here are your options i ' m dead,,,,,,,,,,,,,
image_5846.jpg,a photo of a minion with the words breaking news,,,,,,,,,,,,,
image_5847.png,"a photo of four people with the words, who ' s that?",,,,,,,,,,,,,
image_5848.png,a photo of a man in a red shirt pointing his finger at the camera,,,,,,,,,,,,,
image_5849.jpeg,"a photo of a man with long hair and a text that reads, i don ' t say it '",,,,,,,,,,,,,
image_585.jpg,a photo of a cat with the capt that says you love anime?,,,,,,,,,,,,,
image_5850.jpg,a photo of a young boy wearing a white shirt,,,,,,,,,,,,,
image_5851.jpg,a photo of president obama and first lady michelle,,,,,,,,,,,,,
image_5852.jpg,a photo of a house with halloween decorations on the windows,,,,,,,,,,,,,
image_5853.jpg,a photo of a smiling man wearing a headset,,,,,,,,,,,,,
image_5854.png,a photo of a man with glasses on his face,,,,,,,,,,,,,
image_5855.png,a photo of a man in a suit sitting at a desk,,,,,,,,,,,,,
image_5856.jpg,a photo of a dog looking up at the camera,,,,,,,,,,,,,
image_5857.jpg,a photo of a cat laying on a wooden bench,,,,,,,,,,,,,
image_5858.jpg,a photo of a woman with her hands on her face,,,,,,,,,,,,,
image_5859.jpg,a photo of harry potter with the words i ' m sorry kids,,,,,,,,,,,,,
image_586.jpg,a photo of a cat that is laying on a bed,,,,,,,,,,,,,
image_5860.jpg,a photo of a black background with the words happy birthday,,,,,,,,,,,,,
image_5861.png,a photo of an older man looking at his laptop,,,,,,,,,,,,,
image_5862.jpg,"a photo of a minion with the capt that says, ` i ' m ' eny it '",,,,,,,,,,,,,
image_5863.jpg,a photo of a cartoon cat sitting at a picnic table,,,,,,,,,,,,,
image_5864.jpg,a photo of a man sitting in a chair with a cat,,,,,,,,,,,,,
image_5865.jpeg,a photo of a man sitting at a table with a quote on it,,,,,,,,,,,,,
image_5866.jpg,a photo of a man in a suit sitting on a chair,,,,,,,,,,,,,
image_5867.jpg,a photo of a dead deadpool with the capt that reads maximum effort,,,,,,,,,,,,,
image_5868.png,a photo of a man in a suit and tie,,,,,,,,,,,,,
image_5869.jpg,a photo of a pair of scissors on a white surface,,,,,,,,,,,,,
image_587.jpg,a photo of a person petting a cat,,,,,,,,,,,,,
image_5870.jpg,a photo of minions from the minions movie,,,,,,,,,,,,,
image_5871.jpg,a photo of a group of people sitting in a car,,,,,,,,,,,,,
image_5872.jpeg,a photo of two men laughing at each other man,,,,,,,,,,,,,
image_5873.jpg,a photo of a person holding a camera,,,,,,,,,,,,,
image_5874.jpg,a photo of a man in a car holding a bottle,,,,,,,,,,,,,
image_5875.jpeg,a photo of a man holding a stick,,,,,,,,,,,,,
image_5876.jpg,a photo of a little boy holding a book,,,,,,,,,,,,,
image_5877.png,"a photo of a kid with the capt that says, i ' m on a bat",,,,,,,,,,,,,
image_5878.jpg,a photo of a man in a suit sitting on the beach,,,,,,,,,,,,,
image_5879.png,a photo of a baby sitting at a table with a beer,,,,,,,,,,,,,
image_588.jpg,a photo of a bunch of cats in a doorway,,,,,,,,,,,,,
image_5880.png,a photo of a man wearing a top hat and holding a cigarette,,,,,,,,,,,,,
image_5881.png,a photo of two men standing in front of a tv screen,,,,,,,,,,,,,
image_5882.jpg,a photo of a man with a gun in his hand,,,,,,,,,,,,,
image_5883.jpg,a photo of a cat sitting on the floor,,,,,,,,,,,,,
image_5884.jpg,a photo of harry ' s eyes on a green background,,,,,,,,,,,,,
image_5885.jpg,a photo of a man with glasses that says i am,,,,,,,,,,,,,
image_5886.jpg,a photo of two men sitting at a table,,,,,,,,,,,,,
image_5887.jpg,a photo of joker in the dark knight movie,,,,,,,,,,,,,
image_5888.jpg,a photo of a man in a suit and tie,,,,,,,,,,,,,
image_5889.jpg,"a photo of a group of cartoon characters with the capt that says, when you ' re",,,,,,,,,,,,,
image_589.png,a photo of a cat looking up at the camera,,,,,,,,,,,,,
image_5890.jpg,a photo of an old man with glasses on,,,,,,,,,,,,,
image_5891.jpg,a photo of a man eating a slice of pizza,,,,,,,,,,,,,
image_5892.png,a photo of two men in suits talking to each other man,,,,,,,,,,,,,
image_5893.jpg,"a photo of a meme with the capt that says, i ' mh like button for ultra golden",,,,,,,,,,,,,
image_5894.jpg,a photo of an orange and white cat sitting in a clear box,,,,,,,,,,,,,
image_5895.jpg,a photo of a baby sitting on the beach,,,,,,,,,,,,,
image_5896.jpg,a photo of a man and woman talking to each other people,,,,,,,,,,,,,
image_5897.jpg,a photo of a man with a smile on his face,,,,,,,,,,,,,
image_5898.jpg,a photo of a black and white quote on a white background,,,,,,,,,,,,,
image_5899.jpg,a photo of an old man sitting at a desk with a laptop,,,,,,,,,,,,,
image_59.jpg,a photo of a man in a suit talking to another man,,,,,,,,,,,,,
image_590.png,a photo of a cat sitting on the floor,,,,,,,,,,,,,
image_5900.jpg,a photo of a man in a suit sitting at a desk,,,,,,,,,,,,,
image_5901.jpg,a photo of a woman holding her head in front of her face,,,,,,,,,,,,,
image_5902.jpg,a photo of a man wearing sunglasses and holding a cup,,,,,,,,,,,,,
image_5903.jpg,a photo of a man in a suit drinking a beer,,,,,,,,,,,,,
image_5904.png,a photo of a man with a goat on his back,,,,,,,,,,,,,
image_5905.png,a photo of a man climbing on a wall with the capt that reads mexicans rain for donald trump trump,,,,,,,,,,,,,
image_5906.png,"a photo of a man falling off the ground, with text saying sorry you sustained injuries after slipping",,,,,,,,,,,,,
image_5907.jpg,a photo of a girl with a smile on her face,,,,,,,,,,,,,
image_5908.jpg,a photo of a man in a suit smoking a cigarette,,,,,,,,,,,,,
image_5909.jpg,a photo of a man in a suit and tie,,,,,,,,,,,,,
image_591.jpg,a photo of a cat on a table with a camera,,,,,,,,,,,,,
image_5910.jpg,a photo of a man and woman standing in the dark room with text that reads what we say to the,,,,,,,,,,,,,
image_5911.jpg,"a photo of a man with a beard and text that reads, ` how do you sleep? '",,,,,,,,,,,,,
image_5912.jpg,a photo of a man in a suit smiling,,,,,,,,,,,,,
image_5913.jpg,a photo of two cats laying on a bed,,,,,,,,,,,,,
image_5914.jpg,a photo of a man in a black jacket and white t - shirt,,,,,,,,,,,,,
image_5915.jpg,a photo of a man holding a confederate flag,,,,,,,,,,,,,
image_5916.jpg,a photo of two people talking in front of a car,,,,,,,,,,,,,
image_5917.jpg,a photo of a shirtless man in the movie,,,,,,,,,,,,,
image_5918.jpg,a photo of a man in a suit and tie,,,,,,,,,,,,,
image_5919.jpg,"a photo of a man in a car with the capt that reads, i will never you this what is",,,,,,,,,,,,,
image_592.png,a photo of a cat that is looking at the camera,,,,,,,,,,,,,
image_5920.png,a photo of a chef pointing at the camera,,,,,,,,,,,,,
image_5921.jpg,a photo of two cats playing with each other cats,,,,,,,,,,,,,
image_5922.jpg,a photo of a man and woman sitting at a table,,,,,,,,,,,,,
image_5923.jpg,a photo of a penguin holding a sword,,,,,,,,,,,,,
image_5924.jpg,a photo of a woman being held by police officers,,,,,,,,,,,,,
image_5925.jpg,a photo of a cat that is sitting on the floor,,,,,,,,,,,,,
image_5926.jpg,a photo of the avengers team in different poses,,,,,,,,,,,,,
image_5927.jpg,a photo of a man holding a gun in the water,,,,,,,,,,,,,
image_5928.jpg,a photo of a cat with music notes in the background,,,,,,,,,,,,,
image_5929.jpg,a photo of a baby looking at the camera,,,,,,,,,,,,,
image_593.jpg,a photo of a cat sitting in a basket,,,,,,,,,,,,,
image_5930.jpg,a photo of a girl with a hat on her head,,,,,,,,,,,,,
image_5931.png,a photo of a basketball player with the capt that reads don ' tw that bal me just got my,,,,,,,,,,,,,
image_5932.jpg,a photo of two angels with palm trees in the background,,,,,,,,,,,,,
image_5933.jpg,a photo of a man in a suit holding a microphone,,,,,,,,,,,,,
image_5934.png,a photo of a man with the capt that reads lucifer president this country is going to hell,,,,,,,,,,,,,
image_5935.png,a photo of a man in a suit sitting at a table,,,,,,,,,,,,,
image_5936.jpg,"a photo of a man driving a car with the capt that reads, you need me to understand this",,,,,,,,,,,,,
image_5937.jpg,a photo of a woman pointing at the camera,,,,,,,,,,,,,
image_5938.jpg,a photo of a cat in a box that says i ' m going down until you get rid,,,,,,,,,,,,,
image_5939.jpg,a photo of a cat that is looking at the camera,,,,,,,,,,,,,
image_594.jpg,a photo of a cat that is looking at the camera,,,,,,,,,,,,,
image_5940.jpg,"a photo of a girl sitting on a couch with the capt that reads, i ' ll start fight when",,,,,,,,,,,,,
image_5941.jpg,a photo of a man sitting on a chair with the capt in front of him,,,,,,,,,,,,,
image_5942.jpg,a photo of a person wearing a birthday hat,,,,,,,,,,,,,
image_5943.jpg,a photo of a man in a suit smoking a cigarette,,,,,,,,,,,,,
image_5944.jpg,a photo of a woman holding a sign,,,,,,,,,,,,,
image_5945.png,a photo of a baby playing with a toy,,,,,,,,,,,,,
image_5946.jpg,a photo of a cat that is sitting on a scratching board,,,,,,,,,,,,,
image_5947.png,a photo of a man in a suit with the words all i want for christmas is ew,,,,,,,,,,,,,
image_5948.jpg,a photo of a man with a drink in his hand,,,,,,,,,,,,,
image_5949.jpg,"a photo of two men, one is kissing and the other is smiling",,,,,,,,,,,,,
image_595.png,a photo of a cat wearing glasses and a bow tie,,,,,,,,,,,,,
image_5950.jpg,a photo of a woman in a grey suit with her hands up and the words ` keep all emails on,,,,,,,,,,,,,
image_5951.jpg,a photo of a penguin standing in the snow,,,,,,,,,,,,,
image_5952.jpg,a photo of a man in a fur coat holding a sword,,,,,,,,,,,,,
image_5953.jpg,"a photo of the face of a man with the words, you ' ree ends where my community stands",,,,,,,,,,,,,
image_5954.png,"a photo of two men in a car, one is looking at the other man",,,,,,,,,,,,,
image_5955.jpg,"a photo of person in a suit and tie, with the capt that reads trump once called the electric college",,,,,,,,,,,,,
image_5956.jpg,a photo of a man with a bird in his hand,,,,,,,,,,,,,
image_5957.png,a photo of a man holding up a trophy,,,,,,,,,,,,,
image_5958.jpg,a photo of hillary giving a speech in front of a black background,,,,,,,,,,,,,
image_5959.jpeg,a photo of a man singing into a microphone,,,,,,,,,,,,,
image_596.jpg,a photo of a cat laying on the floor,,,,,,,,,,,,,
image_5960.jpg,a photo of a man speaking into a microphone,,,,,,,,,,,,,
image_5961.jpg,a photo of a man with a stick in his hand,,,,,,,,,,,,,
image_5962.jpg,a photo of two men sitting at a bar,,,,,,,,,,,,,
image_5963.jpg,"a photo of an older woman with the capt that reads, ' talking to my kids about never '",,,,,,,,,,,,,
image_5964.jpeg,a photo of a cartoon character sitting at a desk with a computer,,,,,,,,,,,,,
image_5965.jpg,a photo of an orange clown fish with the capt that says excuse did you see my father?,,,,,,,,,,,,,
image_5966.jpg,a photo of two people in the water,,,,,,,,,,,,,
image_5967.png,a photo of a man in a suit sitting on a chair,,,,,,,,,,,,,
image_5968.jpg,"a photo of a seal with the capt that says, when i ' m ' t mes written to",,,,,,,,,,,,,
image_5969.jpg,a photo of a person holding a cat,,,,,,,,,,,,,
image_597.jpg,a photo of a person holding a kitten,,,,,,,,,,,,,
image_5970.jpg,a photo of two men talking to each other man,,,,,,,,,,,,,
image_5971.jpg,a photo of a woman in a black dress,,,,,,,,,,,,,
image_5972.jpg,"a photo of a minion with a quote on it that says, ` if i ' m ' n",,,,,,,,,,,,,
image_5973.png,a photo of a man in an orange jacket talking on the phone,,,,,,,,,,,,,
image_5974.jpg,"a photo of a cat with the capt that reads, i ' m going through my old mes that",,,,,,,,,,,,,
image_5975.png,a photo of two men sitting in the back seat of a car,,,,,,,,,,,,,
image_5976.jpg,a photo of a man with long white hair and a quote that says oh damn that ' s a start,,,,,,,,,,,,,
image_5977.png,a photo of a man doing a push on a track,,,,,,,,,,,,,
image_5978.jpg,"a photo of two green parrots with the capt that says, ' i ' m '",,,,,,,,,,,,,
image_5979.jpeg,a photo of the face of a pig that is smiling,,,,,,,,,,,,,
image_598.jpg,a photo of a cat with its mouth open,,,,,,,,,,,,,
image_5980.jpg,"a photo of a dead deadpool and the capt that reads, ` ` when you see me '",,,,,,,,,,,,,
image_5981.jpg,a photo of a man in an orange hoodie,,,,,,,,,,,,,
image_5982.jpg,a photo of a woman with pink hair,,,,,,,,,,,,,
image_5983.jpg,a photo of a girl and a boy kissing,,,,,,,,,,,,,
image_5984.png,"a photo of a man in a suit with the capt that reads, when you ' reting your body",,,,,,,,,,,,,
image_5985.png,"a photo of a man with a beard and the capt reads, ' the dead are going to everyone winter",,,,,,,,,,,,,
image_5986.jpg,"a photo of a woman in a room with a sign that says, only respect women are afraid to",,,,,,,,,,,,,
image_5987.jpg,a photo of a man in a suit and bow tie with the words next time you take my nose,,,,,,,,,,,,,
image_5988.jpg,a photo of a white zipper pouch with the words don ' t have goals,,,,,,,,,,,,,
image_5989.png,a photo of a man wearing sunglasses and holding a book,,,,,,,,,,,,,
image_599.png,a photo of a cat sitting on a bench,,,,,,,,,,,,,
image_5990.png,a photo of a cat sitting on a sink,,,,,,,,,,,,,
image_5991.jpg,a photo of a man in a suit with his hands up,,,,,,,,,,,,,
image_5992.jpg,a photo of donald and hillary hugging each other faces,,,,,,,,,,,,,
image_5993.jpg,a photo of a man in a suit and hat with a microphone,,,,,,,,,,,,,
image_5994.png,a photo of avengers and the avengers team,,,,,,,,,,,,,
image_5995.jpg,a photo of a man with a mustache in his mouth,,,,,,,,,,,,,
image_5996.jpg,a photo of a person with a hat on,,,,,,,,,,,,,
image_5997.jpg,a photo of a group of people at a concert,,,,,,,,,,,,,
image_5998.jpg,a photo of a minion with a quote on it,,,,,,,,,,,,,
image_5999.jpg,a photo of a man and woman talking to each other people,,,,,,,,,,,,,
image_6.jpg,a photo of a black background with the words ` ' don ' tweee from the internet,,,,,,,,,,,,,
image_60.jpg,"a photo of captain america with the capt that reads, ' potato chips torla chips '",,,,,,,,,,,,,
image_600.jpg,a photo of a cat hugging a dog,,,,,,,,,,,,,
image_6000.jpg,a photo of a person with a hat on,,,,,,,,,,,,,
image_6001.jpg,"a photo of a british flag with the capt that says, ` ' come to the world complain about migrants",,,,,,,,,,,,,
image_6002.jpg,a photo of a young boy sitting on the floor,,,,,,,,,,,,,
image_6003.png,a photo of the same text on a white background,,,,,,,,,,,,,
image_6004.jpg,a photo of two cats playing baseball with a bat,,,,,,,,,,,,,
image_6005.jpg,"a photo of a person with a quote on it that says, ` i ' m '",,,,,,,,,,,,,
image_6006.jpg,a photo of a girl that is smiling for the camera,,,,,,,,,,,,,
image_6007.png,a photo of two men in suits sitting at a table,,,,,,,,,,,,,
image_6008.png,"a photo of a man ' s face with the words, the actuality of men that will come out",,,,,,,,,,,,,
image_6009.jpg,a photo of a man in a costume with the words you love me,,,,,,,,,,,,,
image_601.jpg,a photo of a cat laying on the ground,,,,,,,,,,,,,
image_6010.jpg,a photo of a man in a suit and tie,,,,,,,,,,,,,
image_6011.png,a photo of some people sitting in a crowd,,,,,,,,,,,,,
image_6012.jpg,a photo of a man with the words all these acts mes are really getting me,,,,,,,,,,,,,
image_6013.jpg,a photo of two people sitting at a table,,,,,,,,,,,,,
image_6014.jpg,a photo of president obama pointing his finger at the camera,,,,,,,,,,,,,
image_6015.jpg,"a photo of a woman with a quote on it that says, ' life is pretty '",,,,,,,,,,,,,
image_6016.jpg,a photo of bernie sanders and an image of the same person,,,,,,,,,,,,,
image_6017.png,a photo of a man in a suit and tie,,,,,,,,,,,,,
image_6018.png,a photo of two girls standing in front of a tv screen,,,,,,,,,,,,,
image_6019.jpg,a photo of a man in a suit and tie with the words what do you mean?,,,,,,,,,,,,,
image_602.jpg,a photo of a cat sitting on a couch,,,,,,,,,,,,,
image_6020.jpg,a photo of a man in a suit and tie,,,,,,,,,,,,,
image_6021.jpg,a photo of a person dressed as the joker,,,,,,,,,,,,,
image_6022.jpg,a photo of a dead dead spider with the capt that says i ' m always win she ' s your reward,,,,,,,,,,,,,
image_6023.jpg,a photo of a man in front of an apple logo,,,,,,,,,,,,,
image_6024.jpg,a photo of a man and woman looking at each other people,,,,,,,,,,,,,
image_6025.png,a photo of a black and white cat laying on the floor,,,,,,,,,,,,,
image_6026.jpeg,a photo of a person with their eyes closed,,,,,,,,,,,,,
image_6027.jpg,"a photo of two muppets, one in black and the other in green",,,,,,,,,,,,,
image_6028.jpg,a photo of a man with a beard sitting on a horse,,,,,,,,,,,,,
image_6029.jpg,a photo of the prime of india sitting in front of an indian flag,,,,,,,,,,,,,
image_603.jpg,a photo of a cat and a dog,,,,,,,,,,,,,
image_6030.jpg,a photo of a koloa in a tree with the capt that says happy birthday i hope you can,,,,,,,,,,,,,
image_6031.jpg,a photo of a man in a suit and tie sitting at a table,,,,,,,,,,,,,
image_6032.jpg,"a photo of a seal with the capt that says, when you ask where to party on facebook and you",,,,,,,,,,,,,
image_6033.jpg,a photo of two stickers with the words bill and bill,,,,,,,,,,,,,
image_6034.jpg,a photo of a person with a hat on,,,,,,,,,,,,,
image_6035.jpg,a photo of a man with a flower in his mouth,,,,,,,,,,,,,
image_6036.png,a photo of a cat with sunglasses and a bottle of wine,,,,,,,,,,,,,
image_6037.png,a photo of a man leaning against a wall,,,,,,,,,,,,,
image_6038.png,a photo of donald and kim kissing,,,,,,,,,,,,,
image_6039.jpg,a photo of a cartoon character with the words ' this is liverpool ',,,,,,,,,,,,,
image_604.jpg,a photo of a cat with a slice of bread,,,,,,,,,,,,,
image_6040.jpg,a photo of two people sitting at a table,,,,,,,,,,,,,
image_6041.png,"a photo of a man in a suit and tie with the capt that reads, when you ' reting",,,,,,,,,,,,,
image_6042.jpg,a photo of a man hugging another man in a room,,,,,,,,,,,,,
image_6043.png,a photo of a man in a suit with the words keep calm and stay legendary,,,,,,,,,,,,,
image_6044.jpg,a photo of a woman holding a sign,,,,,,,,,,,,,
image_6045.jpg,a photo of a black and white cat with green eyes,,,,,,,,,,,,,
image_6046.png,a photo of donald the trump,,,,,,,,,,,,,
image_6047.jpg,a photo of a man drinking water from a glass,,,,,,,,,,,,,
image_6048.jpg,a photo of a man in a suit and tie,,,,,,,,,,,,,
image_6049.jpeg,a photo of person in the avengers movie,,,,,,,,,,,,,
image_605.jpg,a photo of a cat with the capt that says i like long walks especially when they are taken by people,,,,,,,,,,,,,
image_6050.jpg,"a photo of a pink and blue background with the words, ' being single is deep part of my identity",,,,,,,,,,,,,
image_6051.jpg,a photo of a woman holding up a sign,,,,,,,,,,,,,
image_6052.jpg,a photo of a man in a green background with the words real bitch,,,,,,,,,,,,,
image_6053.jpg,a photo of a man in a red shirt with his hands up,,,,,,,,,,,,,
image_6054.jpg,a photo of a man holding two guns,,,,,,,,,,,,,
image_6055.jpg,a photo of a man holding a sign,,,,,,,,,,,,,
image_6056.jpg,a photo of a man looking at another,,,,,,,,,,,,,
image_6057.jpg,a photo of a man talking on the phone,,,,,,,,,,,,,
image_6058.png,a photo of a man and woman on a tv set,,,,,,,,,,,,,
image_6059.jpg,a photo of a baby looking at the camera,,,,,,,,,,,,,
image_606.jpg,a photo of a cat sitting at a desk,,,,,,,,,,,,,
image_6060.jpg,a photo of a man in a suit and tie,,,,,,,,,,,,,
image_6061.jpg,"a photo of a man with a gun in his hand and the capt that reads, when you ' re",,,,,,,,,,,,,
image_6062.jpg,a photo of a cop talking on the phone,,,,,,,,,,,,,
image_6063.png,a photo of a man in a suit and tie,,,,,,,,,,,,,
image_6064.jpg,a photo of a cat with the words please and thank,,,,,,,,,,,,,
image_6065.jpg,a photo of a man holding a knife in his hand,,,,,,,,,,,,,
image_6066.jpg,a photo of people in a classroom with their hands up,,,,,,,,,,,,,
image_6067.jpg,a photo of a man holding a baseball bat,,,,,,,,,,,,,
image_6068.png,a photo of a man in a suit and tie,,,,,,,,,,,,,
image_6069.png,a photo of a woman walking down the street,,,,,,,,,,,,,
image_607.jpg,a photo of two cats laying on top of a bed,,,,,,,,,,,,,
image_6070.jpeg,a photo of a man in a suit and tie with the words you wish your man was me,,,,,,,,,,,,,
image_6071.png,"a photo of a man in a suit and tie, with the capt that reads, when you ' re",,,,,,,,,,,,,
image_6072.jpg,a photo of two men talking to each other man,,,,,,,,,,,,,
image_6073.jpg,"a photo of president obama and president trump with the capt that reads, ' this is a fake genius and",,,,,,,,,,,,,
image_6074.png,a photo of a penguin standing in the snow,,,,,,,,,,,,,
image_6075.jpg,"a photo of an older man with the capt that reads, ' when you ' ret, you know",,,,,,,,,,,,,
image_6076.png,a photo of the text next challenge,,,,,,,,,,,,,
image_6077.jpg,a photo of an older woman holding a newspaper,,,,,,,,,,,,,
image_6078.png,"a photo of a person wearing a hoodie with the words, is facebookraining their recognition from the",,,,,,,,,,,,,
image_6079.png,"a photo of two men, one with a beard and the other with an image of him",,,,,,,,,,,,,
image_608.png,a photo of a cat that is looking at the camera,,,,,,,,,,,,,
image_6080.png,a photo of two men and one woman with the words world leader challenge,,,,,,,,,,,,,
image_6081.jpeg,a photo of the characters from disney ' s animated movie,,,,,,,,,,,,,
image_6082.jpg,"a photo of a man with a sword in his hand and the capt that reads, me being handed me",,,,,,,,,,,,,
image_6083.jpg,a photo of people sitting in a crowd,,,,,,,,,,,,,
image_6084.jpg,a photo of person sitting in front of a blackboard with writing on it,,,,,,,,,,,,,
image_6085.png,a photo of the avengers avengers memes,,,,,,,,,,,,,
image_6086.jpg,a photo of avengers and the avengers team,,,,,,,,,,,,,
image_6087.jpg,a photo of two men dressed as superheros,,,,,,,,,,,,,
image_6088.jpg,a photo of the many faces of captain america,,,,,,,,,,,,,
image_6089.jpg,a photo of two babies in formal clothes,,,,,,,,,,,,,
image_609.jpg,a photo of two cats sleeping together,,,,,,,,,,,,,
image_6090.jpg,a photo of a man in a suit pointing at the camera,,,,,,,,,,,,,
image_6091.jpg,"a photo of a baby in a tuxed tux with text that reads, ` ' the bride got",,,,,,,,,,,,,
image_6092.jpg,a photo of a baby in a tuxed suit,,,,,,,,,,,,,
image_6093.jpeg,a photo of two dogs playing in a castle,,,,,,,,,,,,,
image_6094.jpg,a photo of a baby in a tuxed tux with the capt ` ` no one hides from me ',,,,,,,,,,,,,
image_6095.jpg,a photo of a baby wearing a hat and holding a drink,,,,,,,,,,,,,
image_6096.png,a photo of a person holding a pair of scissors,,,,,,,,,,,,,
image_6097.jpg,a photo of a blue background with the words kids have much energy because they spin out their parents like gas,,,,,,,,,,,,,
image_6098.jpg,a photo of a man in a suit and tie,,,,,,,,,,,,,
image_6099.jpg,a photo of a group of women sitting at a table,,,,,,,,,,,,,
image_61.jpg,a photo of a mouse in the middle of an image,,,,,,,,,,,,,
image_610.jpg,a photo of a cat laying on the floor,,,,,,,,,,,,,
image_6100.jpg,a photo of two men sitting at a table talking to each other men,,,,,,,,,,,,,
image_6101.png,a photo of a man and woman talking to each other people,,,,,,,,,,,,,
image_6102.jpg,a photo of a man in a suit holding a pipe,,,,,,,,,,,,,
image_6103.png,a photo of a man and woman talking to each other people,,,,,,,,,,,,,
image_6104.jpg,a photo of the face you make when your mouth is open and somebody sneed,,,,,,,,,,,,,
image_6105.jpg,a photo of a man in a suit sitting at a desk,,,,,,,,,,,,,
image_6106.jpg,a photo of a man in a suit standing on the beach,,,,,,,,,,,,,
image_6107.png,"a photo of a man in a suit and tie with the capt that reads mr bant, it '",,,,,,,,,,,,,
image_6108.png,"a photo of two men in suits and ties, one is talking to the other man",,,,,,,,,,,,,
image_6109.png,a photo of a joker with the words if i know what i mean,,,,,,,,,,,,,
image_611.jpg,a photo of a cat looking up at the camera,,,,,,,,,,,,,
image_6110.jpg,"a photo of an old man with a beard and the capt reads, ' i can ' t know what",,,,,,,,,,,,,
image_6111.png,"a photo of a man with a blue face and the capt that reads, i was looking for mr bean",,,,,,,,,,,,,
image_6112.png,a photo of a man holding a teddy bear,,,,,,,,,,,,,
image_6113.png,a photo of a man with a hat on,,,,,,,,,,,,,
image_6114.jpg,a photo of a man and woman holding a baby,,,,,,,,,,,,,
image_6115.jpg,a photo of a man in a suit with a quote on it,,,,,,,,,,,,,
image_6116.jpg,a photo of a man sitting on top of an old car,,,,,,,,,,,,,
image_6117.png,"a photo of two people sitting in a crowd with the capt that reads, that moment you realize that even",,,,,,,,,,,,,
image_6118.png,a photo of a man with a surprised look on his face,,,,,,,,,,,,,
image_6119.jpg,a photo of an alien looking at the camera,,,,,,,,,,,,,
image_612.jpg,a photo of a person holding a kitten,,,,,,,,,,,,,
image_6120.jpg,a photo of a black and white quote sticker,,,,,,,,,,,,,
image_6121.jpg,a photo of a man wearing sunglasses with the words what i told you not everybody,,,,,,,,,,,,,
image_6122.jpg,a photo of a man with a white shirt and sunglasses,,,,,,,,,,,,,
image_6123.jpg,"a photo of a white background with the words, ' my flow pros '",,,,,,,,,,,,,
image_6124.jpg,a photo of a man in a chef ' s uniform,,,,,,,,,,,,,
image_6125.jpg,a photo of the pope and his family,,,,,,,,,,,,,
image_6126.jpg,a photo of the face of a guy with text that reads y listen to bad music,,,,,,,,,,,,,
image_6127.jpg,a photo of a cat sitting next to a blackboard,,,,,,,,,,,,,
image_6128.jpeg,"a photo of an older man and woman sitting at a table with the capt that reads, ' like what",,,,,,,,,,,,,
image_6129.png,"a photo of a dog in a police car with the capt that reads, ' best of 2018 '",,,,,,,,,,,,,
image_613.jpg,a photo of a cat that is holding a glove,,,,,,,,,,,,,
image_6130.jpg,a photo of two dinosaurs fighting in the woods,,,,,,,,,,,,,
image_6131.png,a photo of two hands holding each other hands with the words in different languages,,,,,,,,,,,,,
image_6132.png,"a photo of an image of a woman with a sword and text that reads, they are prepared before may",,,,,,,,,,,,,
image_6133.png,"a photo of a man with long hair and beards that says, what ' s your name? aqua",,,,,,,,,,,,,
image_6134.jpg,a photo of a man and woman holding hands,,,,,,,,,,,,,
image_6135.jpg,a photo of a person with a hat on,,,,,,,,,,,,,
image_6136.jpg,a photo of a man in a leather jacket holding a microphone,,,,,,,,,,,,,
image_6137.jpg,a photo of a naked man in the middle of the room,,,,,,,,,,,,,
image_6138.jpg,a photo of a group of people in suits and ties,,,,,,,,,,,,,
image_6139.jpg,a photo of a person with a hat on,,,,,,,,,,,,,
image_614.jpg,a photo of a white cat sitting on a table,,,,,,,,,,,,,
image_6140.jpg,a photo of an older man with glasses and a smile on his face,,,,,,,,,,,,,
image_6141.jpg,a photo of a car with the words ` ' this bill ',,,,,,,,,,,,,
image_6142.png,a photo of a person sitting at a desk,,,,,,,,,,,,,
image_6143.jpg,a photo of a cat holding a bunch of money,,,,,,,,,,,,,
image_6144.jpg,a photo of a person sitting at a desk,,,,,,,,,,,,,
image_6145.jpg,a photo of the bills fans cheering for their team,,,,,,,,,,,,,
image_6146.jpg,a photo of a man with a cigarette in his mouth,,,,,,,,,,,,,
image_6147.jpg,a photo of a person holding a cell phone,,,,,,,,,,,,,
image_6148.jpeg,a photo of a man wearing a red hat,,,,,,,,,,,,,
image_6149.png,a photo of a person wearing a beanie hat,,,,,,,,,,,,,
image_615.jpg,a photo of a cat and a bird,,,,,,,,,,,,,
image_6150.png,"a photo of a computer with text that reads, ` ' this bit doesn '",,,,,,,,,,,,,
image_6151.jpg,a photo of a person sitting at a desk,,,,,,,,,,,,,
image_6152.jpg,a photo of a group of people in suits and ties,,,,,,,,,,,,,
image_6153.jpg,a photo of a man in a blue shirt with the words love is in the air,,,,,,,,,,,,,
image_6154.jpg,a photo of a man in a red shirt,,,,,,,,,,,,,
image_6155.jpg,a photo of a man in a green shirt sitting at a desk,,,,,,,,,,,,,
image_6156.png,"a photo of a man in a superman t - shirt with the capt that reads, ' we ' re",,,,,,,,,,,,,
image_6157.png,a photo of the beatles ' s faces and their names,,,,,,,,,,,,,
image_6158.jpg,a photo of two people in a living room,,,,,,,,,,,,,
image_6159.png,a photo of a woman in a white tank top,,,,,,,,,,,,,
image_616.jpg,a photo of a cat that is sitting on the floor,,,,,,,,,,,,,
image_6160.jpg,a photo of two white cats with their mouths open,,,,,,,,,,,,,
image_6161.jpg,a photo of a kitten sitting on a table,,,,,,,,,,,,,
image_6162.jpg,a photo of a cat sitting on the floor,,,,,,,,,,,,,
image_6163.jpg,a photo of a dog laying on a bed,,,,,,,,,,,,,
image_6164.jpg,a photo of two cats laying on top of a bed,,,,,,,,,,,,,
image_6165.jpg,a photo of a cat looking up at the camera,,,,,,,,,,,,,
image_6166.jpg,a photo of a cat saying everything is going according to plan,,,,,,,,,,,,,
image_6167.jpg,a photo of two cats jumping in front of a mirror,,,,,,,,,,,,,
image_6168.jpg,a photo of a cat that is laying down,,,,,,,,,,,,,
image_6169.jpg,a photo of two cats that are looking at each other cat,,,,,,,,,,,,,
image_617.jpg,a photo of a cat with its eyes closed,,,,,,,,,,,,,
image_6170.png,a photo of a cat with the capt that reads cat mes in 20,,,,,,,,,,,,,
image_6171.jpg,a photo of a cat playing with a toy,,,,,,,,,,,,,
image_6172.jpg,a photo of a black cat wearing a tie,,,,,,,,,,,,,
image_6173.jpg,a photo of a cat sitting on a rock next to a whale,,,,,,,,,,,,,
image_6174.jpg,a photo of a cat sleeping on the floor,,,,,,,,,,,,,
image_6175.jpg,a photo of a cat sticking its tongue out,,,,,,,,,,,,,
image_6176.jpg,a photo of a cat sitting on a couch,,,,,,,,,,,,,
image_6177.jpg,a photo of two dogs playing with each other dogs,,,,,,,,,,,,,
image_6178.jpg,a photo of a cat looking up at the camera,,,,,,,,,,,,,
image_6179.jpg,a photo of a cat wearing a pizza hat,,,,,,,,,,,,,
image_618.jpg,a photo of a cat sitting on a post,,,,,,,,,,,,,
image_6180.jpg,a photo of a cat under a blanket,,,,,,,,,,,,,
image_6181.jpg,a photo of a cat hanging on a door,,,,,,,,,,,,,
image_6182.jpg,a photo of a cat that is looking at the camera,,,,,,,,,,,,,
image_6183.jpg,a photo of a white bird with its hands up,,,,,,,,,,,,,
image_6184.jpg,a photo of a white cat with blue eyes,,,,,,,,,,,,,
image_6185.jpg,a photo of a man talking on a phone,,,,,,,,,,,,,
image_6186.jpg,a photo of a man and woman in a kitchen,,,,,,,,,,,,,
image_6187.jpg,a photo of a woman and a man in a room,,,,,,,,,,,,,
image_6188.jpg,a photo of a man and woman sitting on a couch,,,,,,,,,,,,,
image_6189.jpg,"a photo of a man in a suit and tie, with the capt that reads ` what ' s my name? '",,,,,,,,,,,,,
image_619.jpg,a photo of a cat sitting on a bed,,,,,,,,,,,,,
image_6190.jpg,a photo of an image of a man in the middle - earth,,,,,,,,,,,,,
image_6191.png,a photo of a quote on a purple background,,,,,,,,,,,,,
image_6192.jpg,a photo of a man wearing a cowboy hat,,,,,,,,,,,,,
image_6193.jpg,a photo of a man with a knife in his hand,,,,,,,,,,,,,
image_6194.jpg,a photo of a man with long hair and beards,,,,,,,,,,,,,
image_6195.png,a photo of a man in a blue shirt smoking a cigarette,,,,,,,,,,,,,
image_6196.jpg,a photo of a man in a black shirt with the words chuck norris one built a printer,,,,,,,,,,,,,
image_6197.jpg,a photo of a man wearing a cowboy hat,,,,,,,,,,,,,
image_6198.png,a photo of a man talking on a cell,,,,,,,,,,,,,
image_6199.jpg,"a photo of a man in a military uniform with the capt that reads chuck norris 20 years, death just",,,,,,,,,,,,,
image_62.jpg,a photo of a man in armor holding a glove,,,,,,,,,,,,,
image_620.png,a photo of two cats that are looking at each other cat,,,,,,,,,,,,,
image_6200.jpg,a photo of a man talking on the phone,,,,,,,,,,,,,
image_6201.jpg,a photo of a man in a military uniform,,,,,,,,,,,,,
image_6202.jpg,a photo of a man with a beard and a star wars character,,,,,,,,,,,,,
image_6203.jpg,a photo of a man with legos on his face,,,,,,,,,,,,,
image_6204.jpg,a photo of a man in military uniform,,,,,,,,,,,,,
image_6205.png,a photo of a man holding guns in front of an american flag,,,,,,,,,,,,,
image_6206.jpg,"a photo of two people standing in front of a red curtain with text that reads, when you ' re",,,,,,,,,,,,,
image_6207.jpg,a photo of two people sitting on a couch,,,,,,,,,,,,,
image_6208.jpg,a photo of two people standing next to each other people,,,,,,,,,,,,,
image_6209.jpg,a photo of a young boy in a yellow shirt,,,,,,,,,,,,,
image_621.jpg,a photo of a cat sitting on a couch,,,,,,,,,,,,,
image_6210.png,a photo of a woman with a gun in her hand,,,,,,,,,,,,,
image_6211.jpeg,a photo of person with text that reads it ' s so hillary right now you can hear me,,,,,,,,,,,,,
image_6212.jpg,a photo of a man in a white shirt and black hat singing into a microphone,,,,,,,,,,,,,
image_6213.jpeg,a photo of a man eating a sandwich,,,,,,,,,,,,,
image_6214.jpg,a photo of a woman singing into a microphone,,,,,,,,,,,,,
image_6215.jpg,a photo of the country music logo on a black background,,,,,,,,,,,,,
image_6216.jpg,"a photo of the simpsons simpson with text that reads, look large i ' m from the back country",,,,,,,,,,,,,
image_6217.jpg,a photo of a woman with long blonde hair,,,,,,,,,,,,,
image_6218.jpg,a photo of a man wearing a cowboy hat and holding a drink,,,,,,,,,,,,,
image_6219.jpg,a photo of a man in a blue shirt,,,,,,,,,,,,,
image_622.jpg,a photo of a kitten sitting on a bed,,,,,,,,,,,,,
image_6220.jpg,a photo of a man playing a guitar,,,,,,,,,,,,,
image_6221.jpg,a photo of a painting with the names of different countries,,,,,,,,,,,,,
image_6222.jpg,"a photo of a clown with the capt that reads, ` there ' s country music down here '",,,,,,,,,,,,,
image_6223.jpg,a photo of a man wearing a cowboy hat,,,,,,,,,,,,,
image_6224.jpg,a photo of a bird with a fish in it ' s mouth,,,,,,,,,,,,,
image_6225.jpeg,a photo of a dead deadpool on a car,,,,,,,,,,,,,
image_6226.jpeg,a photo of the characters in deadpool movies,,,,,,,,,,,,,
image_6227.jpg,"a photo of spider and spider - man with the capt that reads, ' the first time i met spider",,,,,,,,,,,,,
image_6228.jpg,a photo of two women dressed as superheros,,,,,,,,,,,,,
image_6229.jpg,"a photo of deadpools with the capt that reads, if was mort",,,,,,,,,,,,,
image_623.jpg,a photo of a cat in a plastic bag,,,,,,,,,,,,,
image_6230.png,a photo of deadpool with the capt,,,,,,,,,,,,,
image_6231.jpg,"a photo of deadpool with the capt that reads, when you look up and see above you and realize",,,,,,,,,,,,,
image_6232.jpg,a photo of deadpool with the capt,,,,,,,,,,,,,
image_6233.jpg,a photo of a dead deadpool with the capt that reads hey guys look i ' m captain america,,,,,,,,,,,,,
image_6234.jpg,a photo of the avengers movie characters with their names,,,,,,,,,,,,,
image_6235.jpg,"a photo of two dead deadpools with the capt that reads, when you quit out someone",,,,,,,,,,,,,
image_6236.jpg,a photo of a man in sunglasses and a white shirt on a boat with the capt that says you wanna,,,,,,,,,,,,,
image_6237.jpg,a photo of a man in a suit sitting on a couch,,,,,,,,,,,,,
image_6238.png,a photo of a man in a suit holding a glass,,,,,,,,,,,,,
image_6239.png,a photo of a man in a cowboy hat and scarf,,,,,,,,,,,,,
image_624.jpg,a photo of a cat sitting on a couch,,,,,,,,,,,,,
image_6240.jpg,a photo of a man in a suit holding a wine glass,,,,,,,,,,,,,
image_6241.png,a photo of a dog laying on a blanket,,,,,,,,,,,,,
image_6242.jpg,a photo of a young boy with the capt that says make the front page,,,,,,,,,,,,,
image_6243.jpg,a photo of a man in a suit holding an award,,,,,,,,,,,,,
image_6244.jpg,a photo of a man with a goat on his shoulder,,,,,,,,,,,,,
image_6245.png,a photo of a man in a white shirt and tie,,,,,,,,,,,,,
image_6246.png,a photo of two men looking at the camera,,,,,,,,,,,,,
image_6247.png,a photo of a man in a suit and tie,,,,,,,,,,,,,
image_6248.jpg,a photo of an older woman in a green shirt,,,,,,,,,,,,,
image_6249.png,"a photo of leonardo, the best actor in hollywood history",,,,,,,,,,,,,
image_625.jpg,a photo of a black and white cat laying on a bed,,,,,,,,,,,,,
image_6250.jpg,"a photo of leonardo, who is wearing a tuxed suit",,,,,,,,,,,,,
image_6251.jpg,a photo of a man in a suit and tie,,,,,,,,,,,,,
image_6252.png,a photo of a man sitting at a desk with a green screen,,,,,,,,,,,,,
image_6253.png,a photo of a soccer player laying on the ground,,,,,,,,,,,,,
image_6254.png,a photo of a man leaning on a wall with the words ' every next level your life will be different,,,,,,,,,,,,,
image_6255.png,a photo of a man with a beard,,,,,,,,,,,,,
image_6256.jpg,a photo of two men looking at each other people,,,,,,,,,,,,,
image_6257.jpg,a photo of a man and woman looking at each other people,,,,,,,,,,,,,
image_6258.png,a photo of a man and woman on twitter,,,,,,,,,,,,,
image_6259.png,a photo of a man in a black t - shirt,,,,,,,,,,,,,
image_626.jpg,a photo of a cat that is looking at the camera,,,,,,,,,,,,,
image_6260.jpg,a photo of two people walking down the street,,,,,,,,,,,,,
image_6261.png,a photo of a bride and groom in the water,,,,,,,,,,,,,
image_6262.jpg,a photo of a baby wearing a bear hat,,,,,,,,,,,,,
image_6263.jpg,a photo of a baby with a glass of beer,,,,,,,,,,,,,
image_6264.jpg,a photo of a baby sitting in a high chair,,,,,,,,,,,,,
image_6265.jpg,"a photo of a baby crying with the capt that reads, they said i think you have had enough",,,,,,,,,,,,,
image_6266.png,a photo of a man sitting in a chair,,,,,,,,,,,,,
image_6267.jpg,a photo of a man sitting in a chair with the words mst ' s,,,,,,,,,,,,,
image_6268.jpg,a photo of a young boy with glasses on,,,,,,,,,,,,,
image_6269.jpg,a photo of a man with his hands in the air,,,,,,,,,,,,,
image_627.jpg,a photo of two cats sitting on top of a cat bed,,,,,,,,,,,,,
image_6270.png,a photo of a man with a ring on his finger,,,,,,,,,,,,,
image_6271.png,"a photo of a man in a suit sitting at a table with the capt that reads, i ' m",,,,,,,,,,,,,
image_6272.jpg,a photo of a man in a suit sitting at a desk with the words one hundred million dollars,,,,,,,,,,,,,
image_6273.jpg,a photo of a bald man in a suit and tie,,,,,,,,,,,,,
image_6274.jpg,"a photo of a woman in a red shirt with the capt that says, i ' m ' s not",,,,,,,,,,,,,
image_6275.jpg,a photo of two men in military uniforms walking down a hallway,,,,,,,,,,,,,
image_6276.jpg,a photo of a man in a suit sitting at a table,,,,,,,,,,,,,
image_6277.jpg,a photo of the nike logo on a black background,,,,,,,,,,,,,
image_6278.jpg,a photo of a man with glasses and text that reads post - feminist mes all day because women are,,,,,,,,,,,,,
image_6279.jpg,a photo of a man in a purple suit and top hat,,,,,,,,,,,,,
image_628.png,a photo of a cat sitting on a table,,,,,,,,,,,,,
image_6280.jpg,"a photo of a man in a white t - shirt with the capt that reads, when you ' re",,,,,,,,,,,,,
image_6281.jpg,a photo of a man and woman on a road,,,,,,,,,,,,,
image_6282.png,"a photo of two women with pink hair, one wearing a white t - shirt and the other wearing red",,,,,,,,,,,,,
image_6283.jpg,a photo of a woman wearing glasses and a red dress,,,,,,,,,,,,,
image_6284.jpg,a photo of a person jumping over a cliff,,,,,,,,,,,,,
image_6285.jpg,a photo of a man holding a coffee cup,,,,,,,,,,,,,
image_6286.jpg,a photo of someone ' s hand holding a bottle of pills,,,,,,,,,,,,,
image_6287.jpg,a photo of a woman with long blonde hair,,,,,,,,,,,,,
image_6288.jpg,a photo of a woman with long blonde hair,,,,,,,,,,,,,
image_6289.jpg,a photo of a man in a suit with the capt that reads what if??,,,,,,,,,,,,,
image_629.jpg,a photo of an egg on top of a bed,,,,,,,,,,,,,
image_6290.jpg,a photo of a woman in a white tank top,,,,,,,,,,,,,
image_6291.jpg,a photo of a man sitting at a table talking on his phone,,,,,,,,,,,,,
image_6292.jpg,a photo of a man in a suit and tie,,,,,,,,,,,,,
image_6293.jpg,a photo of a man with an angry expression on his face,,,,,,,,,,,,,
image_6294.jpeg,a photo of some of the characters in the movie,,,,,,,,,,,,,
image_6295.jpg,a photo of a woman with blonde hair and orange lipstick,,,,,,,,,,,,,
image_6296.png,a photo of a man in a business suit pointing at the camera,,,,,,,,,,,,,
image_6297.jpg,"a photo of a man sitting at a desk with the capt that reads, you don ' t want looking",,,,,,,,,,,,,
image_6298.png,"a photo of a robot with the capt that reads, when you ' ret your dog it walks away",,,,,,,,,,,,,
image_6299.png,a photo of a woman speaking into a microphone,,,,,,,,,,,,,
image_63.png,a photo of a man with glasses on his face,,,,,,,,,,,,,
image_630.jpg,a photo of a dog and cat on a bed,,,,,,,,,,,,,
image_6300.jpeg,"a photo of three men in black shirts with the capt that says, ` ` '",,,,,,,,,,,,,
image_6301.png,a photo of a woman with long hair,,,,,,,,,,,,,
image_6302.jpg,a photo of a girl in a school uniform,,,,,,,,,,,,,
image_6303.jpg,a photo of a cartoon character holding a flower,,,,,,,,,,,,,
image_6304.jpg,"a photo of a woman ' s face with the words, ' my mother says way to his heart through",,,,,,,,,,,,,
image_6305.jpeg,a photo of a man walking down the street,,,,,,,,,,,,,
image_6306.jpeg,"a photo of an email with the text, ' what are you always?? '",,,,,,,,,,,,,
image_6307.jpg,a photo of minions from the minions movie,,,,,,,,,,,,,
image_6308.jpg,a photo of two men fighting in a living room,,,,,,,,,,,,,
image_6309.jpg,a photo of two small mushrooms and a mushroom on top of a wooden table,,,,,,,,,,,,,
image_631.jpg,a photo of a cat looking at the camera,,,,,,,,,,,,,
image_6310.jpg,a photo of two children playing with each other children,,,,,,,,,,,,,
image_6311.png,a photo of a group of people dancing,,,,,,,,,,,,,
image_6312.jpg,a photo of a man in a suit pointing at something,,,,,,,,,,,,,
image_6313.jpg,a photo of a woman with long hair and sunglasses,,,,,,,,,,,,,
image_6314.jpg,a photo of a man with a cigarette in his mouth,,,,,,,,,,,,,
image_6315.png,a photo of a woman and a man in a kitchen,,,,,,,,,,,,,
image_6316.png,"a photo of two people sitting on a couch with the capt that reads, i ' d ' ver",,,,,,,,,,,,,
image_6317.jpg,a photo of a young boy with a smile on his face,,,,,,,,,,,,,
image_6318.jpg,a photo of a car in the desert,,,,,,,,,,,,,
image_6319.png,a photo of a hand holding a remote control,,,,,,,,,,,,,
image_632.jpg,a photo of a cat eating a slice of pizza,,,,,,,,,,,,,
image_6320.png,a photo of a man in a red shirt talking to someone,,,,,,,,,,,,,
image_6321.jpg,a photo of a man in a suit and tie,,,,,,,,,,,,,
image_6322.jpg,a photo of a man with spiked hair,,,,,,,,,,,,,
image_6323.jpg,a photo of a green bird on a white background,,,,,,,,,,,,,
image_6324.png,"a photo of a tweet with the capt that reads, ' i have information that will not be",,,,,,,,,,,,,
image_6325.jpeg,a photo of a man in a suit sitting on a chair,,,,,,,,,,,,,
image_6326.jpg,a photo of a man talking on the phone,,,,,,,,,,,,,
image_6327.jpg,a photo of a woman standing behind a door,,,,,,,,,,,,,
image_6328.jpg,a photo of a man in a purple suit sitting on a couch,,,,,,,,,,,,,
image_6329.jpg,a photo of a small dog that is looking at the camera,,,,,,,,,,,,,
image_633.jpg,a photo of a cat with the capt that says they need to go,,,,,,,,,,,,,
image_6330.jpg,a photo of a man with a fire in his hand,,,,,,,,,,,,,
image_6331.jpg,a photo of a woman sitting on a couch,,,,,,,,,,,,,
image_6332.png,a photo of a man singing into a microphone and holding a guitar,,,,,,,,,,,,,
image_6333.png,a photo of jesus talking to a woman in a field,,,,,,,,,,,,,
image_6334.jpg,a photo of a poster with the words ' get things to your girlfriend ',,,,,,,,,,,,,
image_6335.jpg,a photo of a young boy sitting at a desk with the words fucking love my girlfriend,,,,,,,,,,,,,
image_6336.jpg,a photo of a man in a leather jacket smoking a cigarette,,,,,,,,,,,,,
image_6337.jpeg,a photo of a man in a suit and tie,,,,,,,,,,,,,
image_6338.jpg,a photo of a woman sitting at a table with her hand on her chin,,,,,,,,,,,,,
image_6339.jpg,a photo of a woman looking at her reflection in the mirror,,,,,,,,,,,,,
image_634.jpg,a photo of two cats playing with each other cats,,,,,,,,,,,,,
image_6340.jpg,"a photo of a girl and a boy with text that says, ask to send me i think we need",,,,,,,,,,,,,
image_6341.jpg,a photo of a woman with long hair and a black shirt,,,,,,,,,,,,,
image_6342.jpg,a photo of a man driving in a car,,,,,,,,,,,,,
image_6343.jpg,a photo of a man kissing a woman on the bed,,,,,,,,,,,,,
image_6344.jpg,a photo of a little girl with her mouth open,,,,,,,,,,,,,
image_6345.jpg,a photo of an astronaut in the sky,,,,,,,,,,,,,
image_6346.jpg,a photo of a man with his head in his hands,,,,,,,,,,,,,
image_6347.jpg,a photo of two people kissing in front of a crowd,,,,,,,,,,,,,
image_6348.jpg,a photo of a young boy holding a plant,,,,,,,,,,,,,
image_6349.jpg,a photo of a girl with her hair in a bun,,,,,,,,,,,,,
image_635.jpg,a photo of a baby laying on a couch next to a dog,,,,,,,,,,,,,
image_6350.jpg,"a photo of two men sitting at a table with text that reads, ` when you ask about day and",,,,,,,,,,,,,
image_6351.png,a photo of two hands holding a remote control,,,,,,,,,,,,,
image_6352.png,"a photo of a boy and girl with the capt that says, get married to every",,,,,,,,,,,,,
image_6353.jpg,a photo of a girl in a blue shirt,,,,,,,,,,,,,
image_6354.jpg,a photo of a woman with blood all over her face,,,,,,,,,,,,,
image_6355.png,a photo of two men talking to each other man,,,,,,,,,,,,,
image_6356.png,a photo of a man holding a cat,,,,,,,,,,,,,
image_6357.jpg,a photo of a man in a suit and tie,,,,,,,,,,,,,
image_6358.jpg,a photo of a man in a suit and tie,,,,,,,,,,,,,
image_6359.png,"a photo of a soccer player with the capt that reads, how do you want to play?",,,,,,,,,,,,,
image_636.jpg,a photo of a cat playing with a mouse,,,,,,,,,,,,,
image_6360.jpg,a photo of a man kissing a woman,,,,,,,,,,,,,
image_6361.png,a photo of the many faces of a man in a suit,,,,,,,,,,,,,
image_6362.jpg,"a photo of a man in a suit and tie with the capt that reads, what ' s this about",,,,,,,,,,,,,
image_6363.jpg,a photo of a man in a suit smoking a cigarette,,,,,,,,,,,,,
image_6364.jpeg,a photo of a man in a suit and tie,,,,,,,,,,,,,
image_6365.jpg,a photo of a baby in a tuxed suit,,,,,,,,,,,,,
image_6366.jpg,a photo of a baby sitting on the ground,,,,,,,,,,,,,
image_6367.jpg,a photo of a man in a black shirt with a quote on it,,,,,,,,,,,,,
image_6368.png,a photo of two men with a quote on them,,,,,,,,,,,,,
image_6369.png,a photo of a man in a tuxed suit and bow tie,,,,,,,,,,,,,
image_637.png,a photo of a cat laying on the floor,,,,,,,,,,,,,
image_6370.png,a photo of a man with a sign in front of him,,,,,,,,,,,,,
image_6371.png,a photo of a man in armor with the words iron and iron,,,,,,,,,,,,,
image_6372.jpg,a photo of a man in a fur coat holding a microphone,,,,,,,,,,,,,
image_6373.png,a photo of a man in a suit and white shirt,,,,,,,,,,,,,
image_6374.jpg,a photo of a woman holding a bird in her arms,,,,,,,,,,,,,
image_6375.jpg,"a photo of two people standing in front of a building with the capt that reads, ` one and half",,,,,,,,,,,,,
image_6376.png,a photo of a man with long hair and beards,,,,,,,,,,,,,
image_6377.jpg,a photo of a man with a beard laying in bed,,,,,,,,,,,,,
image_6378.jpg,a photo of a man with a hat on,,,,,,,,,,,,,
image_6379.jpg,a photo of a man in a suit and tie,,,,,,,,,,,,,
image_638.jpg,a photo of three dogs sitting on a couch,,,,,,,,,,,,,
image_6380.jpeg,a photo of a man holding a piece of paper,,,,,,,,,,,,,
image_6381.png,"a photo of the game of thrones, with a red circle in the middle",,,,,,,,,,,,,
image_6382.jpg,"a photo of game of thrones with the capt that reads, ` ` ' it ' s a tre",,,,,,,,,,,,,
image_6383.jpg,"a photo of game of thrones with the capt that reads, ` ` my dad is my uncle '",,,,,,,,,,,,,
image_6384.jpg,"a photo of a person with blue eyes and a quote that reads, there are types of people in this",,,,,,,,,,,,,
image_6385.jpg,a photo of a woman with the words got me?,,,,,,,,,,,,,
image_6386.png,a photo of game of thrones with the capt that reads how i feel to be,,,,,,,,,,,,,
image_6387.png,"a photo of a man in armor, with the capt that reads i heard the party debate let",,,,,,,,,,,,,
image_6388.png,a photo of a tank in the dirt,,,,,,,,,,,,,
image_6389.jpg,a photo of a man and woman sitting at a table,,,,,,,,,,,,,
image_639.jpg,a photo of two cats wearing party hats,,,,,,,,,,,,,
image_6390.jpg,a photo of a woman riding a horse,,,,,,,,,,,,,
image_6391.jpg,a photo of a woman sticking her tongue out,,,,,,,,,,,,,
image_6392.jpeg,"a photo of a man with long hair and beards, with the capt that reads, the broken hearts",,,,,,,,,,,,,
image_6393.png,a photo of pope and a picture of the pope,,,,,,,,,,,,,
image_6394.jpg,a photo of a man wearing a hat,,,,,,,,,,,,,
image_6395.png,a photo of a person sitting on a swing,,,,,,,,,,,,,
image_6396.png,a photo of a man with a beard that says the day to start your new job,,,,,,,,,,,,,
image_6397.png,a photo of the characters in game of thrones,,,,,,,,,,,,,
image_6398.jpg,a photo of a woman standing at a table with candles,,,,,,,,,,,,,
image_6399.jpg,a photo of a man wearing a red hat,,,,,,,,,,,,,
image_64.jpg,a photo of a man with headphones on,,,,,,,,,,,,,
image_640.jpg,a photo of a cat wearing a birthday hat,,,,,,,,,,,,,
image_6400.jpg,a photo of a man in a fur coat with the capt that says i live itch,,,,,,,,,,,,,
image_6401.jpg,a photo of a little girl with a pink bow on her head,,,,,,,,,,,,,
image_6402.jpg,a photo of a young boy with glasses and a harry hat,,,,,,,,,,,,,
image_6403.jpg,a photo of harry and hermi,,,,,,,,,,,,,
image_6404.jpg,a photo of a child holding a gun,,,,,,,,,,,,,
image_6405.jpg,a photo of a young girl with her hands up,,,,,,,,,,,,,
image_6406.png,a photo of a man with long hair and a beard,,,,,,,,,,,,,
image_6407.jpg,a photo of two boys sitting at a table,,,,,,,,,,,,,
image_6408.jpg,a photo of president trump and a picture of a man in a suit,,,,,,,,,,,,,
image_6409.jpg,a photo of two people standing in front of a building,,,,,,,,,,,,,
image_641.jpg,a photo of a cat that is sitting on the ground,,,,,,,,,,,,,
image_6410.png,a photo of harry and hermik in harry ' s house,,,,,,,,,,,,,
image_6411.jpg,"a photo of a man with glasses and a text that reads, when you ' reting",,,,,,,,,,,,,
image_6412.png,a photo of two young boys with a guitar,,,,,,,,,,,,,
image_6413.jpg,"a photo of harry and hermik in the classroom with text that reads, ` person ' s death",,,,,,,,,,,,,
image_6414.jpg,a photo of a cartoon character with a capt that reads so i just have to die,,,,,,,,,,,,,
image_6415.jpg,a photo of a man with glasses and a hat,,,,,,,,,,,,,
image_6416.jpg,"a photo of a cartoon character with the capt that says, ` ` you ' reting harry '",,,,,,,,,,,,,
image_6417.jpg,a photo of two people laying down on the grass with text that says no one back don to the twilight,,,,,,,,,,,,,
image_6418.jpg,a photo of a man on stage with his hands up,,,,,,,,,,,,,
image_6419.jpeg,a photo of some people sitting at a table,,,,,,,,,,,,,
image_642.jpg,a photo of a black and white cat,,,,,,,,,,,,,
image_6420.jpg,a photo of a man with long hair and a capt that says i accept that was my mistake please don,,,,,,,,,,,,,
image_6421.jpg,a photo of a man in a suit and tie,,,,,,,,,,,,,
image_6422.jpeg,"a photo of a person with glasses and a capt that reads, ' are you reading harry? '",,,,,,,,,,,,,
image_6423.jpeg,a photo of a group of people in suits and ties,,,,,,,,,,,,,
image_6424.jpg,"a photo of two men in suits and ties, one is smiling and the other is laughing",,,,,,,,,,,,,
image_6425.jpg,a photo of an old man with long hair and beards,,,,,,,,,,,,,
image_6426.png,a photo of a man in a suit and tie standing on a stage with the words 10 family feud answers,,,,,,,,,,,,,
image_6427.jpg,a photo of an old man sitting in a chair,,,,,,,,,,,,,
image_6428.png,a photo of two men talking to each other man,,,,,,,,,,,,,
image_6429.jpg,a photo of an old man with a smile on his face,,,,,,,,,,,,,
image_643.jpg,a photo of a dog and cat in the grass,,,,,,,,,,,,,
image_6430.jpg,a photo of a man with a mustache on his face,,,,,,,,,,,,,
image_6431.png,a photo of a man in a suit giving a speech,,,,,,,,,,,,,
image_6432.jpg,a photo of a man in a white suit holding a microphone with a group of people behind him,,,,,,,,,,,,,
image_6433.jpg,a photo of two men laughing at each other man ' s face,,,,,,,,,,,,,
image_6434.jpg,a photo of a man in a suit sitting at a desk,,,,,,,,,,,,,
image_6435.jpg,a photo of a man holding a baby in his arms,,,,,,,,,,,,,
image_6436.png,"a photo of an older man and woman, with the capt that reads, have i ' m ' t",,,,,,,,,,,,,
image_6437.jpg,a photo of a man in the middle of the earth,,,,,,,,,,,,,
image_6438.jpg,a photo of a coffee mug with the words happy friday it ' s monday,,,,,,,,,,,,,
image_6439.png,a photo of a man in a suit and tie,,,,,,,,,,,,,
image_644.png,a photo of a cat with a fire in the background,,,,,,,,,,,,,
image_6440.jpg,a photo of jesus handing a bowl to a man in a crowd,,,,,,,,,,,,,
image_6441.jpg,a photo of a man with a green mask on his face,,,,,,,,,,,,,
image_6442.png,a photo of a man holding up a check,,,,,,,,,,,,,
image_6443.jpg,a photo of a man with a mustache on his face,,,,,,,,,,,,,
image_6444.jpg,a photo of a man in a suit and tie,,,,,,,,,,,,,
image_6445.jpg,a photo of a man in a suit and bow tie pointing at the camera,,,,,,,,,,,,,
image_6446.jpg,a photo of a girl and a cat,,,,,,,,,,,,,
image_6447.jpg,a photo of two people dressed as jokers,,,,,,,,,,,,,
image_6448.jpg,a photo of an older man in a suit and tie laughing,,,,,,,,,,,,,
image_6449.jpg,a photo of hillary and the capt that says it ' s not legal,,,,,,,,,,,,,
image_645.jpg,a photo of a kitten looking at the camera,,,,,,,,,,,,,
image_6450.jpeg,"a photo of hillary sanders with the words, she ' s dirty but idiots and people will vote for",,,,,,,,,,,,,
image_6451.jpg,a photo of a woman wearing a red hat and glasses,,,,,,,,,,,,,
image_6452.jpg,a photo of a mexican man in a sombre hat,,,,,,,,,,,,,
image_6453.jpg,a photo of the president laughing and talking,,,,,,,,,,,,,
image_6454.jpg,a photo of a woman with blonde hair and blue eyes,,,,,,,,,,,,,
image_6455.jpg,a photo of the president and his wife with balloons,,,,,,,,,,,,,
image_6456.jpg,a photo of donald and hillary on the same picture,,,,,,,,,,,,,
image_6457.png,a photo of hillary in the white house,,,,,,,,,,,,,
image_6458.jpg,a photo of a woman in a suit pointing at the camera,,,,,,,,,,,,,
image_6459.jpg,a photo of a woman laying in a hospital bed,,,,,,,,,,,,,
image_646.jpg,a photo of a cat laying on the floor,,,,,,,,,,,,,
image_6460.png,"a photo of president donald, with the capt that reads if had a brick for every hillary told",,,,,,,,,,,,,
image_6461.jpg,a photo of president trump pointing at the camera,,,,,,,,,,,,,
image_6462.jpg,a photo of donald and hillary on the side of a door,,,,,,,,,,,,,
image_6463.png,"a photo of a young boy smiling with the capt that reads, us finally gets a female presidential nominee it",,,,,,,,,,,,,
image_6464.png,a photo of hillary clinton with a quote on it,,,,,,,,,,,,,
image_6465.jpg,a photo of an older man pointing at the camera,,,,,,,,,,,,,
image_6466.jpg,a photo of a man in a suit and tie,,,,,,,,,,,,,
image_6467.jpg,a photo of a man in uniform sitting at a desk,,,,,,,,,,,,,
image_6468.jpg,a photo of a man with a gun in his hand,,,,,,,,,,,,,
image_6469.jpeg,a photo of a man in uniform pointing at a crowd,,,,,,,,,,,,,
image_647.png,a photo of a cat playing with a fish,,,,,,,,,,,,,
image_6470.jpeg,a photo of an old man with the words life is like begun some times you have to march,,,,,,,,,,,,,
image_6471.jpg,a photo of a man in a military uniform,,,,,,,,,,,,,
image_6472.JPG,a photo of a man in a suit holding up a card,,,,,,,,,,,,,
image_6473.jpg,a photo of a group of men with mustaches and mousts,,,,,,,,,,,,,
image_6474.jpg,a photo of a man with a crowd behind him,,,,,,,,,,,,,
image_6475.jpg,a photo of a man in a suit holding a cell,,,,,,,,,,,,,
image_6476.jpg,a photo of a man in a suit and tie,,,,,,,,,,,,,
image_6477.jpg,a photo of a man in a silver jacket,,,,,,,,,,,,,
image_6478.jpg,a photo of a group of men in military uniforms,,,,,,,,,,,,,
image_6479.jpg,a photo of a man in a military uniform,,,,,,,,,,,,,
image_648.jpg,a photo of a cat laying on a couch,,,,,,,,,,,,,
image_6480.jpg,a photo of a group of people in an old car,,,,,,,,,,,,,
image_6481.jpg,a photo of two people standing next to each other people,,,,,,,,,,,,,
image_6482.jpg,a photo of a group of men in uniform,,,,,,,,,,,,,
image_6483.png,a photo of a man with headphones smoking a cigarette,,,,,,,,,,,,,
image_6484.jpg,a photo of a man in a suit and tie,,,,,,,,,,,,,
image_6485.jpg,a photo of a man in uniform pointing at something,,,,,,,,,,,,,
image_6486.png,a photo of a cartoon character holding a hamburger in his hand,,,,,,,,,,,,,
image_6487.png,"a photo of a man in a suit sitting on a chair with the capt that reads, ' the model",,,,,,,,,,,,,
image_6488.png,a photo of two men in suits and bow ties,,,,,,,,,,,,,
image_6489.png,"a photo of a person with the capt that says, when you ' reated because it was funny",,,,,,,,,,,,,
image_649.png,a photo of a person jumping in the air,,,,,,,,,,,,,
image_6490.png,a photo of a man in a suit and tie,,,,,,,,,,,,,
image_6491.jpg,a photo of a man with sunglasses on,,,,,,,,,,,,,
image_6492.jpg,a photo of a man with his mouth open,,,,,,,,,,,,,
image_6493.jpg,a photo of a man with a smile on his face,,,,,,,,,,,,,
image_6494.png,a photo of a man with a quote on his face,,,,,,,,,,,,,
image_6495.jpg,a photo of a man and woman smiling for the camera,,,,,,,,,,,,,
image_6496.jpg,a photo of a man with a knife in his mouth,,,,,,,,,,,,,
image_6497.png,a photo of a man in a suit and tie,,,,,,,,,,,,,
image_6498.png,a photo of a man with a green mask on his face,,,,,,,,,,,,,
image_6499.png,a photo of a man with different facial expressions,,,,,,,,,,,,,
image_65.jpg,a photo of captain america and the avengers,,,,,,,,,,,,,
image_650.jpg,a photo of a dog and a cat on a couch,,,,,,,,,,,,,
image_6500.jpeg,a photo of the joker and his joker costume,,,,,,,,,,,,,
image_6501.jpg,a photo of two jokers with the capt that says are you serious??,,,,,,,,,,,,,
image_6502.jpg,a photo of a person dressed as the joker,,,,,,,,,,,,,
image_6503.jpeg,a photo of the joker with text saying it ' s not fun anymore where are real candidates?,,,,,,,,,,,,,
image_6504.jpg,a photo of the joker sitting in a chair,,,,,,,,,,,,,
image_6505.jpeg,a photo of the joker and his clown,,,,,,,,,,,,,
image_6506.jpg,a photo of the joker from batman,,,,,,,,,,,,,
image_6507.jpg,a photo of a group of people dressed as superheros,,,,,,,,,,,,,
image_6508.jpg,a photo of a woman in a room with a microphone and a picture of the joker,,,,,,,,,,,,,
image_6509.png,"a photo of a storm trooper with text that reads, ' the joker always knows how to make people smile",,,,,,,,,,,,,
image_651.jpg,a photo of a black and white cat,,,,,,,,,,,,,
image_6510.jpg,a photo of the joker in a purple suit and hat,,,,,,,,,,,,,
image_6511.png,a photo of two people sitting at a table with food in front of them,,,,,,,,,,,,,
image_6512.jpg,a photo of the joker from batman,,,,,,,,,,,,,
image_6513.png,a photo of loki and loki in the avengers universe,,,,,,,,,,,,,
image_6514.png,"a photo of the joker with text that reads, you wake up as joker what ' s the first thing",,,,,,,,,,,,,
image_6515.jpg,a photo of a man with a hat on his head,,,,,,,,,,,,,
image_6516.jpg,a photo of a man with spiked hair,,,,,,,,,,,,,
image_6517.jpg,a photo of a group of men standing around a bed,,,,,,,,,,,,,
image_6518.jpeg,"a photo of two men sitting at a table, one is talking to the other man",,,,,,,,,,,,,
image_6519.jpg,a photo of two men sitting at a table,,,,,,,,,,,,,
image_652.jpg,a photo of two kittens standing next to each other cats,,,,,,,,,,,,,
image_6520.png,a photo of kim jong in front of a group of soldiers,,,,,,,,,,,,,
image_6521.png,a photo of a man in a red shirt and blue cap,,,,,,,,,,,,,
image_6522.jpg,a photo of a man in military uniform looking at a computer,,,,,,,,,,,,,
image_6523.png,a photo of a woman in uniform talking to a police officer,,,,,,,,,,,,,
image_6524.png,a photo of a man in a crowd with his hands up,,,,,,,,,,,,,
image_6525.png,a photo of two young men on a football field,,,,,,,,,,,,,
image_6526.jpg,a photo of a man in a suit and tie,,,,,,,,,,,,,
image_6527.png,a photo of a man with long hair wearing a leather jacket,,,,,,,,,,,,,
image_6528.png,a photo of a man in a suit and tie,,,,,,,,,,,,,
image_6529.jpg,a photo of a man talking on the phone,,,,,,,,,,,,,
image_653.jpg,a photo of a cat sitting on a chair,,,,,,,,,,,,,
image_6530.jpg,a photo of a man sitting at a table with his hand on his face,,,,,,,,,,,,,
image_6531.jpg,a photo of a baby sitting on the beach,,,,,,,,,,,,,
image_6532.jpg,a photo of a man sitting at a table with a beer bottle,,,,,,,,,,,,,
image_6533.png,"a photo of a woman with her hand on her face and the capt reads, all i want is what",,,,,,,,,,,,,
image_6534.jpg,a photo of a man with a gun in his hand,,,,,,,,,,,,,
image_6535.jpg,a photo of a man talking on the phone,,,,,,,,,,,,,
image_6536.png,"a photo of two men, one is smiling and the other is wearing a tie",,,,,,,,,,,,,
image_6537.jpg,a photo of a man in a red and white striped shirt,,,,,,,,,,,,,
image_6538.png,a photo of two people talking to each other person,,,,,,,,,,,,,
image_6539.jpeg,a photo of a woman singing into a microphone,,,,,,,,,,,,,
image_654.jpg,a photo of a cat sniffing a vase of flowers,,,,,,,,,,,,,
image_6540.png,"a photo of a quote that reads, ' i ' m ' on my friends list",,,,,,,,,,,,,
image_6541.png,a photo of two men walking in front of a car,,,,,,,,,,,,,
image_6542.jpg,a photo of a young man sitting at a table,,,,,,,,,,,,,
image_6543.png,a photo of a man and a woman on a cell,,,,,,,,,,,,,
image_6544.jpg,a photo of a man in a suit and tie,,,,,,,,,,,,,
image_6545.png,a photo of a man talking on the phone,,,,,,,,,,,,,
image_6546.png,a photo of a woman talking to a man on the set,,,,,,,,,,,,,
image_6547.png,"a photo of a man ' s face with the capt that reads, when someone says i ' m o",,,,,,,,,,,,,
image_6548.jpg,"a photo of a man in a suit and tie with text that reads, i was asked to my favorite",,,,,,,,,,,,,
image_6549.jpg,a photo of two men standing next to each other man,,,,,,,,,,,,,
image_655.jpg,a photo of a cat that is looking at the camera,,,,,,,,,,,,,
image_6550.jpg,a photo of a man standing next to a tree,,,,,,,,,,,,,
image_6551.jpg,a photo of a woman with a chicken on her plate,,,,,,,,,,,,,
image_6552.png,a photo of a girl looking at a man in a suit and tie,,,,,,,,,,,,,
image_6553.jpg,"a photo of a man in a room with text that reads, ` ' me first class drinking game take",,,,,,,,,,,,,
image_6554.jpg,a photo of a cartoon character lying on the ground,,,,,,,,,,,,,
image_6555.jpg,a photo of an older man sitting in front of a camera,,,,,,,,,,,,,
image_6556.jpg,a photo of a man walking next to a lizard,,,,,,,,,,,,,
image_6557.jpg,"a photo of mark zuberg, who is delivering his trombone to the crowd",,,,,,,,,,,,,
image_6558.jpg,a photo of two men in hard hats talking to each other men,,,,,,,,,,,,,
image_6559.png,a photo of a man with a smile on his face,,,,,,,,,,,,,
image_656.jpg,a photo of a kitten that is looking at the camera,,,,,,,,,,,,,
image_6560.png,a photo of a man working on a laptop,,,,,,,,,,,,,
image_6561.jpg,a photo of three men in suits and ties with the capt that says it ' s fish school,,,,,,,,,,,,,
image_6562.png,"a photo of mark zuberg, the founder of facebook",,,,,,,,,,,,,
image_6563.jpg,a photo of a man in a suit and tie sitting at a desk,,,,,,,,,,,,,
image_6564.png,a photo of two women with the capt that says no markberg we won to the back of the facebook,,,,,,,,,,,,,
image_6565.png,a photo of a guy with a tongue sticking his tongue,,,,,,,,,,,,,
image_6566.png,a photo of a man in a suit and tie sitting at a table with people behind him,,,,,,,,,,,,,
image_6567.jpg,a photo of the title for you ' re time pick,,,,,,,,,,,,,
image_6568.jpg,a photo of a man in a suit and tie,,,,,,,,,,,,,
image_6569.jpg,a photo of a man talking on the phone,,,,,,,,,,,,,
image_657.jpg,a photo of an older man holding a cat,,,,,,,,,,,,,
image_6570.jpg,a photo of a man in a suit and tie,,,,,,,,,,,,,
image_6571.jpg,a photo of an old man with long hair and beards,,,,,,,,,,,,,
image_6572.png,a photo of two men wearing glasses and capes,,,,,,,,,,,,,
image_6573.jpg,a photo of a man with long hair and a woman with blue eyes,,,,,,,,,,,,,
image_6574.jpg,a photo of a man with long hair holding a bow,,,,,,,,,,,,,
image_6575.jpg,a photo of a man in a space suit,,,,,,,,,,,,,
image_6576.jpg,a photo of a person wearing a red jacket,,,,,,,,,,,,,
image_6577.jpg,a photo of a man in a fur coat holding a sword,,,,,,,,,,,,,
image_6578.jpg,a photo of some people with different facial expressions,,,,,,,,,,,,,
image_6579.jpg,a photo of a person on a television,,,,,,,,,,,,,
image_658.jpg,a photo of a cat with a rainbow in the background,,,,,,,,,,,,,
image_6580.jpg,a photo of a cat reading a newspaper,,,,,,,,,,,,,
image_6581.jpg,a photo of an image of the lord in harry ' s house,,,,,,,,,,,,,
image_6582.jpg,a photo of an old man with long white hair and glasses holding a wand,,,,,,,,,,,,,
image_6583.jpg,a photo of a sign that says i wouldn for you,,,,,,,,,,,,,
image_6584.jpg,a photo of a gorilla with the capt that says it ' s not an animal,,,,,,,,,,,,,
image_6585.jpg,a photo of an old man with long white hair and beards,,,,,,,,,,,,,
image_6586.jpg,"a photo of person and the lord from lord of the rings with text that reads, ` you ' re",,,,,,,,,,,,,
image_6587.jpg,a photo of lord of the wings,,,,,,,,,,,,,
image_6588.jpg,a photo of a group of people standing around a table,,,,,,,,,,,,,
image_6589.jpg,"a photo of a minion with the capt that says, i don ' t",,,,,,,,,,,,,
image_659.jpg,a photo of a cat with the words no,,,,,,,,,,,,,
image_6590.jpg,a photo of a minion with headphones on,,,,,,,,,,,,,
image_6591.jpg,a photo of a minion holding a piece of paper,,,,,,,,,,,,,
image_6592.jpg,a photo of a minion with a quote on it,,,,,,,,,,,,,
image_6593.png,a photo of a minion sitting on the ground,,,,,,,,,,,,,
image_6594.jpg,a photo of a minion holding a banana,,,,,,,,,,,,,
image_6595.jpg,a photo of a minion with a quote on it,,,,,,,,,,,,,
image_6596.jpg,"a photo of a minion with text that reads, ` i ' m ' llh when the ke",,,,,,,,,,,,,
image_6597.jpg,a photo of a minion with a quote on it,,,,,,,,,,,,,
image_6598.jpeg,a photo of a minion with a quote on it,,,,,,,,,,,,,
image_6599.jpg,a photo of a minion with a quote on it,,,,,,,,,,,,,
image_66.jpg,a photo of a man in a captain costume,,,,,,,,,,,,,
image_660.jpg,a photo of a cat sitting in the grass,,,,,,,,,,,,,
image_6600.jpg,a photo of two minions from the minions movie,,,,,,,,,,,,,
image_6601.jpg,a photo of a minion with a quote on it,,,,,,,,,,,,,
image_6602.jpg,a photo of a minion with a quote on it,,,,,,,,,,,,,
image_6603.png,a photo of two minion minions with the nazi flag in the background,,,,,,,,,,,,,
image_6604.jpg,a photo of a minion with a quote on it,,,,,,,,,,,,,
image_6605.jpg,"a photo of three minionss with the capt that says, what ' s your name?",,,,,,,,,,,,,
image_6606.jpg,a photo of a minion and a teddy bear,,,,,,,,,,,,,
image_6607.jpg,a photo of a minion holding a glass of beer,,,,,,,,,,,,,
image_6608.jpg,a photo of a purple minion with the words behind it,,,,,,,,,,,,,
image_6609.jpg,a photo of a minion with a quote on it,,,,,,,,,,,,,
image_661.jpg,a photo of a cat that is sitting on a chair,,,,,,,,,,,,,
image_6610.jpg,a photo of a minion with the words i have to my mind,,,,,,,,,,,,,
image_6611.jpg,a photo of a minion with the words come baby blow up,,,,,,,,,,,,,
image_6612.jpg,"a photo of a minion with the words you don ' t like me, i ' m ' n",,,,,,,,,,,,,
image_6613.jpg,"a photo of a minion with the words work, real again, did ' t do that yesterday?",,,,,,,,,,,,,
image_6614.jpg,a photo of a minion holding an umbrella,,,,,,,,,,,,,
image_6615.jpg,a photo of a minion with a quote on it,,,,,,,,,,,,,
image_6616.jpg,a photo of a minion with a quote on it,,,,,,,,,,,,,
image_6617.jpg,a photo of a minion with a quote that says it was a bird i know who i would sit,,,,,,,,,,,,,
image_6618.jpg,a photo of a minion with a quote on it,,,,,,,,,,,,,
image_6619.jpg,"a photo of a minion with the capt that says, ` ` ' '",,,,,,,,,,,,,
image_662.jpg,a photo of a person holding a cat,,,,,,,,,,,,,
image_6620.jpg,a photo of a minion with the words ' i tried to normal worst minutes of life ',,,,,,,,,,,,,
image_6621.jpg,a photo of a minion with a quote on it,,,,,,,,,,,,,
image_6622.jpg,a photo of a minion holding a sign,,,,,,,,,,,,,
image_6623.png,a photo of a man wearing a cowboy hat,,,,,,,,,,,,,
image_6624.jpg,a photo of a man in a suit sitting at a desk,,,,,,,,,,,,,
image_6625.jpg,a photo of a woman working out in the gym,,,,,,,,,,,,,
image_6626.jpg,a photo of a woman speaking in the house of representatives,,,,,,,,,,,,,
image_6627.jpg,a photo of a little girl in a car seat,,,,,,,,,,,,,
image_6628.jpeg,a photo of a girl with glasses on her face,,,,,,,,,,,,,
image_6629.jpg,a photo of a man in a black shirt and sunglasses,,,,,,,,,,,,,
image_663.jpg,a photo of a kitten with the capt ` ` hands up if you love fridays ',,,,,,,,,,,,,
image_6630.jpg,a photo of a woman sitting on a couch,,,,,,,,,,,,,
image_6631.jpg,"a photo of an old man sitting in a chair with the capt that reads, when you are feminist and",,,,,,,,,,,,,
image_6632.jpg,a photo of a man in a suit and tie,,,,,,,,,,,,,
image_6633.png,"a photo of a man in ski gear with the capt that says, ` you ' re from america or",,,,,,,,,,,,,
image_6634.jpg,a photo of a woman with short hair,,,,,,,,,,,,,
image_6635.png,"a photo of a man in a red shirt, with the capt that reads, ' not dead '",,,,,,,,,,,,,
image_6636.jpg,a photo of a woman doing yoga with the words you ' re that extra push,,,,,,,,,,,,,
image_6637.jpg,a photo of a man and woman in a kitchen,,,,,,,,,,,,,
image_6638.png,a photo of a woman with her hands on her face,,,,,,,,,,,,,
image_6639.png,"a photo of a black and white poster with the words, i am not religion",,,,,,,,,,,,,
image_664.jpg,a photo of a cat wearing a sweater,,,,,,,,,,,,,
image_6640.jpg,a photo of a kid with a capt that says i don ' t,,,,,,,,,,,,,
image_6641.jpg,a photo of a man in a suit sitting on a chair,,,,,,,,,,,,,
image_6642.jpg,a photo of a girl with a rainbow in the background,,,,,,,,,,,,,
image_6643.jpg,a photo of a dog that is looking at the camera,,,,,,,,,,,,,
image_6644.jpg,a photo of a man with a mustache and glasses,,,,,,,,,,,,,
image_6645.jpg,a photo of two men sitting next to each other people,,,,,,,,,,,,,
image_6646.png,a photo of an old man wearing sunglasses and smoking a cigarette,,,,,,,,,,,,,
image_6647.jpg,a photo of a cartoon character with the words happy valentine day,,,,,,,,,,,,,
image_6648.png,a photo of two men sitting at a table with the capt in front of them,,,,,,,,,,,,,
image_6649.jpg,a photo of a man and woman talking to each other people,,,,,,,,,,,,,
image_665.jpg,a photo of a cat sleeping on the ground,,,,,,,,,,,,,
image_6650.jpg,a photo of a man speaking into a microphone,,,,,,,,,,,,,
image_6651.png,"a photo of the prime of india, pm naji",,,,,,,,,,,,,
image_6652.jpg,a photo of a man with glasses and the words what i told you,,,,,,,,,,,,,
image_6653.jpg,a photo of a man with glasses on his face,,,,,,,,,,,,,
image_6654.jpg,a photo of a man sitting in a red chair,,,,,,,,,,,,,
image_6655.png,a photo of a young boy with lightning in the background,,,,,,,,,,,,,
image_6656.jpg,a photo of a young boy with a smile on his face,,,,,,,,,,,,,
image_6657.png,"a photo of a young boy smiling with the capt that says, looking at a kid is that you?",,,,,,,,,,,,,
image_6658.png,a photo of a man pointing his finger at the camera,,,,,,,,,,,,,
image_6659.png,a photo of an older man sitting at a table with a beer bottle,,,,,,,,,,,,,
image_666.jpg,a photo of a cat playing with a toy,,,,,,,,,,,,,
image_6660.jpg,a photo of a man wearing a hat and jacket,,,,,,,,,,,,,
image_6661.jpg,a photo of a young boy with a laptop,,,,,,,,,,,,,
image_6662.png,a photo of two people in roman costumes,,,,,,,,,,,,,
image_6663.jpg,a photo of a man sitting on a couch with a laptop,,,,,,,,,,,,,
image_6664.jpg,a photo of a pie pie with the words how people are bad,,,,,,,,,,,,,
image_6665.png,a photo of a minion holding a cup of coffee,,,,,,,,,,,,,
image_6666.jpg,a photo of a man with a long beard,,,,,,,,,,,,,
image_6667.jpeg,"a photo of a kid with the capt that says, i ' lly finds luck in the dictionary",,,,,,,,,,,,,
image_6668.jpg,a photo of a girl with long hair and a smile on her face,,,,,,,,,,,,,
image_6669.jpg,a photo of a bunch of birds on a rope,,,,,,,,,,,,,
image_667.jpg,a photo of a cat with its tongue out,,,,,,,,,,,,,
image_6670.jpg,a photo of a fish in the ocean,,,,,,,,,,,,,
image_6671.jpeg,a photo of an animal swimming in the ocean,,,,,,,,,,,,,
image_6672.jpg,a photo of a turtle swimming in the ocean,,,,,,,,,,,,,
image_6673.jpg,a photo of a large fish with its mouth open,,,,,,,,,,,,,
image_6674.jpg,a photo of a blue and yellow fish,,,,,,,,,,,,,
image_6675.jpg,a photo of a black and white clown fish,,,,,,,,,,,,,
image_6676.png,a photo of president obama talking on the phone,,,,,,,,,,,,,
image_6677.png,a photo of a man in a suit and tie,,,,,,,,,,,,,
image_6678.jpg,a photo of a man in a military uniform,,,,,,,,,,,,,
image_6679.jpg,a photo of the president laughing and smiling,,,,,,,,,,,,,
image_668.jpg,a photo of two cats playing with each other cats,,,,,,,,,,,,,
image_6680.png,a photo of president obama and vice joe bid,,,,,,,,,,,,,
image_6681.jpg,a photo of a man smiling and wearing a suit,,,,,,,,,,,,,
image_6682.jpg,a photo of president obama looking out the window at his baby,,,,,,,,,,,,,
image_6683.jpg,a photo of president obama and a little girl,,,,,,,,,,,,,
image_6684.jpg,a photo of a woman talking on the phone,,,,,,,,,,,,,
image_6685.jpg,a photo of president obama standing in front of an american flag,,,,,,,,,,,,,
image_6686.jpg,a photo of a man in a suit and tie,,,,,,,,,,,,,
image_6687.png,a photo of a man in front of an open refrigerator,,,,,,,,,,,,,
image_6688.jpg,a photo of the president standing in front of an american flag,,,,,,,,,,,,,
image_6689.jpg,a photo of two men in suits talking,,,,,,,,,,,,,
image_669.jpg,a photo of two dogs and a cat,,,,,,,,,,,,,
image_6690.png,a photo of president obama giving a speech,,,,,,,,,,,,,
image_6691.png,a photo of michelle obama with the capt,,,,,,,,,,,,,
image_6692.jpg,a photo of a man and woman sitting in an office,,,,,,,,,,,,,
image_6693.jpg,a photo of a man wearing a hat and smoking a cigarette,,,,,,,,,,,,,
image_6694.jpg,"a photo of president obama and the capt that reads, ' saw with a hand on fox news obama wants",,,,,,,,,,,,,
image_6695.jpg,a photo of a polar bear in the snow,,,,,,,,,,,,,
image_6696.jpg,a photo of a penguin in the snow,,,,,,,,,,,,,
image_6697.jpg,a photo of a penguin on a red and blue background,,,,,,,,,,,,,
image_6698.png,"a photo of a cartoon character with the capt that reads, ' climate change could be as fast as it",,,,,,,,,,,,,
image_6699.jpg,a photo of the simpsons is shown in this cartoon,,,,,,,,,,,,,
image_67.jpg,a photo of person and iron man from the avengers movie,,,,,,,,,,,,,
image_670.jpg,a photo of a cat with the capt that says i will dominate the world after my nap,,,,,,,,,,,,,
image_6700.png,"a photo of a penguin with the capt that reads, ` when you don ' twee you have to",,,,,,,,,,,,,
image_6701.jpg,a photo of a penguin on a blue background,,,,,,,,,,,,,
image_6702.jpg,a photo of a penguin with the capt that says it ' s okay,,,,,,,,,,,,,
image_6703.png,a photo of two people who are talking to each other people,,,,,,,,,,,,,
image_6704.png,a photo of a bear with the capt that reads thinking about the end of the universe,,,,,,,,,,,,,
image_6705.png,a photo of a group of penguins on the beach,,,,,,,,,,,,,
image_6706.jpg,a photo of an animated video game,,,,,,,,,,,,,
image_6707.jpg,a photo of a penguin swimming in the water,,,,,,,,,,,,,
image_6708.png,a photo of a penguin on a red and blue background,,,,,,,,,,,,,
image_6709.png,"a photo of a cartoon character with the capt that says, ' when you see madagascar, you ' re",,,,,,,,,,,,,
image_671.png,a photo of a cat laying on a couch,,,,,,,,,,,,,
image_6710.jpeg,a photo of a frog sleeping in bed,,,,,,,,,,,,,
image_6711.jpeg,a photo of a sesame character in the middle of the street,,,,,,,,,,,,,
image_6712.jpg,a photo of a frog holding a cd,,,,,,,,,,,,,
image_6713.jpg,"a photo of a cartoon frog with the capt that reads, they always say weird but they are okay",,,,,,,,,,,,,
image_6714.png,"a photo of a cartoon frog with the capt that says, pep was able an anti - tropter",,,,,,,,,,,,,
image_6715.png,a photo of a frog in a blue shirt and red shoes,,,,,,,,,,,,,
image_6716.png,"a photo of an angry frog with the capt that says, i ' m",,,,,,,,,,,,,
image_6717.jpg,a photo of a frog with the words pep the frog,,,,,,,,,,,,,
image_6718.png,"a photo of a cartoon character with the capt that reads me, don ' tk making person of inner",,,,,,,,,,,,,
image_6719.png,a photo of an image of a cartoon character,,,,,,,,,,,,,
image_672.jpg,a photo of two cats sitting on the floor,,,,,,,,,,,,,
image_6720.png,a photo of a frog reading a book,,,,,,,,,,,,,
image_6721.jpg,"a photo of a cartoon frog with the capt that says, ' when you go to high school, you",,,,,,,,,,,,,
image_6722.jpg,a photo of a man sitting in a chair with his hands on his face,,,,,,,,,,,,,
image_6723.jpg,a photo of an older man sitting in a chair with his hands on his face,,,,,,,,,,,,,
image_6724.jpg,a photo of a man in a red shirt pointing at the camera,,,,,,,,,,,,,
image_6725.jpg,a photo of a young boy holding a gun,,,,,,,,,,,,,
image_6726.jpg,a photo of a man in a red shirt pointing his finger at the camera,,,,,,,,,,,,,
image_6727.jpg,a photo of a man in a red shirt sitting on a chair,,,,,,,,,,,,,
image_6728.jpg,a photo of a woman and a man pointing at each other people,,,,,,,,,,,,,
image_6729.png,a photo of a man picking apples in an orchard,,,,,,,,,,,,,
image_673.png,a photo of a kitten that is looking at the camera,,,,,,,,,,,,,
image_6730.jpg,a photo of a man in a red suit sitting on a chair,,,,,,,,,,,,,
image_6731.jpg,a photo of a man in a red shirt pointing at the camera,,,,,,,,,,,,,
image_6732.jpg,a photo of a man wearing a graduation cap and gown,,,,,,,,,,,,,
image_6733.jpg,a photo of a man in a red shirt pointing his finger at the camera,,,,,,,,,,,,,
image_6734.jpg,a photo of a man in a red uniform,,,,,,,,,,,,,
image_6735.png,a photo of a man wearing a santa hat,,,,,,,,,,,,,
image_6736.jpg,a photo of a man in a red shirt pointing his finger at the camera,,,,,,,,,,,,,
image_6737.jpeg,a photo of obama and other presidents,,,,,,,,,,,,,
image_6738.jpg,a photo of a man with a gun in the grass,,,,,,,,,,,,,
image_6739.jpeg,a photo of a man in a bowl of chocolate,,,,,,,,,,,,,
image_674.jpg,a photo of a black cat sitting on a bed,,,,,,,,,,,,,
image_6740.jpg,a photo of a man in a suit and sunglasses,,,,,,,,,,,,,
image_6741.jpg,a photo of a man in a suit and tie,,,,,,,,,,,,,
image_6742.jpg,a photo of a man in a suit and tie sitting at a table,,,,,,,,,,,,,
image_6743.png,a photo of a man in a suit pointing his finger at the camera,,,,,,,,,,,,,
image_6744.png,a photo of a man in the woods with a bear,,,,,,,,,,,,,
image_6745.jpg,a photo of a group of men in blue robes,,,,,,,,,,,,,
image_6746.jpg,a photo of a man in a suit and tie,,,,,,,,,,,,,
image_6747.png,"a photo of a woman in a red dress with a gun and the capt that reads, when you '",,,,,,,,,,,,,
image_6748.png,a photo of a man in a boat,,,,,,,,,,,,,
image_6749.png,a photo of a man in a suit sitting at a desk,,,,,,,,,,,,,
image_675.jpg,a photo of a cat that is looking at the camera,,,,,,,,,,,,,
image_6750.jpg,"a photo of a man in a suit and tie, with the capt that reads, ' look at the",,,,,,,,,,,,,
image_6751.jpg,a photo of a man in a suit and sunglasses,,,,,,,,,,,,,
image_6752.jpg,a photo of the president and first lady shaking hands,,,,,,,,,,,,,
image_6753.png,"a photo of a man in a suit and tie, with the capt that reads russia wants to be a",,,,,,,,,,,,,
image_6754.jpg,a photo of a man riding a horse,,,,,,,,,,,,,
image_6755.jpg,a photo of a cat wearing a suit and tie,,,,,,,,,,,,,
image_6756.jpg,a photo of a man in a military uniform,,,,,,,,,,,,,
image_6757.png,a photo of a soldier with a gun in his hand,,,,,,,,,,,,,
image_6758.png,a photo of an old woman with glasses on,,,,,,,,,,,,,
image_6759.jpg,a photo of an old man with the capt that says damn is the day,,,,,,,,,,,,,
image_676.jpg,a photo of a cat on a dock,,,,,,,,,,,,,
image_6760.jpg,a photo of some kids playing in the dirt,,,,,,,,,,,,,
image_6761.jpg,a photo of a woman holding a sign,,,,,,,,,,,,,
image_6762.jpg,a photo of three people standing in front of a white background with the words ' there limits ',,,,,,,,,,,,,
image_6763.jpeg,a photo of a woman holding a football ball,,,,,,,,,,,,,
image_6764.jpg,a photo of an old woman sitting in a chair,,,,,,,,,,,,,
image_6765.jpg,a photo of a man sitting in a train,,,,,,,,,,,,,
image_6766.png,a photo of a man in a suit and tie,,,,,,,,,,,,,
image_6767.png,a photo of two women standing in front of a crowd with the capt that says trump is racist,,,,,,,,,,,,,
image_6768.jpg,a photo of a man wearing a straw hat,,,,,,,,,,,,,
image_6769.png,"a photo of a woman wearing glasses with the capt that reads, memes don",,,,,,,,,,,,,
image_677.jpg,a photo of a cat and a box of mcdonalds,,,,,,,,,,,,,
image_6770.jpg,a photo of a man sitting at a table with a microphone,,,,,,,,,,,,,
image_6771.jpg,a photo of a man in a suit and tie,,,,,,,,,,,,,
image_6772.jpg,a photo of a man sitting at a table with a microphone in front of him,,,,,,,,,,,,,
image_6773.jpg,a photo of two men with one pointing at the camera,,,,,,,,,,,,,
image_6774.jpg,a photo of a man speaking into a microphone with the capt that reads happy birthday person,,,,,,,,,,,,,
image_6775.png,a photo of two men sitting next to each other man,,,,,,,,,,,,,
image_6776.jpg,a photo of a man wearing glasses and smiling,,,,,,,,,,,,,
image_6777.png,a photo of a person sitting at a desk,,,,,,,,,,,,,
image_6778.jpg,a photo of two people sitting in chairs on a stage,,,,,,,,,,,,,
image_6779.png,a photo of a man in a suit and tie,,,,,,,,,,,,,
image_678.jpg,a photo of a cat sitting on the floor,,,,,,,,,,,,,
image_6780.jpg,a photo of the faces of president donald,,,,,,,,,,,,,
image_6781.jpg,a photo of a stuffed animal sitting on a couch,,,,,,,,,,,,,
image_6782.jpg,a photo of president donald and hillary,,,,,,,,,,,,,
image_6783.jpg,a photo of a woman in a red dress and a man in black suit,,,,,,,,,,,,,
image_6784.jpg,a photo of a man in a suit and tie pointing at the camera,,,,,,,,,,,,,
image_6785.jpg,a photo of the face of president person and a bowl of cream,,,,,,,,,,,,,
image_6786.jpg,a photo of a man in a suit and tie with the words orange is the new black,,,,,,,,,,,,,
image_6787.jpg,a photo of donald and hillary on the debate,,,,,,,,,,,,,
image_6788.jpg,a photo of a man in a suit sitting on a chair,,,,,,,,,,,,,
image_6789.jpg,a photo of president trump making a funny face,,,,,,,,,,,,,
image_679.jpg,a photo of a cat sleeping on a tread,,,,,,,,,,,,,
image_6790.jpg,"a photo of president donald, with the capt that says happy birthday so happy to be loving",,,,,,,,,,,,,
image_6791.jpg,a photo of a man talking on the phone,,,,,,,,,,,,,
image_6792.jpg,a photo of the president and his wife walking in the rain,,,,,,,,,,,,,
image_6793.jpg,a photo of a person wearing a suit and tie,,,,,,,,,,,,,
image_6794.jpg,a photo of president donald on the debate,,,,,,,,,,,,,
image_6795.jpg,a photo of president trump on a tv screen,,,,,,,,,,,,,
image_6796.jpg,a photo of president person giving a speech to the crowd,,,,,,,,,,,,,
image_6797.jpg,a photo of donald and hillary on the same,,,,,,,,,,,,,
image_6798.jpg,a photo of a man in a suit sitting at a desk,,,,,,,,,,,,,
image_6799.jpg,"a photo of a baby in a green shirt and white shirt, with the capt that says i ' m",,,,,,,,,,,,,
image_68.jpg,a photo of two people sitting around a table,,,,,,,,,,,,,
image_680.jpg,a photo of a cat sitting in front of an explosion,,,,,,,,,,,,,
image_6800.png,"a photo of a quote that says, the child from the success is money",,,,,,,,,,,,,
image_6801.jpg,a photo of an old man in a red shirt pointing at the camera,,,,,,,,,,,,,
image_6802.jpg,a photo of a wolf with its mouth open,,,,,,,,,,,,,
image_6803.png,a photo of a man and a baby,,,,,,,,,,,,,
image_6804.jpg,a photo of a man in a suit and tie,,,,,,,,,,,,,
image_6805.jpg,"a photo of a rada with the capt that says, you don ' t watch the video",,,,,,,,,,,,,
image_6806.jpg,"a photo of a man in a suit and tie with the words, ' tumi - tist host",,,,,,,,,,,,,
image_6807.jpg,a photo of a man in military gear,,,,,,,,,,,,,
image_6808.jpg,a photo of an older woman sitting in a chair drinking tea,,,,,,,,,,,,,
image_6809.jpg,a photo of a man sitting in a chair with his hands on his face,,,,,,,,,,,,,
image_681.jpg,a photo of two kittens sitting on a bed,,,,,,,,,,,,,
image_6810.jpeg,a photo of a man sitting at a desk with a computer,,,,,,,,,,,,,
image_6811.jpg,a photo of a man holding two guns,,,,,,,,,,,,,
image_6812.jpg,a photo of a woman smoking a cigarette in an office,,,,,,,,,,,,,
image_6813.jpg,a photo of a man with a beard sitting on a bench,,,,,,,,,,,,,
image_6814.jpg,a photo of a cat that is laying on a laptop,,,,,,,,,,,,,
image_6815.jpg,a photo of people standing in front of a car,,,,,,,,,,,,,
image_6816.png,a photo of a person holding an apple card,,,,,,,,,,,,,
image_6817.jpg,a photo of a cat with its mouth open,,,,,,,,,,,,,
image_6818.jpg,a photo of an older man with a beer bottle,,,,,,,,,,,,,
image_6819.jpg,a photo of a man with dread dread hair smiling,,,,,,,,,,,,,
image_682.jpeg,a photo of a black cat with its tongue out,,,,,,,,,,,,,
image_6820.jpg,a photo of a man with glasses and a quote on it,,,,,,,,,,,,,
image_6821.jpg,"a photo of a man sitting on a bench with the capt that reads, ` ' daddy was the future",,,,,,,,,,,,,
image_6822.png,a photo of an old man holding a can of beer,,,,,,,,,,,,,
image_6823.jpg,a photo of a man sitting at a desk,,,,,,,,,,,,,
image_6824.jpeg,"a photo of a man in a red shirt and glasses, with the capt that reads, not sure critical",,,,,,,,,,,,,
image_6825.jpg,a photo of a bear sitting on a log,,,,,,,,,,,,,
image_6826.png,"a photo of an old man in a suit and tie with the capt that says, ` ' the number",,,,,,,,,,,,,
image_6827.jpg,a photo of a man in a red shirt talking to another man,,,,,,,,,,,,,
image_6828.jpg,a photo of a woman in a red dress with her arms outstretched,,,,,,,,,,,,,
image_6829.jpg,a photo of a baby drinking beer from a glass,,,,,,,,,,,,,
image_683.jpeg,a photo of a cat looking up at the camera,,,,,,,,,,,,,
image_6830.png,a photo of an old lady sitting in a classroom,,,,,,,,,,,,,
image_6831.jpeg,a photo of kim yong holding up a card,,,,,,,,,,,,,
image_6832.png,a photo of a woman talking to a child,,,,,,,,,,,,,
image_6833.jpg,"a photo of a child with the capt that says, come back to america with you?",,,,,,,,,,,,,
image_6834.jpg,a photo of a group of gorillas in the wild,,,,,,,,,,,,,
image_6835.jpg,a photo of a woman and a child,,,,,,,,,,,,,
image_6836.png,a photo of a young boy holding a gun,,,,,,,,,,,,,
image_6837.jpg,a photo of a group of children playing soccer,,,,,,,,,,,,,
image_6838.jpg,"a photo of a movie scene with the capt that reads, ' started from the bottom now we ' re",,,,,,,,,,,,,
image_6839.png,a photo of a woman ' s heart is deep ocean secrets,,,,,,,,,,,,,
image_684.jpg,a photo of a cat with glowing eyes,,,,,,,,,,,,,
image_6840.png,a photo of an iceberg and a picture of a man,,,,,,,,,,,,,
image_6841.png,"a photo of a man in a blue shirt and tie with the capt that says, i want to watch",,,,,,,,,,,,,
image_6842.png,a photo of a person sitting in a chair,,,,,,,,,,,,,
image_6843.jpg,a photo of a couple kissing in the snow,,,,,,,,,,,,,
image_6844.jpg,a photo of a storm trooper in a room,,,,,,,,,,,,,
image_6845.jpg,a photo of person holding up an iphone,,,,,,,,,,,,,
image_6846.jpg,a photo of a man with his hand on his face,,,,,,,,,,,,,
image_6847.png,a photo of a person running on the beach with a quote,,,,,,,,,,,,,
image_6848.jpg,a photo of a man in a suit and tie,,,,,,,,,,,,,
image_6849.jpg,a photo of a man in a suit and tie,,,,,,,,,,,,,
image_685.jpg,a photo of a cat looking up at the camera,,,,,,,,,,,,,
image_6850.jpg,a photo of two men standing next to each other people,,,,,,,,,,,,,
image_6851.jpg,a photo of a man with glasses on his face,,,,,,,,,,,,,
image_6852.jpg,a photo of a shark laying on the ground,,,,,,,,,,,,,
image_6853.jpeg,"a photo of two seals on a rock with the capt that reads, ` when i ' m ' and",,,,,,,,,,,,,
image_6854.jpg,a photo of a small brown animal sitting on the ground,,,,,,,,,,,,,
image_6855.jpg,a photo of a seal with the capt on it ' s face,,,,,,,,,,,,,
image_6856.jpeg,a photo of a group of people in a boat,,,,,,,,,,,,,
image_6857.jpg,a photo of a young boy with the capt that says wants to call someone,,,,,,,,,,,,,
image_6858.jpg,a photo of a man in a suit and tie,,,,,,,,,,,,,
image_6859.png,a photo of a seal with its eyes closed,,,,,,,,,,,,,
image_686.jpg,a photo of a cat sleeping on the floor,,,,,,,,,,,,,
image_6860.jpg,a photo of a seal in the water with its mouth open,,,,,,,,,,,,,
image_6861.jpg,a photo of two soldiers on a boat,,,,,,,,,,,,,
image_6862.jpg,a photo of two seals in the water,,,,,,,,,,,,,
image_6863.jpg,a photo of two seals in the water,,,,,,,,,,,,,
image_6864.jpg,a photo of a seal on a rock in the water,,,,,,,,,,,,,
image_6865.png,a photo of a seal with its mouth open,,,,,,,,,,,,,
image_6866.jpg,a photo of a man holding a toy in his hand,,,,,,,,,,,,,
image_6867.png,a photo of a seal with its mouth open,,,,,,,,,,,,,
image_6868.png,a photo of a seal with its mouth open,,,,,,,,,,,,,
image_6869.jpg,a photo of a man and woman dancing together,,,,,,,,,,,,,
image_687.jpg,a photo of a cat with its mouth open,,,,,,,,,,,,,
image_6870.jpg,a photo of two people with their hands over their eyes,,,,,,,,,,,,,
image_6871.jpg,a photo of person in a suit and tie,,,,,,,,,,,,,
image_6872.png,a photo of a painting of two naked men,,,,,,,,,,,,,
image_6873.jpg,a photo of an older man in a red shirt,,,,,,,,,,,,,
image_6874.jpg,"a photo of a man and woman with the capt that reads, i took 10 minutes to get home",,,,,,,,,,,,,
image_6875.jpg,a photo of a man with long hair and a mustache,,,,,,,,,,,,,
image_6876.jpg,a photo of two people texting on their cell phones,,,,,,,,,,,,,
image_6877.jpg,a photo of two men eating food on the beach,,,,,,,,,,,,,
image_6878.jpg,a photo of a woman sitting on a bed,,,,,,,,,,,,,
image_6879.png,a photo of people standing in front of a train,,,,,,,,,,,,,
image_688.jpg,a photo of a cat that is looking at the camera,,,,,,,,,,,,,
image_6880.jpg,a photo of a person holding a large balloon,,,,,,,,,,,,,
image_6881.jpg,a photo of a baby looking at the camera,,,,,,,,,,,,,
image_6882.png,a photo of a baby with blue eyes,,,,,,,,,,,,,
image_6883.png,"a photo of a baby ' s face with the capt that reads, so you want to tell that bob",,,,,,,,,,,,,
image_6884.jpeg,a photo of a man in a suit and tie,,,,,,,,,,,,,
image_6885.jpg,a photo of a man in a suit talking to another man,,,,,,,,,,,,,
image_6886.jpg,a photo of a man in a suit holding a glass,,,,,,,,,,,,,
image_6887.jpg,a photo of a man in a suit and tie,,,,,,,,,,,,,
image_6888.jpg,a photo of a man in a suit and tie,,,,,,,,,,,,,
image_6889.jpg,a photo of a man in a suit with the words happy birthday girl,,,,,,,,,,,,,
image_689.jpg,"a photo of a man with a mustache and a capt that says, ' big boy '",,,,,,,,,,,,,
image_6890.jpg,a photo of a man in a suit and tie,,,,,,,,,,,,,
image_6891.jpg,a photo of a man in a suit sitting at a bar,,,,,,,,,,,,,
image_6892.jpeg,a photo of a spider flying over a city,,,,,,,,,,,,,
image_6893.jpg,a photo of the joker from the movie it ' s simple we kill man,,,,,,,,,,,,,
image_6894.jpg,a photo of spider - man sitting in front of the camera,,,,,,,,,,,,,
image_6895.jpeg,"a photo of a spider with the capt that reads, ' oh, why did the spider cry? '",,,,,,,,,,,,,
image_6896.png,a photo of a spider in a laboratory,,,,,,,,,,,,,
image_6897.jpg,a photo of a man in a boxing ring,,,,,,,,,,,,,
image_6898.jpg,a photo of a spider on the floor,,,,,,,,,,,,,
image_6899.jpg,"a photo of a spider and a woman in a kitchen with the capt that reads, i don ' t",,,,,,,,,,,,,
image_69.jpeg,a photo of a woman holding a cat,,,,,,,,,,,,,
image_690.jpg,a photo of a woman sitting in a chair with her hands up,,,,,,,,,,,,,
image_6900.jpg,a photo of a spider and a man in a suit,,,,,,,,,,,,,
image_6901.jpg,a photo of a woman and a man in a room,,,,,,,,,,,,,
image_6902.jpg,a photo of a spider sitting in a box,,,,,,,,,,,,,
image_6903.jpg,a photo of spider and deadpool kissing,,,,,,,,,,,,,
image_6904.jpg,a photo of a man and woman in bed,,,,,,,,,,,,,
image_6905.jpg,a photo of a spider and a man sitting at a desk,,,,,,,,,,,,,
image_6906.jpeg,"a photo of spider from the spider movie, with the capt that says it ' s the time to act",,,,,,,,,,,,,
image_6907.jpg,a photo of spider in front of a fire,,,,,,,,,,,,,
image_6908.jpg,"a photo of a spider with the capt that says, ' my favorite is off the charts '",,,,,,,,,,,,,
image_6909.png,a photo of spider and the capt that says you ' re dad,,,,,,,,,,,,,
image_691.png,"a photo of two men and a woman with the capt that reads, it wasnt we are married",,,,,,,,,,,,,
image_6910.jpg,a photo of a man sitting at a desk with the capt that says i like sports cold playing in sports,,,,,,,,,,,,,
image_6911.jpg,a photo of a man with an american flag on his head,,,,,,,,,,,,,
image_6912.jpg,a photo of two soccer players fighting for the ball,,,,,,,,,,,,,
image_6913.jpg,a photo of a basketball player with a quote on it,,,,,,,,,,,,,
image_6914.png,a photo of a man holding a baby,,,,,,,,,,,,,
image_6915.jpg,a photo of some soccer players talking to each other players,,,,,,,,,,,,,
image_6916.jpg,a photo of two men playing soccer in the snow,,,,,,,,,,,,,
image_6917.jpg,a photo of a man with a hat and bow tie,,,,,,,,,,,,,
image_6918.jpg,a photo of a baseball player holding a bat,,,,,,,,,,,,,
image_6919.jpg,a photo of michael jordan holding a basketball ball,,,,,,,,,,,,,
image_692.jpg,a photo of a man and woman in a bathtub,,,,,,,,,,,,,
image_6920.jpg,a photo of a man in a suit and tie,,,,,,,,,,,,,
image_6921.jpg,a photo of a group of people at a basketball game,,,,,,,,,,,,,
image_6922.jpg,a photo of a cat sitting on the floor,,,,,,,,,,,,,
image_6923.jpg,a photo of a cat sitting on a couch,,,,,,,,,,,,,
image_6924.jpg,a photo of a man in a suit and tie holding a microphone,,,,,,,,,,,,,
image_6925.jpg,a photo of a man in a white shirt and tie with the capt that reads fwe need to start,,,,,,,,,,,,,
image_6926.jpg,a photo of a young boy getting his hair cut,,,,,,,,,,,,,
image_6927.jpg,a photo of two men with different colored hair,,,,,,,,,,,,,
image_6928.jpg,a photo of a man with a mustache on his face,,,,,,,,,,,,,
image_6929.jpg,a photo of two men talking to each other people,,,,,,,,,,,,,
image_693.jpg,a photo of two men and a woman in a room,,,,,,,,,,,,,
image_6930.png,a photo of a young boy with his head in his hands,,,,,,,,,,,,,
image_6931.jpg,a photo of iron man from the avengers movie,,,,,,,,,,,,,
image_6932.jpg,a photo of two men in the avengers universe,,,,,,,,,,,,,
image_6933.jpg,a photo of a man in a red shirt and white pants,,,,,,,,,,,,,
image_6934.jpg,a photo of thor and loki in avengers,,,,,,,,,,,,,
image_6935.jpg,a photo of the avengers movie characters,,,,,,,,,,,,,
image_6936.png,"a photo of two men in suits, one is kissing and the other is talking",,,,,,,,,,,,,
image_6937.jpg,a photo of a man kissing a woman on the cheek,,,,,,,,,,,,,
image_6938.jpg,"a photo of captain america with the capt that says, ` ' every me already now verse i understood that",,,,,,,,,,,,,
image_6939.jpg,a photo of avengers avengers memes,,,,,,,,,,,,,
image_694.jpg,a photo of two men sitting at a table,,,,,,,,,,,,,
image_6940.png,"a photo of a man in a red jacket with the capt that reads, we are not the average movie",,,,,,,,,,,,,
image_6941.jpg,a photo of a baby sitting in a chair,,,,,,,,,,,,,
image_6942.jpg,a photo of a baby in a suit and bow tie,,,,,,,,,,,,,
image_6943.jpg,a photo of a baby in a suit and bow tie,,,,,,,,,,,,,
image_6944.jpg,a photo of a baby in a tuxed suit,,,,,,,,,,,,,
image_6945.jpg,a photo of a baby in a suit and bow tie,,,,,,,,,,,,,
image_6946.jpg,a photo of a man wearing a hat,,,,,,,,,,,,,
image_6947.jpg,a photo of a little boy talking on the phone,,,,,,,,,,,,,
image_6948.jpg,a photo of a little girl holding a flower,,,,,,,,,,,,,
image_6949.png,a photo of a person with a helmet on,,,,,,,,,,,,,
image_695.jpg,a photo of a man talking on the phone,,,,,,,,,,,,,
image_6950.jpg,a photo of a baby in a suit and hat,,,,,,,,,,,,,
image_6951.jpg,a photo of a man holding a glass of wine,,,,,,,,,,,,,
image_6952.jpeg,a photo of a man in a suit leaning against a wall,,,,,,,,,,,,,
image_6953.jpg,a photo of a man in a car giving the thumbs,,,,,,,,,,,,,
image_6954.png,a photo of a man in a suit holding a cell,,,,,,,,,,,,,
image_6955.jpg,a photo of a man in a suit sitting on a chair,,,,,,,,,,,,,
image_6956.png,"a photo of two men sitting at a table, one is kissing the other man ' s face",,,,,,,,,,,,,
image_6957.jpg,a photo of a man holding a glass of wine,,,,,,,,,,,,,
image_6958.jpg,"a photo of a woman sitting on a couch with the capt that reads, ` ` i ' d failed",,,,,,,,,,,,,
image_6959.jpg,a photo of a bunch of men in suits and ties,,,,,,,,,,,,,
image_696.jpg,a photo of two girls with their mouths open,,,,,,,,,,,,,
image_6960.jpg,a photo of a man in a suit and tie,,,,,,,,,,,,,
image_6961.jpg,a photo of a man in a suit and tie,,,,,,,,,,,,,
image_6962.jpg,a photo of a man and woman with the words nightmares,,,,,,,,,,,,,
image_6963.jpg,a photo of a man in a suit and tie,,,,,,,,,,,,,
image_6964.jpg,a photo of a man in a suit and tie,,,,,,,,,,,,,
image_6965.jpg,a photo of a man with a smile on his face,,,,,,,,,,,,,
image_6966.png,a photo of a baby with a funny face,,,,,,,,,,,,,
image_6967.jpg,a photo of a woman and a man in a car,,,,,,,,,,,,,
image_6968.png,a photo of a man in a suit standing on the beach,,,,,,,,,,,,,
image_6969.png,"a photo of kobe, the lakers basketball player who is wearing a lakers jersey",,,,,,,,,,,,,
image_697.jpg,a photo of a man with headphones reading a book,,,,,,,,,,,,,
image_6970.jpg,a photo of two men in military uniforms,,,,,,,,,,,,,
image_6971.png,a photo of a man and a woman with the words mr bean me,,,,,,,,,,,,,
image_6972.jpg,a photo of a man wearing a suit and tie,,,,,,,,,,,,,
image_6973.jpg,a photo of a man with a surprised look on his face,,,,,,,,,,,,,
image_6974.png,a photo of the faces of various people,,,,,,,,,,,,,
image_6975.png,"a photo of a man in a suit and tie, with the capt that reads mr bah me one",,,,,,,,,,,,,
image_6976.png,a photo of a man and woman with tattoos on their arms,,,,,,,,,,,,,
image_6977.png,a photo of a man with his hand in the air,,,,,,,,,,,,,
image_6978.png,a photo of a man with a surprised look on his face,,,,,,,,,,,,,
image_6979.png,a photo of a man in a suit walking down the street,,,,,,,,,,,,,
image_698.jpg,"a photo of two people sitting on a couch, one is talking to the other person",,,,,,,,,,,,,
image_6980.png,a photo of a man in a suit and tie,,,,,,,,,,,,,
image_6981.png,a photo of one does the real mr bean,,,,,,,,,,,,,
image_6982.png,a photo of the avengers movie characters,,,,,,,,,,,,,
image_6983.jpg,a photo of a person holding a piece of paper with the words i know nothing,,,,,,,,,,,,,
image_6984.jpg,"a photo of a white background with text that says, ` ` ' no time to explain grab ahh",,,,,,,,,,,,,
image_6985.jpg,a photo of a boy with a banda on his head,,,,,,,,,,,,,
image_6986.jpg,a photo of a black and white quote on a white background,,,,,,,,,,,,,
image_6987.jpg,a photo of a person with a quote on it sticker,,,,,,,,,,,,,
image_6988.jpg,"a photo of a woman with her eyes closed, text reads today is valentine ' s friday the new year",,,,,,,,,,,,,
image_6989.jpg,a photo of a man holding a woman ' s hand in front of the camera text reads must watch movies,,,,,,,,,,,,,
image_699.jpg,a photo of two men talking to each other man,,,,,,,,,,,,,
image_6990.png,a photo of a pink background with the words less more,,,,,,,,,,,,,
image_6991.jpg,a photo of a clock with a quote on it,,,,,,,,,,,,,
image_6992.jpg,a photo of a woman jumping in the air with an umbrella,,,,,,,,,,,,,
image_7.png,a photo of a woman with a fire in the background,,,,,,,,,,,,,
image_70.jpg,a photo of a group of superheros with the words who would we??,,,,,,,,,,,,,
image_700.png,a photo of a man in a bath tub,,,,,,,,,,,,,
image_701.jpg,a photo of a man in a red shirt sitting at a table,,,,,,,,,,,,,
image_702.jpg,"a photo of a cartoon character with the words going to london doing, not leaving",,,,,,,,,,,,,
image_703.jpg,"a photo of a man in a blue shirt with the capt that says, ' what do you want to",,,,,,,,,,,,,
image_704.jpg,"a photo of two men in a kitchen, one is talking to the other man",,,,,,,,,,,,,
image_705.jpg,a photo of a woman standing next to a man in a suit,,,,,,,,,,,,,
image_706.jpg,"a photo of a woman in a red dress sitting at a desk with the capt that reads, ` ' would you like to call somebody?",,,,,,,,,,,,,
image_707.png,a photo of an image of a man with a quote on it,,,,,,,,,,,,,
image_708.png,a photo of a man in a brown jacket talking to another person,,,,,,,,,,,,,
image_709.jpg,a photo of two men with their hands in the air,,,,,,,,,,,,,
image_71.jpg,"a photo of the lord and his wife with text that reads, ` ' don ' t",,,,,,,,,,,,,
image_710.jpg,a photo of a man and woman dancing together,,,,,,,,,,,,,
image_711.png,a photo of a man wearing a santa hat,,,,,,,,,,,,,
image_712.jpg,a photo of a man and woman talking to each other people,,,,,,,,,,,,,
image_713.png,"a photo of a woman with the capt that reads, when i ' m ' d you could ' t",,,,,,,,,,,,,
image_714.png,a photo of a man and woman sitting on a couch,,,,,,,,,,,,,
image_715.jpg,a photo of two people in a kitchen,,,,,,,,,,,,,
image_716.jpg,a photo of a man and woman talking to each other people,,,,,,,,,,,,,
image_717.jpg,"a photo of two men in suits, one is kissing and the other is laughing",,,,,,,,,,,,,
image_718.png,a photo of a man and woman in a kitchen,,,,,,,,,,,,,
image_719.png,a photo of a man talking to another man in a kitchen,,,,,,,,,,,,,
image_72.jpg,a photo of a man standing in the middle of the street,,,,,,,,,,,,,
image_720.jpg,a photo of a group of people standing in a room,,,,,,,,,,,,,
image_721.jpg,"a photo of a man in a white shirt with the capt that reads, ` ` ' what i hate",,,,,,,,,,,,,
image_722.jpg,a photo of two men sitting in front of a laptop,,,,,,,,,,,,,
image_723.png,a photo of a man in a suit and tie with a quote on it,,,,,,,,,,,,,
image_724.png,a photo of a man and woman talking to each other people,,,,,,,,,,,,,
image_725.png,a photo of two louds in front of a building,,,,,,,,,,,,,
image_726.png,a photo of a woman and a man in a room,,,,,,,,,,,,,
image_727.jpg,"a photo of a man and woman sitting on a couch with the capt that reads, you didn ' t",,,,,,,,,,,,,
image_728.png,a photo of a man in a blue shirt talking to another man,,,,,,,,,,,,,
image_729.png,a photo of two men wearing birthday hats,,,,,,,,,,,,,
image_73.png,"a photo of a man in a black hoodie, with the capt that reads, when you ' re",,,,,,,,,,,,,
image_730.png,a photo of a man with six different faces,,,,,,,,,,,,,
image_731.png,a photo of a man and woman hugging each other people,,,,,,,,,,,,,
image_732.jpg,a photo of a man with a gun in his hand,,,,,,,,,,,,,
image_733.jpg,a photo of a man with long hair wearing a cowboy hat,,,,,,,,,,,,,
image_734.jpg,a photo of a man giving the thumbs,,,,,,,,,,,,,
image_735.jpg,a photo of a man with a gun in his hand,,,,,,,,,,,,,
image_736.jpg,a photo of a man with a gun in his hand,,,,,,,,,,,,,
image_737.jpg,a photo of a man sitting in a chair,,,,,,,,,,,,,
image_738.jpg,a photo of a man in a red and yellow shirt with the words i can play between ' s no,,,,,,,,,,,,,
image_739.jpeg,a photo of a man talking on the phone,,,,,,,,,,,,,
image_74.jpg,a photo of the avengers avengers memes,,,,,,,,,,,,,
image_740.jpg,a photo of a man with a gun in his hand,,,,,,,,,,,,,
image_741.jpg,a photo of a man with long hair and beards,,,,,,,,,,,,,
image_742.jpg,a photo of a man with a smile on his face,,,,,,,,,,,,,
image_743.jpg,a photo of a man in a suit and tie laughing,,,,,,,,,,,,,
image_744.jpg,a photo of a man holding two guns,,,,,,,,,,,,,
image_745.jpg,a photo of a man with no shirt on,,,,,,,,,,,,,
image_746.png,a photo of a man in a military uniform,,,,,,,,,,,,,
image_747.jpg,a photo of a man in a suit with the words chuck norris died but it ' s alright now,,,,,,,,,,,,,
image_748.jpg,a photo of a man in a black shirt,,,,,,,,,,,,,
image_749.jpg,a photo of a man in military uniform looking at the camera,,,,,,,,,,,,,
image_75.jpg,"a photo of a man in a spider suit with the capt that reads, when it ' s your movie",,,,,,,,,,,,,
image_750.jpg,a photo of an older man in military uniform,,,,,,,,,,,,,
image_751.jpg,a photo of a man in a suit and tie holding a boxing ring,,,,,,,,,,,,,
image_752.png,a photo of a man with a thumbs up,,,,,,,,,,,,,
image_753.jpg,a photo of two large rocks in the ocean,,,,,,,,,,,,,
image_754.jpg,a photo of a man with no shirt in the middle of his body,,,,,,,,,,,,,
image_755.jpg,a photo of a man wearing a cowboy hat,,,,,,,,,,,,,
image_756.jpg,a photo of a man holding two guns,,,,,,,,,,,,,
image_757.jpg,a photo of a man wearing a cowboy hat,,,,,,,,,,,,,
image_758.PNG,a photo of a man giving the thumbs,,,,,,,,,,,,,
image_759.jpg,a photo of a man in the woods with a quote on it,,,,,,,,,,,,,
image_76.png,a photo of captain america and hawke ' s shield,,,,,,,,,,,,,
image_760.jpg,a photo of a man climbing on a rock,,,,,,,,,,,,,
image_761.png,a photo of a man pointing a gun at a car,,,,,,,,,,,,,
image_762.JPG,a photo of a man holding two guns,,,,,,,,,,,,,
image_763.JPG,a photo of a man with a beard and mustache,,,,,,,,,,,,,
image_764.jpg,a photo of a woman with her arms crossed,,,,,,,,,,,,,
image_765.jpg,a photo of a man wearing a cowboy hat,,,,,,,,,,,,,
image_766.jpg,a photo of a man wearing a cowboy hat and holding a gun,,,,,,,,,,,,,
image_767.jpg,a photo of a man wearing a cowboy hat,,,,,,,,,,,,,
image_768.jpg,a photo of a man wearing a cowboy hat,,,,,,,,,,,,,
image_769.jpg,a photo of a man holding two guns,,,,,,,,,,,,,
image_77.jpeg,"a photo of a man in a helmet with the capt that reads, memesing marvel ' s headed",,,,,,,,,,,,,
image_770.jpg,a photo of a man with a goat on his shoulder,,,,,,,,,,,,,
image_771.jpg,a photo of a man wearing a cowboy hat,,,,,,,,,,,,,
image_772.png,"a photo of a toy with the capt that reads, chuck norris ' s dirty stone",,,,,,,,,,,,,
image_773.jpg,a photo of a man in a suit holding a gun,,,,,,,,,,,,,
image_774.jpg,a photo of a man with a beard and an image of the hulk,,,,,,,,,,,,,
image_775.jpg,a photo of a man in a purple shirt,,,,,,,,,,,,,
image_776.jpg,a photo of a man with the capt that says death once had a near - chuck experience,,,,,,,,,,,,,
image_777.jpg,a photo of a man in a black shirt,,,,,,,,,,,,,
image_778.jpg,a photo of a man with his arms crossed,,,,,,,,,,,,,
image_779.jpg,a photo of a man in uniform with an american flag,,,,,,,,,,,,,
image_78.png,a photo of two people talking to each other people,,,,,,,,,,,,,
image_780.jpg,a photo of a man wearing a cowboy hat,,,,,,,,,,,,,
image_781.png,a photo of two trucks driving down the road,,,,,,,,,,,,,
image_782.jpg,a photo of a man with his arms crossed,,,,,,,,,,,,,
image_783.jpg,a photo of a man in a tank top,,,,,,,,,,,,,
image_784.jpg,"a photo of a man with a beard and the capt says, shot down airplane by pointing at and saying",,,,,,,,,,,,,
image_785.png,a photo of a man wearing a cowboy hat,,,,,,,,,,,,,
image_786.png,a photo of a man sitting at a table with his hand up,,,,,,,,,,,,,
image_787.jpg,a photo of a man in a suit and tie,,,,,,,,,,,,,
image_788.jpg,a photo of a man holding a gun,,,,,,,,,,,,,
image_789.jpeg,a photo of a man holding a dog,,,,,,,,,,,,,
image_79.jpg,a photo of a man holding a gun and pointing at the camera,,,,,,,,,,,,,
image_790.jpg,"a photo of a smiling person with the capt that says, ` ` ' oh, you mean mech",,,,,,,,,,,,,
image_791.jpg,"a photo of a man in an office with the capt that reads, ` ' chuck norriss??",,,,,,,,,,,,,
image_792.png,"a photo of a person standing in front of an audience with the capt that reads, ` ' no hate",,,,,,,,,,,,,
image_793.jpg,a photo of a man with his feet in the air,,,,,,,,,,,,,
image_794.png,a photo of a man in a suit holding a wine glass,,,,,,,,,,,,,
image_795.jpg,a photo of a child in a car with the capt that says it ' s my daughter,,,,,,,,,,,,,
image_796.png,a photo of a man in armor with the capt that says when he ' s going to sleep,,,,,,,,,,,,,
image_797.png,"a photo of a man with long hair, wearing a hat and looking at the camera",,,,,,,,,,,,,
image_798.jpg,a photo of a man with white paint on his face,,,,,,,,,,,,,
image_799.jpg,a photo of a man in a maroon shirt,,,,,,,,,,,,,
image_8.jpg,a photo of a fox sitting on a chair,,,,,,,,,,,,,
image_80.jpg,a photo of a person sitting on the ground,,,,,,,,,,,,,
image_800.png,a photo of an old man in a suit and tie,,,,,,,,,,,,,
image_801.jpg,a photo of a man with his head in his hands,,,,,,,,,,,,,
image_802.jpg,"a photo of a man in a suit and tie, surrounded by reporters",,,,,,,,,,,,,
image_803.jpg,a photo of a man with a mustache and a picture of an older man in uniform,,,,,,,,,,,,,
image_804.jpg,a photo of a man in a car with a hat and sunglasses,,,,,,,,,,,,,
image_805.jpeg,a photo of a cartoon with the capt that says it ' s on,,,,,,,,,,,,,
image_806.jpeg,a photo of a person on a horse,,,,,,,,,,,,,
image_807.jpg,a photo of a quote that says country music taught how i should,,,,,,,,,,,,,
image_808.jpg,a photo of president person talking on the phone,,,,,,,,,,,,,
image_809.jpg,"a photo of two people walking down the road with text that reads, i don ' t perfect relationship just",,,,,,,,,,,,,
image_81.jpg,a photo of a man with glasses and a woman in the background,,,,,,,,,,,,,
image_810.jpg,a photo of a man sitting on a bench with the capt in the middle,,,,,,,,,,,,,
image_811.jpg,a photo of a group of men drinking wine,,,,,,,,,,,,,
image_812.jpg,a photo of a man in a red shirt pointing at the camera,,,,,,,,,,,,,
image_813.jpg,a photo of a man with long hair and beards,,,,,,,,,,,,,
image_814.jpg,a photo of a man in a hat with an american flag behind him,,,,,,,,,,,,,
image_815.jpeg,a photo of a woman holding a glass with the words what people do on weekends,,,,,,,,,,,,,
image_816.jpg,a photo of two women and a man on a bicycle,,,,,,,,,,,,,
image_817.jpg,a photo of a car stuck in the mud,,,,,,,,,,,,,
image_818.jpg,a photo of a man in a cowboy hat,,,,,,,,,,,,,
image_819.jpg,a photo of two men in suits and hats,,,,,,,,,,,,,
image_82.jpg,"a photo of captain america with the capt that reads, i can do this day",,,,,,,,,,,,,
image_820.jpg,a photo of a man with a guitar,,,,,,,,,,,,,
image_821.jpg,a photo of a woman sitting at a table,,,,,,,,,,,,,
image_822.jpg,a photo of a group of women sitting on the ground,,,,,,,,,,,,,
image_823.jpg,a photo of a man in a white sweater looking at the camera,,,,,,,,,,,,,
image_824.jpg,a photo of the earth with text that reads if country lives in the same place and country where do they,,,,,,,,,,,,,
image_825.jpg,a photo of a man with long hair and beards talking on the phone,,,,,,,,,,,,,
image_826.jpg,a photo of a man in a plaid shirt and cap,,,,,,,,,,,,,
image_827.jpg,a photo of president obama giving a speech,,,,,,,,,,,,,
image_828.jpg,"a photo of a cartoon character sitting on a couch with the capt that reads, when you ' reting",,,,,,,,,,,,,
image_829.jpg,a photo of an old man with the words back in my day,,,,,,,,,,,,,
image_83.png,a photo of a man in a red coat looking at the camera,,,,,,,,,,,,,
image_830.jpg,a photo of a man in a car with the capt that says we got to her this pony country,,,,,,,,,,,,,
image_831.jpg,a photo of a man in a red shirt pointing at something,,,,,,,,,,,,,
image_832.jpg,a photo of a man with a long beard,,,,,,,,,,,,,
image_833.jpg,"a photo of a man in sunglasses with the capt that reads, what if i told you?",,,,,,,,,,,,,
image_834.jpg,a photo of one does to simy into birmingham,,,,,,,,,,,,,
image_835.jpg,a photo of one does not simply like wayn ' s,,,,,,,,,,,,,
image_836.jpeg,a photo of a man with a beard that says we all make mistakes,,,,,,,,,,,,,
image_837.jpg,a photo of a man wearing a cowboy hat,,,,,,,,,,,,,
image_838.jpg,a photo of a man in a suit holding an award,,,,,,,,,,,,,
image_839.jpg,a photo of two people sitting around a fire,,,,,,,,,,,,,
image_84.png,a photo of a group of superheros with the capt that reads x - men vs avengers movie,,,,,,,,,,,,,
image_840.jpg,a photo of two men fighting in the middle ages,,,,,,,,,,,,,
image_841.jpg,a photo of a man with glasses on,,,,,,,,,,,,,
image_842.jpg,a photo of a man with a funny expression on his face,,,,,,,,,,,,,
image_843.png,"a photo of president donald and the capt that reads, i ' m going to keep radical",,,,,,,,,,,,,
image_844.jpg,a photo of a man in a black shirt with the words ' more country music? ',,,,,,,,,,,,,
image_845.jpg,a photo of a monkey on the beach,,,,,,,,,,,,,
image_846.jpg,a photo of a man playing a guitar,,,,,,,,,,,,,
image_847.jpg,a photo of a man sitting at a table,,,,,,,,,,,,,
image_848.png,a photo of a man with a beard and sunglasses,,,,,,,,,,,,,
image_849.png,a photo of a man wearing a cowboy hat and jeans,,,,,,,,,,,,,
image_85.jpg,a photo of a bride and groom walking down the aisle at a wedding,,,,,,,,,,,,,
image_850.png,a photo of a cat looking up at the camera,,,,,,,,,,,,,
image_851.jpg,a photo of the face of a woman with her mouth open and the words west virginia on it,,,,,,,,,,,,,
image_852.jpg,a photo of a person riding an atv in the woods,,,,,,,,,,,,,
image_853.jpg,a photo of a man sitting on a bench with the capt that says i don ' t to country music,,,,,,,,,,,,,
image_854.jpg,a photo of a man holding a fish,,,,,,,,,,,,,
image_855.png,a photo of a man singing into a microphone,,,,,,,,,,,,,
image_856.jpg,a photo of a man standing next to a tree,,,,,,,,,,,,,
image_857.jpg,"a photo of a young man with the capt that reads, ` ` '",,,,,,,,,,,,,
image_858.jpg,a photo of a football player with a happy birthday message,,,,,,,,,,,,,
image_859.jpg,a photo of the president giving a thumbs gesture,,,,,,,,,,,,,
image_86.jpg,"a photo of a man in a suit and bow tie, with the capt that reads ` the girl that stole my box '",,,,,,,,,,,,,
image_860.jpg,a photo of a man wearing a cowboy hat,,,,,,,,,,,,,
image_861.jpg,a photo of a man with the words who would win?,,,,,,,,,,,,,
image_862.jpg,a photo of a man wearing a cowboy hat and glasses,,,,,,,,,,,,,
image_863.png,a photo of a man holding a cell phone,,,,,,,,,,,,,
image_864.jpg,a photo of a person sitting in a chair with a guitar,,,,,,,,,,,,,
image_865.jpg,a photo of a young boy with the capt that reads bye county shock,,,,,,,,,,,,,
image_866.jpg,a photo of a man with long hair and beards,,,,,,,,,,,,,
image_867.jpg,a photo of a man sitting in a chair,,,,,,,,,,,,,
image_868.jpg,a photo of a man wearing a cowboy hat,,,,,,,,,,,,,
image_869.jpg,a photo of a woman in an orange jacket,,,,,,,,,,,,,
image_87.jpg,a photo of a baby in a suit and bow tie,,,,,,,,,,,,,
image_870.jpg,"a photo of a man in a suit and bow tie, with the capt that reads, ' other people",,,,,,,,,,,,,
image_871.png,a photo of two women and a man wearing sunglasses,,,,,,,,,,,,,
image_872.jpg,a photo of a bear sitting in the grass with its mouth open,,,,,,,,,,,,,
image_873.jpg,a photo of a couple dancing in the woods,,,,,,,,,,,,,
image_874.jpg,a photo of two men holding torches in their hands,,,,,,,,,,,,,
image_875.png,a photo of a man in a cowboy hat singing into a microphone,,,,,,,,,,,,,
image_876.png,a photo of donald and hillary on the same page,,,,,,,,,,,,,
image_877.png,a photo of a person holding a clock,,,,,,,,,,,,,
image_878.png,a photo of a young boy smiling for the camera,,,,,,,,,,,,,
image_879.png,a photo of north korean leader kim jong,,,,,,,,,,,,,
image_88.jpg,a photo of a man in a trench coat pointing at the camera,,,,,,,,,,,,,
image_880.png,a photo of a man in a suit and tie standing next to a brick wall,,,,,,,,,,,,,
image_881.png,a photo of a man playing a guitar,,,,,,,,,,,,,
image_882.jpg,a photo of a man with no shirt on,,,,,,,,,,,,,
image_883.jpg,a photo of a man wearing a cowboy hat,,,,,,,,,,,,,
image_884.png,a photo of two men laughing at each other man,,,,,,,,,,,,,
image_885.png,a photo of a man wearing a cowboy hat,,,,,,,,,,,,,
image_886.png,a photo of a woman with long black hair,,,,,,,,,,,,,
image_887.jpg,a photo of a man in a baseball hat and sunglasses,,,,,,,,,,,,,
image_888.png,a photo of a man in a suit with his arms crossed,,,,,,,,,,,,,
image_889.jpg,"a photo of a man in a black hoodie with text that reads, ` you country? '",,,,,,,,,,,,,
image_89.jpg,a photo of a baby in a wedding dress,,,,,,,,,,,,,
image_890.jpg,a photo of a person jumping in the air,,,,,,,,,,,,,
image_891.jpg,a photo of a cartoon character holding a plate of food,,,,,,,,,,,,,
image_892.jpg,a photo of a dead deadpool with text that reads i know what everyone is doing,,,,,,,,,,,,,
image_893.jpg,a photo of the character person in deadpool,,,,,,,,,,,,,
image_894.jpg,"a photo of a dead deadpool with the capt that reads, this can fly but i ' m head",,,,,,,,,,,,,
image_895.png,a photo of a dead deadpool with a knife in his hand,,,,,,,,,,,,,
image_896.jpg,a photo of a person on a horse with fire in the background,,,,,,,,,,,,,
image_897.jpg,a photo of two dead deadpools with guns in their hands,,,,,,,,,,,,,
image_898.jpeg,"a photo of a man in a bar with the capt that says, so, who is love?",,,,,,,,,,,,,
image_899.jpg,a photo of a dead deadpool with a gun,,,,,,,,,,,,,
image_9.jpg,"a photo of a woman with the capt that reads, ' i am so i ' m '",,,,,,,,,,,,,
image_90.jpg,a photo of a person sleeping on a couch,,,,,,,,,,,,,
image_900.jpg,a photo of deadpool with the capt that reads to get stone you must,,,,,,,,,,,,,
image_901.jpg,a photo of a comic character riding on a horse,,,,,,,,,,,,,
image_902.jpg,a photo of dead deadpool with a gun in his hand,,,,,,,,,,,,,
image_903.jpg,"a photo of a dead deadpool with the capt that reads, eat snicks better",,,,,,,,,,,,,
image_904.png,"a photo of deadpools with the capt that reads, i am deathloke",,,,,,,,,,,,,
image_905.jpg,a photo of an older man in a deadpool suit,,,,,,,,,,,,,
image_906.jpg,"a photo of two people dressed as deadpools with the capt that reads, when you can ' t",,,,,,,,,,,,,
image_907.jpg,a photo of a cartoon character and a comic character,,,,,,,,,,,,,
image_908.png,a photo of thor and loki in the avengers movie,,,,,,,,,,,,,
image_909.jpg,a photo of a dead deadpool with the capt that says they ' re,,,,,,,,,,,,,
image_91.jpg,a photo of a man in a tuxed suit,,,,,,,,,,,,,
image_910.jpeg,"a photo of a dead deadpool with the capt that says, they ' re your first shot",,,,,,,,,,,,,
image_911.jpg,a photo of a comic book cover with a dead dead spider,,,,,,,,,,,,,
image_912.jpg,"a photo of a dead deadpool with the capt that reads, i approve you with and pancakes",,,,,,,,,,,,,
image_913.png,a photo of deadpool with the capt that reads dead pool in the background,,,,,,,,,,,,,
image_914.jpg,a photo of batman and catwoman in front of a fireplace,,,,,,,,,,,,,
image_915.jpg,a photo of spider and deadpool kissing,,,,,,,,,,,,,
image_916.jpg,a photo of a spider and a dead spider,,,,,,,,,,,,,
image_917.jpg,"a photo of deadpool with the capt that reads, that moment",,,,,,,,,,,,,
image_918.jpg,a photo of a dead deadpool with the capt that says do you see this??,,,,,,,,,,,,,
image_919.png,"a photo of a man in the middle of the city with a capt that reads, i ' m o",,,,,,,,,,,,,
image_92.jpg,a photo of a baby with the capt that says you mean to tell me,,,,,,,,,,,,,
image_920.png,a photo of a man with long hair and beards holding a sword,,,,,,,,,,,,,
image_921.jpg,a photo of a dead deadpool with the capt that says if you don ' t,,,,,,,,,,,,,
image_922.png,"a photo of a dead deadpool with the capt that reads ahh, yes wat i ' m to",,,,,,,,,,,,,
image_923.png,a photo of spider and deadpool kissing in front of a building,,,,,,,,,,,,,
image_924.jpg,a photo of deadpool sitting on a throne,,,,,,,,,,,,,
image_925.jpg,"a photo of spider and deadpool with the capt that reads, my puns are better okay",,,,,,,,,,,,,
image_926.png,"a photo of a cartoon character with a capt that reads, not sure to be the ranger",,,,,,,,,,,,,
image_927.jpg,"a photo of a cartoon character with the capt that reads, ` you have your own '",,,,,,,,,,,,,
image_928.png,"a photo of spider and deadpools with the capt that reads, i can see what they ' re",,,,,,,,,,,,,
image_929.jpg,a photo of a dead deadpool with the capt that says it ' s dead and this is my costume,,,,,,,,,,,,,
image_93.jpg,a photo of a baby in a tuxed suit,,,,,,,,,,,,,
image_930.jpg,a photo of dead deadpool with a quote on it,,,,,,,,,,,,,
image_931.jpg,a photo of two people sitting in front of a fire,,,,,,,,,,,,,
image_932.png,a photo of deadpool with the capt,,,,,,,,,,,,,
image_933.jpg,a photo of a red background with the words keep calm and do it ' s not enough,,,,,,,,,,,,,
image_934.jpg,a photo of the avengers movie characters,,,,,,,,,,,,,
image_935.jpg,a photo of a man in a suit holding a gun,,,,,,,,,,,,,
image_936.jpg,a photo of two men in suits talking to each other man,,,,,,,,,,,,,
image_937.jpg,a photo of a man in sunglasses talking to another man,,,,,,,,,,,,,
image_938.jpg,a photo of a man in a suit holding a wine glass,,,,,,,,,,,,,
image_939.jpg,a photo of a man with an oscar statue in the background,,,,,,,,,,,,,
image_94.jpg,a photo of a baby in a car seat,,,,,,,,,,,,,
image_940.jpg,a photo of a man in a suit holding a glass,,,,,,,,,,,,,
image_941.jpg,a photo of a man with long hair and a black shirt,,,,,,,,,,,,,
image_942.jpg,"a photo of a man with a beard and a quote that reads, the academy has never been",,,,,,,,,,,,,
image_943.jpg,a photo of a man holding a wine glass,,,,,,,,,,,,,
image_944.jpg,a photo of a man sitting in an office,,,,,,,,,,,,,
image_945.png,a photo of leonardo ' s face with the capt that reads when you can ' t get,,,,,,,,,,,,,
image_946.jpg,a photo of a man in a suit holding a gun,,,,,,,,,,,,,
image_947.jpg,a photo of two men sitting at a table,,,,,,,,,,,,,
image_948.jpg,a photo of a man in a suit holding a glass,,,,,,,,,,,,,
image_949.png,a photo of two people on a city street,,,,,,,,,,,,,
image_95.jpg,a photo of a woman with glasses and the words i ' m triggered,,,,,,,,,,,,,
image_950.jpeg,a photo of a man in a suit speaking into a microphone,,,,,,,,,,,,,
image_951.jpg,"a photo of two men sitting at a table, one is talking to the other man",,,,,,,,,,,,,
image_952.jpg,a photo of a man in a suit holding a drink,,,,,,,,,,,,,
image_953.jpg,a photo of a man in a suit holding a microphone,,,,,,,,,,,,,
image_954.jpg,a photo of a man in a suit and bow tie,,,,,,,,,,,,,
image_955.jpg,a photo of a man in a white tank top,,,,,,,,,,,,,
image_956.png,"a photo of two comics, one with a comic strip and the other with an image of a sun",,,,,,,,,,,,,
image_957.png,a photo of a man in a suit and bow tie,,,,,,,,,,,,,
image_958.jpg,a photo of a man in a suit next to a deadpool,,,,,,,,,,,,,
image_959.png,a photo of a man and woman in a car,,,,,,,,,,,,,
image_96.jpg,a photo of a baby in a tuxed tux,,,,,,,,,,,,,
image_960.jpe,a photo of a man in a suit running next to an oscar statue,,,,,,,,,,,,,
image_961.jpg,a photo of a man in a suit holding a gun,,,,,,,,,,,,,
image_962.jpg,a photo of a young boy in a military uniform,,,,,,,,,,,,,
image_963.png,a photo of a man holding a wine glass,,,,,,,,,,,,,
image_964.png,"a photo of the mona mona ' s face with text that reads, ` did you know? leonardo did",,,,,,,,,,,,,
image_965.jpg,a photo of a man talking on the phone,,,,,,,,,,,,,
image_966.jpg,a photo of two gold statues in the dark,,,,,,,,,,,,,
image_967.jpg,a photo of a man holding a gun in his hand,,,,,,,,,,,,,
image_968.jpg,a photo of a man in a black jacket and white shirt,,,,,,,,,,,,,
image_969.jpg,a photo of a man in a suit and tie,,,,,,,,,,,,,
image_97.jpg,a photo of a baby in a bathtub,,,,,,,,,,,,,
image_970.png,"a photo of a man and woman with the capt that says, ` ` '",,,,,,,,,,,,,
image_971.png,a photo of a man in a suit and tie with his arms outstretched,,,,,,,,,,,,,
image_972.jpg,a photo of a man with a smile on his face,,,,,,,,,,,,,
image_973.jpg,a photo of a man standing in front of an audience,,,,,,,,,,,,,
image_974.jpg,a photo of a man sitting at a table with the capt that reads i don ' t always make movies,,,,,,,,,,,,,
image_975.jpg,a photo of a man in a suit and tie,,,,,,,,,,,,,
image_976.png,a photo of a man in a suit and tie holding a knife,,,,,,,,,,,,,
image_977.png,a photo of a man sitting on a chair,,,,,,,,,,,,,
image_978.png,a photo of a bird in the grass,,,,,,,,,,,,,
image_979.png,"a photo of an image of a man in a suit and tie, with the capt that reads johnny de",,,,,,,,,,,,,
image_98.jpg,a photo of a little boy in a suit and tie,,,,,,,,,,,,,
image_980.png,a photo of a man in a suit and tie,,,,,,,,,,,,,
image_981.jpg,a photo of a bear sitting on a bench,,,,,,,,,,,,,
image_982.jpg,a photo of a man swimming in the ocean,,,,,,,,,,,,,
image_983.jpg,a photo of two people sitting on the ground,,,,,,,,,,,,,
image_984.png,a photo of a man with four different faces,,,,,,,,,,,,,
image_985.jpg,"a photo of a man in a suit and tie with the capt that reads, ` ' i ' m",,,,,,,,,,,,,
image_986.png,a photo of four men with different facial expressions,,,,,,,,,,,,,
image_987.jpg,"a photo of a man in a suit and bow tie with the capt that reads, when you ' re",,,,,,,,,,,,,
image_988.jpg,a photo of a man holding a bottle of beer,,,,,,,,,,,,,
image_989.png,a photo of a man laying on the ground,,,,,,,,,,,,,
image_99.png,"a photo of a man and woman on a bed with the capt that reads, if i can ' t",,,,,,,,,,,,,
image_990.jpg,a photo of a man wearing a suit and tie,,,,,,,,,,,,,
image_991.png,a photo of a man in a blue jacket,,,,,,,,,,,,,
image_992.png,a photo of a man with long hair and blue eyes,,,,,,,,,,,,,
image_993.jpg,a photo of an old man with a long beard,,,,,,,,,,,,,
image_994.jpg,a photo of two men sitting in chairs talking,,,,,,,,,,,,,
image_995.jpeg,a photo of a man in a suit holding an oscar award,,,,,,,,,,,,,
image_996.jpg,a photo of a man in a suit holding a wine glass,,,,,,,,,,,,,
image_997.jpg,a photo of leonardo and leonardo at the goldens,,,,,,,,,,,,,
image_998.jpg,a photo of a bunch of people holding oscars,,,,,,,,,,,,,
image_999.png,a photo of a man in a suit holding a gun and pointing at the camera,,,,,,,,,,,,,
